Load More,Xem thêm
Cancelling documents,Đang hủy bỏ
Cancel All,Hủy bỏ tất cả
Do you want to cancel all linked documents?,Bạn chắc chắn muốn hủy bỏ toàn bộ bản ghi liên quan?
{0} {1} is linked with the following submitted documents:,{0} {1} đang được liên kết với các bản ghi khác:
Cancel All Documents,Hủy bỏ toàn bộ bản ghi
Select or drag across time slots to create a new event.,_
ToDo,Ghi chú
Task,Việc
Holiday List,Danh sách ngày nghỉ
Event,Sự kiện
{0} Calendar,Lịch {0}
August,Tháng 8
Hide Weekends,Ẩn cuối tuần
Day,Ngày
Week,Tuần
Month,Tháng
Stock Ledger Custom 2,Sổ cái
Not Started,Chưa bắt đầu
Invalid Quantity,Số lượng không hợp lệ
Row #{0}: Quantity for Item {1} cannot be zero.,Dòng #{0}: Số lượng mặt hàng {1} phải lớn hơn 0.
Stock UOM,Đơn vị tồn kho
Shift Handover,Biên bản giao ca
Custom Supplier,Nhà cung cấp
Export Report:,Xuất báo cáo:
Portrait,Chiều dọc
Landscape,Chiều ngang
Orientation,In theo kiểu
With Letter head,Đính kèm tiêu đề
Totals,Tổng kết
Image View,Xem kiểu ảnh
New Report name,Tên báo cáo mới
Save As,Lưu thành
Toggle Chart,Tạo biểu đồ
Show Totals,Tổng kết báo cáo
Pick Columns,Chọn cột
Average,Trung bình
Sum,Tổng
Count,Đếm
Select Group By...,Gộp nhóm theo...
Report:,Báo cáo:
Remove column,Xóa cột
Reset sorting,Đặt lại sắp xếp
Add Group,Thêm nhóm
Stock Ledger Custom,Báo cáo nhập xuất kho
Cannot cancel {0}.,Không thể hủy bỏ {0}
Cancel {0} documents?,Hủy bỏ {0} bản ghi?
Cancel 1 documents?,Hủy bỏ 1 bản ghi?
Delete comment?,Xóa bình luận?
Get notified when an email is received on any of the documents assigned to you.,Bạn sẽ nhận được thông báo khi có email gửi đến bất kỳ tài liệu nào được phân công cho bạn.
System Notifications,Thông báo hệ thống
Event Reminders,Nhắc nhở về sự kiện
Document Share,Chia sẻ tài liệu
Email Threads on Assigned Document,Trao đổi email về tài liệu được giao
Assignments,Phân công
Mentions,Đề cập
Enable Email Notifications,Bật thông báo qua Email
Email Settings,Cài đặt Email
Open Documents,Chọn tài liệu
There is nothing new to show you right now.,Hiện chưa có cập nhật mới
Nothing New,Chưa có gì mới
There are no upcoming events for you.,Hiện chưa có sự kiện mới nào
No Upcoming Events,Không có sự kiện mới
Notifications,Thông báo
Events,Sự kiện
What's New,Cập nhật mới
No New notifications,Chưa có thông báo
Looks like you haven’t received any notifications.,Bạn chưa nhận được thông báo mới nào
No permission for {0},Không được truy cập chức năng {0}
User {0} does not have doctype access via role permission for document {1},Người dùng {0} không có quyền truy cập {1}
{0} {1}: Submitted Record cannot be deleted. You must {2} Cancel {3} it first.,"{0} {1}: Bản ghi đã duyệt không thể bị xóa, vui lòng {2} hủy bỏ {3} nó trước"
1 hour ago,1 giờ trước
Unfollow,Dừng theo dõi
Send,Gửi
Add Attachment,Thêm file đính kèm
Select Attachments,Chọn file đính kèm
Attach Document Print,Đính kèm bản in tài liệu
Send Read Receipt,Thông báo lại nếu người nhận đã đọc
Send me a copy,Gửi tôi bản sao
Subject,Tiêu đề
Would you like to unpublish this comment? This means it will no longer be visible to website/portal users.,Bạn có muốn gỡ đăng bình luận này không? Điều đó có nghĩa là bình luận sẽ không còn công khai trên website nữa
Copied to clipboard.,Đã sao chép vào Clipboard
Unpublish,Ngừng đăng tải
You,Bạn
commented,đã bình luận
You commented,Bạn đã bình luận
{0} commented,{0} đã bình luận
Published,Đã đăng tải
Would you like to publish this comment? This means it will become visible to website/portal users.,Bạn có muốn đăng bình luận này không? Ai cũng sẽ xem được bình luận của bạn trên Website
Publish,Đăng tải công khai
Copy Link,Sao chép Link
Dismiss,Bỏ qua
Show all activity,Tất cả hoạt động
Added {0} ({1}),Đã thêm {0} ({1})
Added,Đã thêm
Set Quantity,Chọn số lượng
More,Thêm
You can use wildcard %,Bạn có thể sử dụng ký tự đại diện %
Beginning with,Bắt đầu với
Select {0},Chọn {0}
WWO Plan,Phương án KHSX
1 week ago,1 tuần trước
{0} weeks ago,{0} tuần trước
{0} week ago,{0} tuần trươc
{0} created this,{0} tạo ra bản ghi này
{0} days ago,{0} ngày trước
New Event,Thêm sự kiện
from {0} to {1},từ {0} sang {1}
{0} changed the value of {1},{0} đã thay đổi giá trị của {1}
You changed the value of {0},Bạn đã thay đổi giá trị của {0}
User ID,ID Người dùng
"System User (login) ID. If set, it will become default for all HR forms.",Ánh xạ thông tin nhân viên với ID người dùng hệ thống
Workstation or Workstation Type is mandatory for an operation {0},Bắt buộc phải nhập Thiết bị hay Loại thiết bị cho công đoạn {0}
Item Balance Custom,Tồn kho
Set Chart,Tạo biểu đò
Create Card,Tạo thẻ
Setup Auto Email,Thiết lập Email tự động
Add Column,Thêm cột
Remove Column,Xóa cột
Reset Sorting,Xóa sắp xếp
Sort Descending,Sắp xếp giảm dần
Sort Ascending,Sắp xếp tăng dần
Item Balance (Simple),Danh sách tồn kho,
Item Balance, Tồn kho
Balance Qty,SL tồn kho
Include UOM,Bao gồm đơn vị
Voucher #,Mã chứng từ gốc
"For comparison, use >5, <10 or =324. For ranges, use 5:10 (for values between 5 & 10).","Để so sánh, sử dụng >5, <10 hoặc =324. Để chỉ khoảng giá trị, dùng 5:10 (cho các giá trị nằm giữa 5 và 10)."
Execution Time: {0} sec,Thời gian tính toán: {0} giây
Segregate Serial / Batch Bundle,Phân tách gộp theo số sê-ri / lô hàng
Nothing to show,Chưa có dữ liệu
Posting Time,Thời điểm hạch toán
Failed Transactions,Thao tác đồng thời thất bại
Workflow Status,Trạng thái luồng xét duyệt
Successful Transactions,Thao tác đồng thời thành công
Submitted,Đã duyệt
Error,Lỗi
Amend,Điều chỉnh
Week Work Order,LSX
You do not have enough permissions to access this resource. Please contact your manager to get access.,Bạn không có đủ quyền để truy cập tài nguyên này. Vui lòng liên hệ với quản lý của bạn để được cấp quyền.
Not permitted,Cấm thao tác
Must be a whole number,Phải là số nguyên
{0} record will be exported,Xuất trước {0} bản ghi
Saving,Đang lưu
Next Document,Bản ghi tiếp theo
Previous Document,Bản ghi trước
via {0},thông qua {0}
You created this document {0},Bạn đã tạo bản ghi {0}
Change,Thay đổi
Mobile,SĐT
Back,Quay lại
No further records,Chưa có bản ghi mới
Optimize,Tối ưu
Please select a file first.,Vui lòng chọn file
Unable to load camera,Không thể tải máy ảnh
Show Warnings,Xem cảnh báo
Row {0},Dòng {0}
Value {0} missing for {1},Giá trị {0} đa
The following values are invalid: {0}. Values must be one of {1},Các giá trị sau không hợp lệ: {0}. Giá trị phải là một trong các giá trị sau: {1}
Crop,Cắt
Create New,Tạo mới
Saving Customization...,Đang cập nhật tùy chỉnh...
Downtime Reason,Lý do dừng máy
Now,Hiện tại
Shift,Ca làm việc
Failed to delete 1 documents: {0},Xóa bản ghi {0} không thành công!
Bulk Operation Failed,Thao tác hàng loạt thất bại
,Trống
You changed the value of {0} from {1} to {2},Bạn đã thay đổi giá trị của đối tượng {0} {1} thành {2}
yesterday,hôm qua
Cancelling,Đang hủy
Cancelling {0},Đang hủy {0}
Following fields have missing values:,Các trường sau chưa được điền:
Missing Values Required,Thiếu các giá trị bắt buộc
Unchanged,Không phát hiện thay đổi
Document renaming from {0} to {1} has been queued,Chuẩn bị tiến hành đổi tên bản ghi {0} sang {1}
Document renamed from {0} to {1},Bản ghi đã được đổi tên từ {0} thành {1}
January,Tháng 1
Accountant,Kế toán
Administrative Assistant,Trợ lý hành chính
Administrative Officer,Nhân viên hành chính
Analyst,Nhà phân tích
Associate,Trợ lý / Cộng sự
Business Analyst,Chuyên viên phân tích kinh doanh
Business Development Manager,Quản lý phát triển kinh doanh
Consultant,Tư vấn viên
Chief Executive Officer,Giám đốc điều hành (CEO)
Chief Financial Officer,Giám đốc tài chính (CFO)
Chief Operating Officer,Giám đốc vận hành (COO)
Chief Technology Officer,Giám đốc công nghệ (CTO)
Customer Service Representative,Nhân viên chăm sóc khách hàng
Designer,Nhà thiết kế
Engineer,Kỹ sư
Executive Assistant,Trợ lý điều hành
Finance Manager,Quản lý tài chính
HR Manager,Quản lý nhân sự
Head of Marketing and Sales,Trưởng bộ phận Tiếp thị và Bán hàng
Manager,Quản lý
Managing Director,Giám đốc điều hành
Marketing Manager,Quản lý tiếp thị
Marketing Specialist,Chuyên viên tiếp thị
President,Chủ tịch
Product Manager,Quản lý sản phẩm
Project Manager,Quản lý dự án
Researcher,Nhà nghiên cứu
Sales Representative,Nhân viên kinh doanh
Secretary,Thư ký
Software Developer,Lập trình viên phần mềm
Vice President,Phó Chủ tịch
Expand All,Mở rộng
Collapse All,Thu gọn
{0} Tree,Phân cấp {0}
Today,Hôm nay
Other,Khác
Male,Nam
Female,Nữ
User Details,Chi tiết người dùng
Left,Đã nghỉ việc
Suspended,Bị đình chỉ
Inactive,Không còn làm việc
Active,Hoạt động
Salutation,Danh xưng
Middle Name,Tên đệm
Emergency Phone,SĐT Liên hệ khẩn cấp
Emergency Contact Name,Người liên hệ khẩn cấp
Date of Joining,Ngày gia nhập
Date of Birth,Ngày sinh
Gender,Giới tính
Last Name,Họ
First Name,Tên
Designation,Chức danh
Full Name,Họ và tên
Department,Phòng ban
You've logged in as another user from another tab. Refresh this page to continue using system.,Bạn đã đăng nhập bằng người dùng khác ở một tab khác. Vui lòng tải lại trang để tiếp tục sử dụng hệ thống.
User Changed,Đã phát hiện thay đổi người dùng
Invalid Request,Yêu cầu không hợp lệ
Show Preview,Xem trước
Select a field to edit its properties.,Chọn trường để sửa thuộc tính
Item Name,Tên mặt hàng
Click to sort by {0},Nhấp để sắp xếp theo {0}
The count shown is an estimated count. Click here to see the accurate count.,Số liệu hiển thị chỉ là ước tính. Nhấp vào đây để xem số liệu chính xác.
1 minute ago,1 phút trước
{0} minute ago,{0} phút trước
Open,Đang mở
Scrap Item Code,Mã phụ phẩm
Expected Start Date,Ngày bắt đầu dự kiến
Scheduled Time,Lịch trình thời gian
Completed Qty,SL hoàn thành
Time In Mins,TG theo phút
To Time,TG kết thúc
From Time,TG bắt đầu
Naming Series,Quy tắc đánh số
Calendar View,Xem kiểu lịch
Gantt View,Xem kiểu tiến trình
Loading...,Đang tải...
WIP Warehouse,Kho sản xuất
Current Time,Thời gian hiện tại
Started Time,Thời gian bắt đầu
Job Started,LSX công đoạn đã bắt đầu
Serial No,Số sê-ri
Batch No,Số lô
Serial and Batch Bundle,Gói số sê-ri và lô
Remarks,Ghi chú
Operation ID,Mã công đoạn
Operation Row Number,Số thứ tự công đoạn
Requested Qty,Số lượng được yêu cầu
FG Qty from Transferred Raw Materials,Số lượng thành phẩm từ nguyên vật liệu đã chuyển giao
More Information,Thông tin thêm
For Operation,Áp dụng cho công đoạn
Hour Rate,Đơn giá theo giờ
Is Corrective Job Card,Là LSX công đoạn khắc phục
For Job Card,Cho LSX công đoạn
Corrective Operation,Công đoạn khắc phục
Sub Operations,Công đoạn con
Operation & Workstation,Công đoạn và thiết bị
Expected End Date,Ngày kết thúc dự kiến
Total Completed Qty,Tổng số lượng đã hoàn thành
Posting Date,Ngày hạch toán
Total Time in Mins,Tổng số phút
Time Logs,Nhật ký thời gian
Actual Time,Thời gian thực tế
Scheduled Time Logs,Thời gian làm việc theo lịch trình
Expected Time Required (In Mins),Thời gian dự kiến (phút)
Employee,Nhân viên
{0} items produced,{0} thành phẩm đã sản xuất
Manufacture against Material Request,Sản xuất theo yêu cầu vật tư
Actual Operation Time,Thời gian vận hành thực tế
Actual End Time,Kết thúc thực tế
Actual Start Time,Bắt đầu thực tế
This is a location where scraped materials are stored.,Đây là nơi lưu trữ NVL phế phẩm.
This is a location where final product stored.,Đây là nơi lưu trữ thành phẩm.
This is a location where operations are executed.,Đây là địa điểm thực hiện các công đoạn sản xuất.
This is a location where raw materials are available.,Đây là địa điểm lưu trữ nguyên vật liệu thô.
Check if material transfer entry is not required,Đánh dấu nếu không cần tạo phiếu chuyển NVL
Work-in-Progress Warehouse,Kho sản xuất
Plan material for sub-assemblies,Lập danh sách NVL cho bán thành phẩm
Work Order Item,NVL trong LSX Ca
{0} Fields,DS Trường {0}
Select Fields,Chọn trường
Amount,Thành tiền
Available Qty at WIP Warehouse,SL có sẵn trong kho sản xuất
Available Qty at Source Warehouse,SL có sẵn trong kho xuất
Returned Qty,SL đã hoàn trả
Consumed Qty,SL đã tiêu thụ
Transferred Qty,SL đã vận chuyển
Required Qty,SL yêu cầu
Operation Cost,Chi phí vận hành
Serial No and Batch for Finished Good,Số sê-ri và lô của thành phẩm
Connections,Kết nối
Configuration,Cấu hình
Amended From,Sửa đổi từ
Product Bundle Item,Thành phần trong gói sản phẩm
Production Plan Sub-assembly Item,Bán thành phẩm trong kế hoạch sản xuất
Production Plan Item,Mặt hàng trong kế hoạch sản xuất
Production Plan,Kế hoạch sản xuất
Sales Order Item,Mặt hàng trong đơn bán hàng
Material Request Item,Mặt hàng trong yêu cầu mua hàng
Material Request,Yêu cầu mua hàng
Item Description,Mô tả mặt hàng
More Info,Thông tin thêm
Total Operating Cost,Tổng chi phí vận hành
Corrective Operation Cost,Chi phí cho công đoạn khắc phục
Lead Time,Thời gian thực hiện
Actual End Date,Kết thúc thực tế
Actual Start Date,Bắt đầu thực tế
Additional Operating Cost,Chi phí vận hành bổ sung
Actual Operating Cost,Chi phí vận hành thực tế
Planned Operating Cost,Chi phí vận hành dự kiến
Expected Delivery Date,Ngày giao hàng dự kiến
Planned End Date,Kết thúc dự kiến
Planned Start Date,Bắt đầu dự kiến
Time,Thời gian
Transfer Material Against,Chuyển vật tư theo nguồn gốc
Batch Size,Quy mô lô sản xuất
Scrap Warehouse,Kho phế phẩm
Update Consumed Material Cost In Project,Cập nhật chi phí nguyên vật liệu tiêu thụ vào dự án
Backflush Raw Materials From Work-in-Progress Warehouse,Xả ngược nguyên liệu từ kho đang sản xuất
Skip Material Transfer to WIP Warehouse,Bỏ qua việc chuyển nguyên liệu đến kho sản xuất
Has Batch No,Có số lô
Has Serial No,Có số sê-ri
Use Multi-Level BOM,Sử dụng BOM nhiều cấp
Allow Alternative Item,Cho phép dùng vật tư thay thế
Required Items,Nguyên vật liệu cần thiết
Project,Dự án
Sales Order,Đơn bán hàng
Process Loss Qty,SL hao hụt trong quá trình
BOM No,Công thức sản xuất (BOM)
Disassembled Qty,SL đã tháo rời
Image,Hình ảnh
Manufactured Qty,SL đã sản xuất
Material Transferred for Manufacturing,Nguyên liệu đã chuyển cho sản xuất
Item To Manufacture,Thành phẩm cần sản xuất
Qty To Manufacture,SL cần sản xuất
Are you sure you want to delete the attachment?,Xác nhận xóa file đính kèm?
Loading import file...,Đang xử lý file...
Template Error,Lỗi bản nhập mẫu
Import template should contain a Header and atleast one row.,Mẫu nhập phải chứa Tiêu đề và ít nhất một hàng.
The following values do not exist for {0}: {1},Những giá trị sau: {1} không tồn tại sẵn trong {0}
Column {0},Cột {0}
Skipping Untitled Column,Bỏ qua cột trống
"Successfully imported {0} records out of {1}. Click on Export Errored Rows, fix the errors and import again.","Đã nhập thành công {0} bản ghi trên {1} bản ghi. Bạn có thể nhấn ""Xem bản ghi lỗi"", sau đó sửa lại và nhập mới"
Retry,Thử lại
Export Errored Rows,Xuất dòng bị lỗi
Partial Success,Thành công một phần
Import File Errors and Warnings,Các lỗi và cảnh báo trong quá trình nhập dữ liệu
← Back to upload files,← Quay về phần nạp tài liệu
Asset Category,Nhóm tài sản
Standard Selling Rate,Giá bán tiêu chuẩn
Valuation Rate,Giá gốc
Opening Stock,Hàng tồn đầu kỳ
User Permission,Quyền người dùng
Per Transferred,Tỷ lệ đã chuyển
Is Return,Hàng bị hoàn
Supplier Name,Nhà cung cấp
Purpose,Lý do
"If your data is in HTML, please copy paste the exact HTML code with the tags.","Nếu dữ liệu của bạn được viết bằng HTML, chỉnh sửa và đính kèm toàn bộ thẻ HTML trong văn bản"
Rate,Đơn giá
Add field,Thêm trường
Quality Inspection,Phiếu kiểm tra QC
Is Scrap Item,Là phụ phẩm
Is Finished Item,Là thành phẩm
Target Warehouse,Kho nhập
Source Warehouse,Kho xuất
Search or type a command ({0}),Tìm kiếm hoặc nhập lệnh ({0})
Type a reply / comment,Điền bình luận vào đây
New Email,Email mới
Activity,Hoạt động
Context,Ngữ cảnh
Expand,Mở rộng
Comments,Bình luận
You last edited this,Bạn mới cập nhật văn bản này
You created this,Bạn mới tạo văn bản này
{0} last edited this,{0} mới sửa đổi
{0} hours ago,{0} giờ trước
Translated Text,Văn bản sau dịch
Source Text,Văn bản gốc
Customize Form,Tùy chỉnh biểu mẫu
Are you sure you want to delete page {0}?,Xác nhận xóa trang **{0}**?
Template,Mẫu
Choose a block or continue typing,Chọn một khối chức năng hoặc tiếp tục gõ văn bản
Customizations Discarded,Tùy chỉnh đã bị hủy bỏ
Discard,Hủy chỉnh sửa
cyan,xanh ngọc
darkgrey,xám tối
light-blue,xanh dương nhạt
purple,tím
pink,hồng
red,đỏ
grey,bạc
yellow,vàng
orange,cam
blue,xanh nước biển
green,xanh lá cây
Indicator color,Màu hiển thị
Parent,Cha
Title,Tiêu đề
New Workspace,Không gian làm việc mới
Deleting {0} records...,Đang xóa {0} bản ghi...
Deleting {0}...,Đang xóa {0}...
Deleting {0},Đang xóa {0}
You can disable this {0} instead of deleting it.,Bạn có thể vô hiệu hóa {0} này thay vì xóa nó.
Are you sure you want to clear the assignments?,Xác nhận xóa phân công cho tài liệu này?
Filters {0},Đang lọc {0}
Refreshing,Đang làm mới
Refreshing...,Đang làm mới
Please refresh to get the latest document.,Vui lòng nhấn F5 hoặc Refresh lại tài liệu để cập nhật thay đổi.
Delete {0} items permanently?,Xác nhận xóa {0} bản ghi?
{0} d,{0} ngày trước
{0} h,{0} giờ trước
{0} m,{0} phút trước
Permanently delete {0}?,Xác nhận xóa {0}?
Cannot delete or cancel because {0} {1} is linked with {2} {3} {4},Không thể xóa hay hủy bỏ bởi vì {0} {1} đã liên kết với {2} {3} {4}
Cancelled,Đã hủy bỏ
Permanently Cancel {0}?,Xác nhận hủy bỏ {0}?
Default,Mặc định
Create,Tạo mới
Cancel,Hủy bỏ
New Version,Phiên bản mới
Submit this document to confirm,Xác nhận để chứng từ có hiệu lực
Please select a BOM,Vui lòng chọn CTSX
New BOM,CTSX mới
View List,Xem danh sách
Open Item {0},Mở mặt hàng {0}
Open BOM {0},Mở CTSX {0}
Browse BOM,Duyệt cây CTSX
Update Cost,Cập nhật giá
Permanently Submit {0}?,Xác nhận duyệt {0}?
Include Item In Manufacturing,Bao gồm mặt hàng trong sản xuất
Is Fixed Asset,Là tài sản cố định
Item UOM,Đơn vị mặt hàng
Maintain Stock,Hàng tồn kho
"Mandatory fields required in table {0}, Row {1}","Bạn điền thiếu trường bắt buộc trong bảng {0}, tại dòng {1}"
BOM Operation,Công đoạn theo CTSX
Assign to me,Phân công bản thân
Add to ToDo,Thêm vào Việc cần làm
Can Submit,Có thể xác nhận
Can Share,Có thể chia sẻ
Can Write,Có thể viết
Can Read,Có thể sửa
Share this document with,Chia sẻ tài liệu này với
Everyone,Mọi người
User,Người dùng
Share {0} with,Chia sẻ {0} với
Follow,Theo dõi
{0} day ago,{0} ngày trước
{0} hour ago,{0} hour ago
{0} minutes ago,{0} phút trước
just now,mới đây
No changes in document,Không phát hiện thay đổi tài liệu
Page,Trang
The resource you are looking for is not available,Tài nguyên bạn tìm kiếm hiện đang không có sẵn
{0} {1} not found,Vai trò của bạn hiện bị khóa truy cập {0} {1}
Not found,Không tìm thấy
Print Settings,Cài đặt In
Refresh,Làm mới
Full Page,Xem đầy đủ
Try the new Print Designer,Thử trình in mới
Language,Ngôn ngữ
Off,Tắt
Mandatory fields required in {0},Các trường bắt buộc cần điền trong {0}
Missing Fields,Bạn chưa nhập đủ các trường
UOM Name,Tên đơn vị
{0} Name,Tên {0}
Leaderboard,Bảng xếp hạng
User Settings,Chỉnh sửa tài khoản cá nhân
Edit Profile,Sửa thông tin cá nhân
No activities to show,Chưa có hoạt động nào
Recent Activity,Hoạt động gần đây
Auto,Tự động
All,Tất cả
Last Year,Năm trước
Last Quarter,Quý trước
Last Month,Tháng trước
Last Week,Tuần trước
Monthly,Theo tháng
Weekly,Theo tuần
Daily,Theo ngày
Change User,Đổi người dùng
Overview,Tổng quan
Monthly Rank,Xếp hạng hàng tháng
Rank,Xếp hạng
Review Points,Điểm đánh giá
Energy Points,Điểm năng lượng
Stock Entry Type,Loại phiếu xuất nhập kho
Hide Tags,Ẩn các nhãn
No filters found,Không tìm thấy bộ lọc
Stock Entry,Phiếu nhập xuất kho
Default Target Warehouse,Kho nhập mặc định
Default Source Warehouse,Kho xuất mặc định
{} Draft,{} Nháp
Material Receipt,Nhập kho
{0} Pending,Đang thực hiện
{0} Available,{0} Khả dụng
Stock,Kho
ERPNext Integrations,Chỉnh sửa
Hide,Ẩn
Search or type a command,Tìm kiếm tại đây
{0} of {1},{0} trong {1}
Tree View,Xem kiểu cây
List Settings,Cài đặt danh sách
Toggle Sidebar,Ẩn/hiện thanh bên
Customize,Tùy chỉnh
Role Permissions Manager,Trình quản lý quyền
User Permissions,Quyền người dùng
Kanban View,Xem kiểu Kanban
Dashboard View,Xem kiểu biểu đồ
Report View,Xem kiểu báo cáo
List View,Xem kiểu danh sách
Share,Chia sẻ
No Tags,Không có nhãn
Search,Tìm kiếm
Filter Name,Tên bộ lọc
Save Filter,Lưu bộ lọc
Show Tags,Xem các nhãn
Edit Filters,Sửa bộ lọc
Filter By,Lọc bởi
Assigned To,Phân công tới
Tags,Nhãn
Me,Tôi
Created By,Tạo bởi
Editing {0},Sửa dòng {0}
Editing Row,Sửa dòng
Shortcuts,Phím tắt
Move,Di chuyển
Insert Above,Thêm dòng trên
Insert Below,Thêm dòng dưới
Convert to Group,Chuyển thành nhóm
Disable,Vô hiệu hóa
Deleted all documents successfully,Đã xóa toàn bộ bản ghi
Bulk Operation Successful,Hoàn thành thao tác hàng loạt
Standard,Tiêu chuẩn
No Letterhead,Chưa có tiêu đề văn bản
Background Print (required for >25 documents),In ở chế độ nền (yêu cầu khi >25 bản ghi)
Page Size,Kích thước giấy
Print Format,Định dạng in
Letter Head,Tiêu đề văn bản
Print Documents,In văn bản
Comment,Bình luận
Priority,Độ ưu tiên
Complete By,Hoàn thành bởi
Assign To User Group,Phân công tới nhóm
Add to {0},Thêm vào {0}
Template Warnings,Cảnh báo về mẫu
Template Options,Tùy chỉnh cho mẫu
Submit After Import,Import & Duyệt
Payload Count,Số lượng Payload
Export {0} record,Xuất {0} bản ghi
Update {0} records,Cập nhật {0} bản ghi
You have not entered a value. The field will be set to empty.,Bạn chưa nhập giá trị. Trường hiện tại sẽ được đặt thành trống
Bulk Edit,Chỉnh sửa hàng loạt
Yes,Ok
No,Không
Delete {0} item permanently?,Xác nhận xóa {0} bản ghi?
Confirm,Xác nhận
Add Tags,Thêm nhãn
Apply Assignment Rule,Áp dụng quy tắc phân công
Clear Assignment,Xóa phân công
Assign To,Phân công tới
Edit,Sửa
now,mới đây
{0} items selected,Đang chọn {0} bản ghi
Start Import,Bắt đầu nhập
Reload File,Tải lại File
Success,Thành công
Go to {0} List,Mở danh sách {0}
Successfully imported {0} record.,Nhập thành công {0} bản ghi.
Show Only Failed Logs,Chỉ hiển thị các nhật ký lỗi
Successfully imported {0},Nhập thành công dữ liệu {0}
Message,Thông báo
Row Number,Dòng số
Import Log,Nhật ký nhập
Clear,Gỡ
Map Columns,Ánh xạ cột
Map columns from {0} to fields in {1},Ánh xạ các cột từ {0} tới các trường trong {1}
Preview,Xem trước
Private,Riêng tư
Set all private,Đặt tất cả thành riêng tư
Search by filename or extension,Tìm kiếm theo tên tệp hoặc phần mở rộng
Attachments,Tệp đính kèm
No Images,Không có ảnh
Take Photo,Chụp
Switch Camera,Đổi Camera
Set all public,Đặt tất cả thành công khai
Attach a web link,Đính kèm đường dẫn
Back to upload files,Quay trở lại phần tải file
Camera,Máy ảnh
Link,Đường dẫn
Library,Thư viện
My Device,Thiết bị
Drag and drop files here or upload from,Kéo thả tệp vào đây hoặc lựa chọn tải lên
Upload,Tải lên
Old Parent,Kho cha trước đây
Default In-Transit Warehouse,Kho trung chuyển mặc định
PIN,Mã bưu điện
State/Province,Tỉnh/Thành phố
City,Thành phố
Address Line 2,Địa chỉ 2
Address Line 1,Địa chỉ 1
Mobile No,Số điện thoại
Warehouse Type,Loại nhà kho
Email Address,Địa chỉ Email
Is Rejected Warehouse,Là kho trữ lỗi
Unselect All,Bỏ chọn tất cả
Select Mandatory,Chọn phần bắt buộc
Select All,Chọn tất cả
Select Fields To Insert,Chọn các trường trước khi tiến hành nhập
No records will be exported,Không xuất bất cứ bản ghi nào
{0} records will be exported,Xuất trước {0} bản ghi
No filters selected,Chưa chọn bộ lọc nào
5 Records,5 Bản ghi
Filtered Records,Xuất các bản ghi theo bộ lọc
All Records,Xuất toàn bộ bản ghi
Blank Template,Mẫu file trống
Export Type,Kiểu xuất file
File Type,Loại file
Export Data,Xuất dữ liệu
Or,Hoặc
Must be a publicly accessible Google Sheets URL,Lưu ý: Cần mở chế độ công khai cho đường dẫn file
Import from Google Sheets,Nhập từ file Google Sheets
OR,Hoặc
Attach,Đính kèm
Download Template,Tải bản nhập mẫu
Pending,Đang xử lý
Filters,Lọc
Manufacturing,Sản xuất
Account,Tài khoản
Work Order,LSX ca
Update Existing Records,Cập nhật bản ghi có sẵn (rủi ro ghi đè)
Insert New Records,Nhập bản ghi mới (an toàn)
Don't Send Emails,Không gửi Email
Import File,Nhập File
Import Type,Kiểu nhập
Document Type,Loại văn bản
Data Import,Nhập dữ liệu
Rename,Đổi tên
Delete,Xóa
Production,Đang sản xuất
Enabled,Hoạt động
Login to {0},Đăng nhập vào {0}
Login with Email Link,Đăng nhập với Email
This is a root item group and cannot be edited.,Đây là nhóm mặt hàng gốc và không thể chỉnh sửa.
No {0} found with matching filters. Clear filters to see all {0}.,Không tìm thấy {0} phù hợp với bộ lọc. Hãy xóa bộ lọc để xem tất cả {0}
values separated by commas,"các giá trị được phân cách bằng dấu phẩy (,)"
use % as wildcard,dùng % làm ký tự đại diện
Stock Projected Qty,SL tồn dự kiến
Stock Balance,Tồn kho
Stock Ledger,Sổ kho
Add / Edit Prices,Thêm / Sửa giá
Actions,Hành động
View,Xem
Redo,Redo
Undo,Undo
Remind Me,Nhắc nhở sau
Copy to Clipboard,Chép vào Clipboard
Duplicate,Sao chép
Links,Liên kết
Jump to field,Điều chuyển
Print,In
Saved,Đã lưu thay đổi
{0} updated,Đã cập nhật {0}
Sequence ID,Thứ tự
Nos,Cái
Unit,Đơn vị
Tonne,Tấn
Production Item,Mặt hàng sản xuất
Scrap Items,Phụ phẩm
Scrap & Process Loss,Phụ phẩm & hao hụt
With Operations,Thêm công đoạn sản xuất
Operations,Công đoạn
Items,Mặt hàng
Raw Materials,Nguyên liệu thô
UOM,Đơn vị
Qty,SL
Add Multiple,Thêm nhiều dòng cùng lúc
Quantity of item obtained after manufacturing / repacking from given quantities of raw materials,Số lượng sản phẩm thu được sau khi sản xuất hoặc đóng gói lại từ nguyên vật liệu đầu vào
Item to be manufactured or repacked,Mặt hàng sẽ được sản xuất hoặc đóng gói lại
Operation Time,TG định mức
Routing Name,Tên quy trình sản xuất
Name,Tên
Job Card,LSX Công đoạn
Operation Description,Mô tả công đoạn
Run parallel job cards in a workstation,Số lượng LSX công đoạn xử lý đồng thời
Edit Full Form,Mở mẫu tạo đầy đủ
Cache Cleared,Đã dọn dẹp bộ đệm
Maximum Value,Giá trị tối đa
Minimum Value,Giá trị tối thiểu
No.,STT
Item Quality Inspection Parameter,Danh sách thông số kiểm tra QC
Filters applied for {0},Lọc tìm kiếm theo: {0}
{0} List,Danh sách {0}
Advanced Search,Tìm kiếm nâng cao
Create a new {0},Tạo mới {0}
Quality,Chất lượng
Details,Chi tiết
Disabled,Vô hiệu hóa
Default Unit of Measure,Đơn vị đo chính
Item Code,Mã mặt hàng
Item Group Tree,Cây phân cấp nhóm hàng
Only leaf nodes are allowed in transaction,Chỉ được phép chọn các nút lá trong giao dịch
Update,Cập nhật
Reset to default,Quay về mặc định
Add / Remove Columns,Thêm / Ẩn Cột
Column Width,Độ rộng cột
Fieldname,Tên trường
Configure Columns,Thiết lập hiển thị cột
No Data,Chưa có dữ liệu
Add Row,Thêm dòng
Item Group Defaults,Thiết lập mặc định cho nhóm hàng
Defaults,Mặc định
General Settings,Thiết lập mặc định
Default Warehouse,Nhà kho mặc định
Warehouse Detail,Mô tả nhà kho
New {0},{0} mới
Canceled,Đã hủy
Not Saved,Chưa lưu
Draft,Nháp
Add a Filter,Thêm hạng mục lọc
Clear Filters,Xóa bộ lọc
Apply Filters,Áp dụng bộ lọc
Is,Là
Not In,Không thuộc
Not Like,Không giống
Like,Giống
Not Equals,Không bằng
Equals,Bằng với
Export,Xuất dữ liệu
Help,Trợ giúp
Has Variants,Có nhiều mẫu mã
Variant Of,Thuộc mẫu mã
"A Product or a Service that is bought, sold or kept in stock.","Một sản phẩm hoặc dịch vụ được mua, bán hoặc lưu kho."
An Item Group is a way to classify items based on types.,Nhóm mặt hàng là cách phân loại các mặt hàng theo loại.
A logical Warehouse against which stock entries are made.,Một kho logic được dùng để ghi nhận các nghiệp vụ nhập/xuất kho.
Value,Giá trị
Field,Trường
Restrictions,Giới hạn
Total Cost,Tổng chi phí
Conversion Rate,Tỷ lệ chuyển đổi
Currency,Đơn vị tiền
Is Default,Mặc định
Is Active,Đang hoạt động
Quantity,Số lượng
Submit,Xác nhận
Save,Lưu
Default Workstation,Thiết bị mặc định
Job Capacity,Công suất xử lý
Wages,Lương
Rent Cost,Chi phí thuê
Consumable Cost,Chi phí vật tư tiêu hao
Electricity Cost,Chi phí tiêu thụ điện
Status,Trạng thái
Workstation Name,Tên thiết bị/cụm thiết bị
Description,Mô tả
Parameter Group,Nhóm thông số
Parameter,Thông số
Quality Inspection Template Name,Tên mẫu kiểm tra QC
You haven't created a {0} yet,Bạn chưa tạo bản ghi {0} nào
Is Group,Nhóm
Parent Item Group,Theo nhóm cha
Item Group Name,Tên nhóm mặt hàng
Import,Nhập dữ liệu
Create your first {0},Tạo bản ghi {0} đầu tiên
Parent Warehouse,Nhà kho cha
Is Group Warehouse,Là nhóm nhà kho
Warehouse Name,Tên nhà kho
Most Used,Truy cập nhiều nhất
Created On,Thời gian tạo
Last Updated On,Cập nhật gần nhất
Filter,Lọc
Company,Công ty
Log out,Đăng xuất
Toggle Full Width,Đổi chế độ màn hình
Reload,Làm mới
My Profile,Thông tin cá nhân
New,Mới
Add,Thêm
ERPNext,FaceNet
Home,Trang chủ
Quality Inspection Parameter,Thông số kiểm tra QC
BOM,Công thức sản xuất (BOM)
Routing,Quy trình sản xuất
Operation,Công đoạn
Workstation Type,Loại thiết bị
Workstation,Thiết bị/Cụm thiết bị
Quality Inspection Template,Mẫu kiểm tra QC
Item,Mặt hàng
Item Group,Nhóm mặt hàng
Warehouse,Nhà kho
to your browser,to your browser
!=,!=
"\""Company History\","\""Company History\"
"\""Parent\"" signifies the parent table in which this row must be added","\""Parent\"" signifies the parent table in which this row must be added"
"\""Team Members\"" or \""Management\","\""Team Members\"" or \""Management\"
"\""amended_from\"" field must be present to do an amendment.","\""amended_from\"" field must be present to do an amendment."
"\""{0}\"" is not a valid Google Sheets URL","\""{0}\"" is not a valid Google Sheets URL"
#{0},#{0}
${values.doctype_name} has been added to queue for optimization,${values.doctype_name} has been added to queue for optimization
&copy; Frappe Technologies Pvt. Ltd. and contributors,&copy; Frappe Technologies Pvt. Ltd. and contributors
&lt;head&gt; HTML,&lt;head&gt; HTML
'In Global Search' is not allowed for field {0} of type {1},'In Global Search' is not allowed for field {0} of type {1}
'In Global Search' not allowed for type {0} in row {1},'In Global Search' not allowed for type {0} in row {1}
'In List View' is not allowed for field {0} of type {1},'In List View' is not allowed for field {0} of type {1}
'In List View' not allowed for type {0} in row {1},'In List View' not allowed for type {0} in row {1}
'Recipients' not specified,'Recipients' not specified
'{0}' is not a valid URL,'{0}' is not a valid URL
'{0}' not allowed for type {1} in row {2},'{0}' not allowed for type {1} in row {2}
(Mandatory),(Mandatory)
** Failed: {0} to {1}: {2},** Failed: {0} to {1}: {2}
+ Add / Remove Fields,+ Add / Remove Fields
0 - Draft; 1 - Submitted; 2 - Cancelled,0 - Draft; 1 - Submitted; 2 - Cancelled
0 is highest,0 is highest
1 = True & 0 = False,1 = True & 0 = False
1 Day,1 Day
1 Google Calendar Event synced.,1 Google Calendar Event synced.
1 Report,1 Report
1 comment,1 comment
1 day ago,1 day ago
1 hour,1 hour
1 month ago,1 month ago
1 of 2,1 of 2
1 record will be exported,1 record will be exported
1 second ago,1 second ago
1 year ago,1 year ago
2 hours ago,2 hours ago
2 months ago,2 months ago
2 weeks ago,2 weeks ago
2 years ago,2 years ago
3 minutes ago,3 minutes ago
30 minutes,30 minutes
4 hours,4 hours
5 days ago,5 days ago
; not allowed in condition,; not allowed in condition
<,<
<=,<=
<b>{0}</b> is not a valid URL,<b>{0}</b> is not a valid URL
"<div class=\""alert\"">Please don't update it as it can mess up your form. Use the Customize Form View and Custom Fields to set properties!</div>","<div class=\""alert\"">Please don't update it as it can mess up your form. Use the Customize Form View and Custom Fields to set properties!</div>"
"<h5 class=\""text-muted uppercase\"">Or</h5>","<h5 class=\""text-muted uppercase\"">Or</h5>"
"<p>Your OTP secret on {0} has been reset. If you did not perform this reset and did not request it, please contact your System Administrator immediately.</p>","<p>Your OTP secret on {0} has been reset. If you did not perform this reset and did not request it, please contact your System Administrator immediately.</p>"
"<span class=\""h2\"">Hi,</span>","<span class=\""h2\"">Hi,</span>"
"<span class=\""h4\""><b>Documents</b></span>","<span class=\""h4\""><b>Documents</b></span>"
"<span class=\""h4\""><b>Reports & Masters</b></span>","<span class=\""h4\""><b>Reports & Masters</b></span>"
"<span class=\""h4\""><b>Reports &amp; Masters</b></span>","<span class=\""h4\""><b>Reports &amp; Masters</b></span>"
"<span class=\""h4\""><b>Your Shortcuts</b></span>","<span class=\""h4\""><b>Your Shortcuts</b></span>"
"<span style=\""font-size: 18px; letter-spacing: 0.18px;\""><b>Components to build your app</b></span>","<span style=\""font-size: 18px; letter-spacing: 0.18px;\""><b>Components to build your app</b></span>"
"<span style=\""font-size: 18px; letter-spacing: 0.18px;\""><b>Get started</b><br></span>","<span style=\""font-size: 18px; letter-spacing: 0.18px;\""><b>Get started</b><br></span>"
<strong>Warning:</strong> This field is system generated and may be overwritten by a future update. Modify it using {0} instead.,<strong>Warning:</strong> This field is system generated and may be overwritten by a future update. Modify it using {0} instead.
=,=
>,>
>=,>=
"A DocType (Document Type) is used to insert forms in ERPNext. Forms such as Customer, Orders, and Invoices are Doctypes in the backend. You can also create new DocTypes to create new forms in ERPNext as per your business needs.","A DocType (Document Type) is used to insert forms in ERPNext. Forms such as Customer, Orders, and Invoices are Doctypes in the backend. You can also create new DocTypes to create new forms in ERPNext as per your business needs."
"A DocType's name should start with a letter and can only consist of letters, numbers, spaces, underscores and hyphens","A DocType's name should start with a letter and can only consist of letters, numbers, spaces, underscores and hyphens"
A featured post must have a cover image,A featured post must have a cover image
A field with the name {0} already exists in {1},A field with the name {0} already exists in {1}
A file with same name {} already exists,A file with same name {} already exists
A list of resources which the Client App will have access to after the user allows it.<br> e.g. project,A list of resources which the Client App will have access to after the user allows it.<br> e.g. project
A new account has been created for you at {0},A new account has been created for you at {0}
A recurring {0} {1} has been created for you via Auto Repeat {2}.,A recurring {0} {1} has been created for you via Auto Repeat {2}.
A symbol for this currency. For e.g. $,A symbol for this currency. For e.g. $
A template already exists for field {0} of {1},A template already exists for field {0} of {1}
A word by itself is easy to guess.,A word by itself is easy to guess.
A0,A0
A1,A1
A2,A2
A3,A3
A4,A4
A5,A5
A6,A6
A7,A7
A8,A8
A9,A9
ALL,ALL
API,API
API Access,API Access
API Endpoint,API Endpoint
API Endpoint Args,API Endpoint Args
API Key,API Key
API Key and Secret to interact with the relay server. These will be auto-generated when the first push notification is sent from any of the apps installed on this site.,API Key and Secret to interact with the relay server. These will be auto-generated when the first push notification is sent from any of the apps installed on this site.
API Key cannot be regenerated,API Key cannot be regenerated
API Keys,API Keys
API Method,API Method
API Secret,API Secret
ASC,ASC
About,About
About Us,About Us
About Us Settings,About Us Settings
About Us Team Member,About Us Team Member
About {0} minute remaining,About {0} minute remaining
About {0} minutes remaining,About {0} minutes remaining
About {0} seconds remaining,About {0} seconds remaining
Access Control,Access Control
Access Key ID,Access Key ID
Access Key Secret,Access Key Secret
Access Log,Access Log
Access Token,Access Token
Access Token URL,Access Token URL
Access not allowed from this IP Address,Access not allowed from this IP Address
Account Deletion Settings,Account Deletion Settings
Accounts Manager,Accounts Manager
Accounts User,Accounts User
"Accurate count can not be fetched, click here to view all documents","Accurate count can not be fetched, click here to view all documents"
Action,Action
Action / Route,Action / Route
Action Complete,Action Complete
Action Failed,Action Failed
Action Label,Action Label
Action Timeout (Seconds),Action Timeout (Seconds)
Action Type,Action Type
Action {0} completed successfully on {1} {2}. View it {3},Action {0} completed successfully on {1} {2}. View it {3}
Action {0} failed on {1} {2}. View it {3},Action {0} failed on {1} {2}. View it {3}
Activate,Activate
Active Directory,Active Directory
Active Domains,Active Domains
Active Sessions,Active Sessions
Activity Log,Activity Log
Add / Update,Add / Update
Add A New Rule,Add A New Rule
Add Background Image,Add Background Image
Add Blog Category,Add Blog Category
Add Border at Bottom,Add Border at Bottom
Add Border at Top,Add Border at Top
Add Card to Dashboard,Add Card to Dashboard
Add Chart to Dashboard,Add Chart to Dashboard
Add Child,Add Child
Add Contact,Add Contact
Add Contacts,Add Contacts
Add Container,Add Container
Add Custom Tags,Add Custom Tags
Add Filters,Add Filters
Add Gray Background,Add Gray Background
Add Indexes,Add Indexes
Add New Permission Rule,Add New Permission Rule
Add Participants,Add Participants
Add Query Parameters,Add Query Parameters
Add Review,Add Review
Add Roles,Add Roles
Add Signature,Add Signature
Add Space at Bottom,Add Space at Bottom
Add Space at Top,Add Space at Top
Add Subscribers,Add Subscribers
Add Template,Add Template
Add Total Row,Add Total Row
Add Translate Data,Add Translate Data
Add Unsubscribe Link,Add Unsubscribe Link
Add User Permissions,Add User Permissions
Add Video Conferencing,Add Video Conferencing
Add a New Role,Add a New Role
Add a Row,Add a Row
Add a comment,Add a comment
Add a new section,Add a new section
Add a row above the current row,Add a row above the current row
Add a row at the bottom,Add a row at the bottom
Add a row at the top,Add a row at the top
Add a row below the current row,Add a row below the current row
Add a {0} Chart,Add a {0} Chart
Add column,Add column
Add new tab,Add new tab
Add page break,Add page break
Add script for Child Table,Add script for Child Table
Add section above,Add section above
Add section below,Add section below
Add tab,Add tab
Add to Dashboard,Add to Dashboard
Add to table,Add to table
Add to this activity by mailing to {0},Add to this activity by mailing to {0}
Add {0},Add {0}
"Added HTML in the &lt;head&gt; section of the web page, primarily used for website verification and SEO","Added HTML in the &lt;head&gt; section of the web page, primarily used for website verification and SEO"
Added default log doctypes: {},Added default log doctypes: {}
Additional Permissions,Additional Permissions
Address,Address
Address Template,Address Template
Address Title,Address Title
Address Title is mandatory.,Address Title is mandatory.
Address Type,Address Type
Address and other legal information you may want to put in the footer.,Address and other legal information you may want to put in the footer.
Addresses,Addresses
Addresses And Contacts,Addresses And Contacts
Adds a custom client script to a DocType,Adds a custom client script to a DocType
Adds a custom field to a DocType,Adds a custom field to a DocType
Administration,Administration
Administrator,Administrator
Administrator Logged In,Administrator Logged In
Administrator accessed {0} on {1} via IP Address {2}.,Administrator accessed {0} on {1} via IP Address {2}.
Advanced,Advanced
Advanced Control,Advanced Control
Advanced Settings,Advanced Settings
After,After
After Cancel,After Cancel
After Delete,After Delete
After Insert,After Insert
After Rename,After Rename
After Save,After Save
After Save (Submitted Document),After Save (Submitted Document)
After Submission,After Submission
After Submit,After Submit
Aggregate Field is required to create a number card,Aggregate Field is required to create a number card
Aggregate Function Based On,Aggregate Function Based On
Aggregate Function field is required to create a dashboard chart,Aggregate Function field is required to create a dashboard chart
Alert,Alert
Alerts and Notifications,Alerts and Notifications
Align,Align
Align Labels to the Right,Align Labels to the Right
Align Right,Align Right
Align Value,Align Value
All Day,All Day
All Images attached to Website Slideshow should be public,All Images attached to Website Slideshow should be public
All Submissions,All Submissions
All customizations will be removed. Please confirm.,All customizations will be removed. Please confirm.
All fields are necessary to submit the comment.,All fields are necessary to submit the comment.
"All possible Workflow States and roles of the workflow. Docstatus Options: 0 is \""Saved\"", 1 is \""Submitted\"" and 2 is \""Cancelled\","All possible Workflow States and roles of the workflow. Docstatus Options: 0 is \""Saved\"", 1 is \""Submitted\"" and 2 is \""Cancelled\"
All-uppercase is almost as easy to guess as all-lowercase.,All-uppercase is almost as easy to guess as all-lowercase.
Allocated To,Allocated To
Allot Points To Assigned Users,Allot Points To Assigned Users
Allow,Allow
Allow API Indexing Access,Allow API Indexing Access
Allow Auto Repeat,Allow Auto Repeat
Allow Bulk Edit,Allow Bulk Edit
Allow Bulk Editing,Allow Bulk Editing
Allow Comments,Allow Comments
Allow Consecutive Login Attempts,Allow Consecutive Login Attempts
Allow Delete,Allow Delete
Allow Dropbox Access,Allow Dropbox Access
Allow Editing After Submit,Allow Editing After Submit
Allow Google Calendar Access,Allow Google Calendar Access
Allow Google Contacts Access,Allow Google Contacts Access
Allow Google Drive Access,Allow Google Drive Access
Allow Guest,Allow Guest
Allow Guest to View,Allow Guest to View
Allow Guest to comment,Allow Guest to comment
Allow Guests to Upload Files,Allow Guests to Upload Files
Allow Import (via Data Import Tool),Allow Import (via Data Import Tool)
Allow Incomplete Forms,Allow Incomplete Forms
Allow Login After Fail,Allow Login After Fail
Allow Login using Mobile Number,Allow Login using Mobile Number
Allow Login using User Name,Allow Login using User Name
Allow Modules,Allow Modules
Allow Multiple Responses,Allow Multiple Responses
Allow Older Web View Links (Insecure),Allow Older Web View Links (Insecure)
Allow Print,Allow Print
Allow Print for Cancelled,Allow Print for Cancelled
Allow Print for Draft,Allow Print for Draft
Allow Read On All Link Options,Allow Read On All Link Options
Allow Rename,Allow Rename
Allow Roles,Allow Roles
Allow Self Approval,Allow Self Approval
Allow Sending Usage Data for Improving Applications,Allow Sending Usage Data for Improving Applications
Allow approval for creator of the document,Allow approval for creator of the document
Allow document creation via Email,Allow document creation via Email
Allow events in timeline,Allow events in timeline
Allow in Quick Entry,Allow in Quick Entry
Allow on Submit,Allow on Submit
Allow only one session per user,Allow only one session per user
Allow page break inside tables,Allow page break inside tables
Allow recording my first session to improve user experience,Allow recording my first session to improve user experience
Allow saving if mandatory fields are not filled,Allow saving if mandatory fields are not filled
Allow sending usage data for improving applications,Allow sending usage data for improving applications
Allow user to login only after this hour (0-24),Allow user to login only after this hour (0-24)
Allow user to login only before this hour (0-24),Allow user to login only before this hour (0-24)
"Allow users to log in without a password, using a login link sent to their email","Allow users to log in without a password, using a login link sent to their email"
Allowed,Allowed
Allowed File Extensions,Allowed File Extensions
Allowed In Mentions,Allowed In Mentions
Allowed Modules,Allowed Modules
Allowed Roles,Allowed Roles
Allowed embedding domains,Allowed embedding domains
"Allowing DocType, DocType. Be careful!","Allowing DocType, DocType. Be careful!"
Already Registered,Already Registered
Already in the following Users ToDo list:{0},Already in the following Users ToDo list:{0}
Also adding the dependent currency field {0},Also adding the dependent currency field {0}
Also adding the status dependency field {0},Also adding the status dependency field {0}
Alternative Email ID,Alternative Email ID
Always BCC Address,Always BCC Address
"Always add \""Draft\"" Heading for printing draft documents","Always add \""Draft\"" Heading for printing draft documents"
Always use this email address as sender address,Always use this email address as sender address
Always use this name as sender name,Always use this name as sender name
Amend Counter,Amend Counter
Amended Document Naming Settings,Amended Document Naming Settings
Amended Documents,Amended Documents
Amending,Amending
Amendment Naming Override,Amendment Naming Override
Amendment Not Allowed,Amendment Not Allowed
Amendment naming rules updated.,Amendment naming rules updated.
An error occurred while setting Session Defaults,An error occurred while setting Session Defaults
An icon file with .ico extension. Should be 16 x 16 px. Generated using a favicon generator. [favicon-generator.org],An icon file with .ico extension. Should be 16 x 16 px. Generated using a favicon generator. [favicon-generator.org]
An unexpected error occurred while authorizing {}.,An unexpected error occurred while authorizing {}.
Analytics,Analytics
Ancestors Of,Ancestors Of
Announcement Widget,Announcement Widget
Announcements,Announcements
Annual,Annual
Anonymization Matrix,Anonymization Matrix
Anonymous responses,Anonymous responses
Another transaction is blocking this one. Please try again in a few seconds.,Another transaction is blocking this one. Please try again in a few seconds.
"Another {0} with name {1} exists, select another name","Another {0} with name {1} exists, select another name"
Any string-based printer languages can be used. Writing raw commands requires knowledge of the printer's native language provided by the printer manufacturer. Please refer to the developer manual provided by the printer manufacturer on how to write their native commands. These commands are rendered on the server side using the Jinja Templating Language.,Any string-based printer languages can be used. Writing raw commands requires knowledge of the printer's native language provided by the printer manufacturer. Please refer to the developer manual provided by the printer manufacturer on how to write their native commands. These commands are rendered on the server side using the Jinja Templating Language.
"Apart from System Manager, roles with Set User Permissions right can set permissions for other users for that Document Type.","Apart from System Manager, roles with Set User Permissions right can set permissions for other users for that Document Type."
App,App
App Access Key,App Access Key
App Access Key and/or Secret Key are not present.,App Access Key and/or Secret Key are not present.
App Client ID,App Client ID
App Client Secret,App Client Secret
App ID,App ID
App Logo,App Logo
App Name,App Name
App Secret Key,App Secret Key
App not found for module: {0},App not found for module: {0}
App {0} is not installed,App {0} is not installed
Append Emails to Sent Folder,Append Emails to Sent Folder
Append To,Append To
Append To can be one of {0},Append To can be one of {0}
"Append as communication against this DocType (must have fields: \""Sender\"" and \""Subject\""). These fields can be defined in the email settings section of the appended doctype.","Append as communication against this DocType (must have fields: \""Sender\"" and \""Subject\""). These fields can be defined in the email settings section of the appended doctype."
Applicable Document Types,Applicable Document Types
Applicable For,Applicable For
Application Logo,Application Logo
Application Name,Application Name
Application Version,Application Version
Applied On,Applied On
Apply,Apply
Apply Document Permissions,Apply Document Permissions
Apply Only Once,Apply Only Once
Apply Strict User Permissions,Apply Strict User Permissions
Apply To,Apply To
Apply To All Document Types,Apply To All Document Types
Apply User Permission On,Apply User Permission On
Apply this rule if the User is the Owner,Apply this rule if the User is the Owner
Apply this rule only once per document,Apply this rule only once per document
Apply to all Documents Types,Apply to all Documents Types
Applying: {0},Applying: {0}
Appreciate,Appreciate
Appreciation,Appreciation
Approval Required,Approval Required
Apps,Apps
Ar,Ar
Archive,Archive
Archived,Archived
Archived Columns,Archived Columns
Are you sure you want to delete all rows?,Are you sure you want to delete all rows?
Are you sure you want to delete the column? All the fields in the column will be moved to the previous column.,Are you sure you want to delete the column? All the fields in the column will be moved to the previous column.
Are you sure you want to delete the section? All the columns along with fields in the section will be moved to the previous section.,Are you sure you want to delete the section? All the columns along with fields in the section will be moved to the previous section.
Are you sure you want to delete the tab? All the sections along with fields in the tab will be moved to the previous tab.,Are you sure you want to delete the tab? All the sections along with fields in the tab will be moved to the previous tab.
Are you sure you want to discard the changes?,Are you sure you want to discard the changes?
Are you sure you want to generate a new report?,Are you sure you want to generate a new report?
Are you sure you want to merge {0} with {1}?,Are you sure you want to merge {0} with {1}?
Are you sure you want to proceed?,Are you sure you want to proceed?
Are you sure you want to re-enable scheduler?,Are you sure you want to re-enable scheduler?
Are you sure you want to relink this communication to {0}?,Are you sure you want to relink this communication to {0}?
Are you sure you want to remove all failed jobs?,Are you sure you want to remove all failed jobs?
Are you sure you want to remove the {0} filter?,Are you sure you want to remove the {0} filter?
Are you sure you want to reset all customizations?,Are you sure you want to reset all customizations?
Are you sure you want to save this document?,Are you sure you want to save this document?
Are you sure you want to send this newsletter now?,Are you sure you want to send this newsletter now?
Are you sure?,Are you sure?
Arguments,Arguments
Arial,Arial
"As a best practice, do not assign the same set of permission rule to different Roles. Instead, set multiple Roles to the same User.","As a best practice, do not assign the same set of permission rule to different Roles. Instead, set multiple Roles to the same User."
"As document sharing is disabled, please give them the required permissions before assigning.","As document sharing is disabled, please give them the required permissions before assigning."
"As per your request, your account and data on {0} associated with email {1} has been permanently deleted","As per your request, your account and data on {0} associated with email {1} has been permanently deleted"
Assign Condition,Assign Condition
Assign To Users,Assign To Users
Assign a user,Assign a user
"Assign one by one, in sequence","Assign one by one, in sequence"
Assign to the one who has the least assignments,Assign to the one who has the least assignments
Assign to the user set in this field,Assign to the user set in this field
Assigned,Assigned
Assigned By,Assigned By
Assigned By Full Name,Assigned By Full Name
Assigned To/Owner,Assigned To/Owner
Assigning...,Assigning...
Assignment,Assignment
Assignment Completed,Assignment Completed
Assignment Days,Assignment Days
Assignment Rule,Assignment Rule
Assignment Rule Day,Assignment Rule Day
Assignment Rule User,Assignment Rule User
Assignment Rule is not allowed on document type {0},Assignment Rule is not allowed on document type {0}
Assignment Rules,Assignment Rules
Assignment Update on {0},Assignment Update on {0}
Assignment for {0} {1},Assignment for {0} {1}
Assignment of {0} removed by {1},Assignment of {0} removed by {1}
At least one column is required to show in the grid.,At least one column is required to show in the grid.
Atleast one field is required in Web Form Fields Table,Atleast one field is required in Web Form Fields Table
Atleast one field of Parent Document Type is mandatory,Atleast one field of Parent Document Type is mandatory
Attach Image,Attach Image
Attach Package,Attach Package
Attach Print,Attach Print
Attach files / urls and add in table.,Attach files / urls and add in table.
Attached File,Attached File
Attached To DocType,Attached To DocType
Attached To Field,Attached To Field
Attached To Name,Attached To Name
Attached To Name must be a string or an integer,Attached To Name must be a string or an integer
Attachment,Attachment
Attachment Limit (MB),Attachment Limit (MB)
Attachment Limit Reached,Attachment Limit Reached
Attachment Link,Attachment Link
Attachment Removed,Attachment Removed
Attempting Connection to QZ Tray...,Attempting Connection to QZ Tray...
Attempting to launch QZ Tray...,Attempting to launch QZ Tray...
Audience,Audience
Audit System Hooks,Audit System Hooks
Audit Trail,Audit Trail
Auth URL Data,Auth URL Data
Authenticate as Service Principal,Authenticate as Service Principal
Authentication,Authentication
Authentication Apps you can use are:,Authentication Apps you can use are:
Authentication failed while receiving emails from Email Account: {0}.,Authentication failed while receiving emails from Email Account: {0}.
Author,Author
Authorization Code,Authorization Code
Authorization URI,Authorization URI
Authorization error for {}.,Authorization error for {}.
Authorize API Access,Authorize API Access
Authorize API Indexing  Access,Authorize API Indexing  Access
Authorize Google Calendar Access,Authorize Google Calendar Access
Authorize Google Contacts Access,Authorize Google Contacts Access
Authorize Google Drive Access,Authorize Google Drive Access
Authorize URL,Authorize URL
Authorized,Authorized
Auto Email Report,Auto Email Report
Auto Name,Auto Name
Auto Repeat,Auto Repeat
Auto Repeat Day,Auto Repeat Day
Auto Repeat Day{0} {1} has been repeated.,Auto Repeat Day{0} {1} has been repeated.
Auto Repeat Document Creation Failed,Auto Repeat Document Creation Failed
Auto Repeat Schedule,Auto Repeat Schedule
Auto Repeat created for this document,Auto Repeat created for this document
Auto Repeat failed for {0},Auto Repeat failed for {0}
Auto Reply,Auto Reply
Auto Reply Message,Auto Reply Message
Auto assignment failed: {0},Auto assignment failed: {0}
Auto follow documents that are assigned to you,Auto follow documents that are assigned to you
Auto follow documents that are shared with you,Auto follow documents that are shared with you
Auto follow documents that you Like,Auto follow documents that you Like
Auto follow documents that you comment on,Auto follow documents that you comment on
Auto follow documents that you create,Auto follow documents that you create
Auto repeat failed. Please enable auto repeat after fixing the issues.,Auto repeat failed. Please enable auto repeat after fixing the issues.
Autocomplete,Autocomplete
Autoincrement,Autoincrement
Automate processes and extend standard functionality using scripts and background jobs,Automate processes and extend standard functionality using scripts and background jobs
Automated Message,Automated Message
Automatic,Automatic
Automatic Linking can be activated only for one Email Account.,Automatic Linking can be activated only for one Email Account.
Automatic Linking can be activated only if Incoming is enabled.,Automatic Linking can be activated only if Incoming is enabled.
Automatically Assign Documents to Users,Automatically Assign Documents to Users
Automatically applied a filter for recent data. You can disable this behavior from the list view settings.,Automatically applied a filter for recent data. You can disable this behavior from the list view settings.
Automatically delete account within (hours),Automatically delete account within (hours)
Automation,Automation
Avatar,Avatar
Average of {0},Average of {0}
Avoid dates and years that are associated with you.,Avoid dates and years that are associated with you.
Avoid recent years.,Avoid recent years.
Avoid sequences like abc or 6543 as they are easy to guess,Avoid sequences like abc or 6543 as they are easy to guess
Avoid years that are associated with you.,Avoid years that are associated with you.
Awaiting Password,Awaiting Password
Awaiting password,Awaiting password
Awesome Work,Awesome Work
"Awesome, now try making an entry yourself","Awesome, now try making an entry yourself"
B,B
B0,B0
B1,B1
B10,B10
B2,B2
B3,B3
B4,B4
B5,B5
B6,B6
B7,B7
B8,B8
B9,B9
BCC,BCC
Back to Desk,Back to Desk
Back to Home,Back to Home
Back to Login,Back to Login
Background Color,Background Color
Background Image,Background Image
Background Jobs,Background Jobs
Background Jobs Check,Background Jobs Check
Background Jobs Queue,Background Jobs Queue
Background Workers,Background Workers
Backing up Data.,Backing up Data.
Backing up to Google Drive.,Backing up to Google Drive.
Backup,Backup
Backup Details,Backup Details
Backup Encryption Key,Backup Encryption Key
Backup Files,Backup Files
Backup Folder ID,Backup Folder ID
Backup Folder Name,Backup Folder Name
Backup Frequency,Backup Frequency
Backup job is already queued. You will receive an email with the download link,Backup job is already queued. You will receive an email with the download link
Backup public and private files along with the database.,Backup public and private files along with the database.
Backups,Backups
Backups (MB),Backups (MB)
Bad Cron Expression,Bad Cron Expression
Banker's Rounding,Banker's Rounding
Banker's Rounding (legacy),Banker's Rounding (legacy)
Banner,Banner
Banner HTML,Banner HTML
Banner Image,Banner Image
Banner is above the Top Menu Bar.,Banner is above the Top Menu Bar.
Bar,Bar
Barcode,Barcode
Base Distinguished Name (DN),Base Distinguished Name (DN)
Base URL,Base URL
Based On,Based On
Based on Field,Based on Field
Based on Permissions For User,Based on Permissions For User
Basic,Basic
Basic Info,Basic Info
Before,Before
Before Cancel,Before Cancel
Before Delete,Before Delete
Before Insert,Before Insert
Before Print,Before Print
Before Rename,Before Rename
Before Save,Before Save
Before Save (Submitted Document),Before Save (Submitted Document)
Before Submit,Before Submit
Before Validate,Before Validate
Beginner,Beginner
Beta,Beta
Better add a few more letters or another word,Better add a few more letters or another word
Between,Between
Billing,Billing
Billing Contact,Billing Contact
Binary Logging,Binary Logging
Bio,Bio
Birth Date,Birth Date
Block Module,Block Module
Block Modules,Block Modules
Blocked,Blocked
Blog,Blog
Blog Category,Blog Category
Blog Intro,Blog Intro
Blog Introduction,Blog Introduction
Blog Post,Blog Post
Blog Settings,Blog Settings
Blog Title,Blog Title
Blogger,Blogger
"Blogs, Website View Tracking, and more.","Blogs, Website View Tracking, and more."
Blue,Blue
Bold,Bold
Bot,Bot
Both DocType and Name required,Both DocType and Name required
Both login and password required,Both login and password required
Bottom,Bottom
Bottom Center,Bottom Center
Bottom Left,Bottom Left
Bottom Right,Bottom Right
Bounced,Bounced
Brand,Brand
Brand HTML,Brand HTML
Brand Image,Brand Image
Brand Logo,Brand Logo
Breadcrumbs,Breadcrumbs
Browse by category,Browse by category
Browser,Browser
Browser Version,Browser Version
Browser not supported,Browser not supported
Brute Force Security,Brute Force Security
Bucket Name,Bucket Name
Bucket {0} not found.,Bucket {0} not found.
Bufferpool Size,Bufferpool Size
Build,Build
"Build your own reports, print formats, and dashboards. Create personalized workspaces for easier navigation","Build your own reports, print formats, and dashboards. Create personalized workspaces for easier navigation"
Build {0},Build {0}
Built on {0},Built on {0}
Bulk Actions,Bulk Actions
Bulk Delete,Bulk Delete
Bulk Edit {0},Bulk Edit {0}
Bulk PDF Export,Bulk PDF Export
Bulk Update,Bulk Update
Bulk approval only support up to 500 documents.,Bulk approval only support up to 500 documents.
Bulk operation is enqueued in background.,Bulk operation is enqueued in background.
Bulk operations only support up to 500 documents.,Bulk operations only support up to 500 documents.
Bulk {0} is enqueued in background.,Bulk {0} is enqueued in background.
Button,Button
Button Gradients,Button Gradients
Button Rounded Corners,Button Rounded Corners
Button Shadows,Button Shadows
"By \""Naming Series\"" field","By \""Naming Series\"" field"
"By default the title is used as meta title, adding a value here will override it.","By default the title is used as meta title, adding a value here will override it."
"By default, emails are only sent for failed backups.","By default, emails are only sent for failed backups."
By fieldname,By fieldname
By script,By script
Bypass Restricted IP Address Check If Two Factor Auth Enabled,Bypass Restricted IP Address Check If Two Factor Auth Enabled
Bypass Two Factor Auth for users who login from restricted IP Address,Bypass Two Factor Auth for users who login from restricted IP Address
Bypass restricted IP Address check If Two Factor Auth Enabled,Bypass restricted IP Address check If Two Factor Auth Enabled
C5E,C5E
CANCELLED,CANCELLED
CC,CC
CMD,CMD
COLOR PICKER,COLOR PICKER
CSS,CSS
CSS Class,CSS Class
CSS selector for the element you want to highlight.,CSS selector for the element you want to highlight.
CSV,CSV
CTA Label,CTA Label
CTA URL,CTA URL
Cache,Cache
Calculate,Calculate
Calendar,Calendar
Calendar Name,Calendar Name
Call,Call
Call To Action,Call To Action
Call To Action URL,Call To Action URL
Call to Action,Call to Action
Callback Message,Callback Message
Callback Title,Callback Title
Campaign,Campaign
Campaign Description (Optional),Campaign Description (Optional)
Can not rename as column {0} is already present on DocType.,Can not rename as column {0} is already present on DocType.
Can only change to/from Autoincrement naming rule when there is no data in the doctype,Can only change to/from Autoincrement naming rule when there is no data in the doctype
Can only list down the document types which has been linked to the User document type.,Can only list down the document types which has been linked to the User document type.
Can't rename {0} to {1} because {0} doesn't exist.,Can't rename {0} to {1} because {0} doesn't exist.
Cancel Scheduling,Cancel Scheduling
Cancelled Document restored as Draft,Cancelled Document restored as Draft
Cannot Download Report due to insufficient permissions,Cannot Download Report due to insufficient permissions
Cannot Fetch Values,Cannot Fetch Values
Cannot Remove,Cannot Remove
Cannot Update After Submit,Cannot Update After Submit
Cannot access file path {0},Cannot access file path {0}
Cannot cancel before submitting while transitioning from <b>{0} State</b> to <b>{1} State</b>,Cannot cancel before submitting while transitioning from <b>{0} State</b> to <b>{1} State</b>
Cannot cancel before submitting. See Transition {0},Cannot cancel before submitting. See Transition {0}
Cannot change docstatus from 0 (Draft) to 2 (Cancelled),Cannot change docstatus from 0 (Draft) to 2 (Cancelled)
Cannot change docstatus from 1 (Submitted) to 0 (Draft),Cannot change docstatus from 1 (Submitted) to 0 (Draft)
Cannot change state of Cancelled Document <b>({0} State)</b>,Cannot change state of Cancelled Document <b>({0} State)</b>
Cannot change state of Cancelled Document. Transition row {0},Cannot change state of Cancelled Document. Transition row {0}
Cannot change to/from autoincrement autoname in Customize Form,Cannot change to/from autoincrement autoname in Customize Form
Cannot create a {0} against a child document: {1},Cannot create a {0} against a child document: {1}
Cannot create private workspace of other users,Cannot create private workspace of other users
Cannot delete Home and Attachments folders,Cannot delete Home and Attachments folders
Cannot delete private workspace of other users,Cannot delete private workspace of other users
Cannot delete public workspace without Workspace Manager role,Cannot delete public workspace without Workspace Manager role
Cannot delete standard action. You can hide it if you want,Cannot delete standard action. You can hide it if you want
Cannot delete standard document state.,Cannot delete standard document state.
Cannot delete standard field <strong>{0}</strong>. You can hide it instead.,Cannot delete standard field <strong>{0}</strong>. You can hide it instead.
Cannot delete standard field. You can hide it if you want,Cannot delete standard field. You can hide it if you want
Cannot delete standard link. You can hide it if you want,Cannot delete standard link. You can hide it if you want
Cannot delete system generated field <strong>{0}</strong>. You can hide it instead.,Cannot delete system generated field <strong>{0}</strong>. You can hide it instead.
Cannot delete {0},Cannot delete {0}
Cannot delete {0} as it has child nodes,Cannot delete {0} as it has child nodes
Cannot edit Standard Dashboards,Cannot edit Standard Dashboards
"Cannot edit Standard Notification. To edit, please disable this and duplicate it","Cannot edit Standard Notification. To edit, please disable this and duplicate it"
Cannot edit Standard charts,Cannot edit Standard charts
Cannot edit a standard report. Please duplicate and create a new report,Cannot edit a standard report. Please duplicate and create a new report
Cannot edit cancelled document,Cannot edit cancelled document
Cannot edit filters for standard charts,Cannot edit filters for standard charts
Cannot edit filters for standard number cards,Cannot edit filters for standard number cards
Cannot edit standard fields,Cannot edit standard fields
Cannot enable {0} for a non-submittable doctype,Cannot enable {0} for a non-submittable doctype
Cannot find file {} on disk,Cannot find file {} on disk
Cannot get file contents of a Folder,Cannot get file contents of a Folder
Cannot have multiple printers mapped to a single print format.,Cannot have multiple printers mapped to a single print format.
Cannot import table with more than 5000 rows.,Cannot import table with more than 5000 rows.
Cannot link cancelled document: {0},Cannot link cancelled document: {0}
Cannot map because following condition fails:,Cannot map because following condition fails:
Cannot match column {0} with any field,Cannot match column {0} with any field
Cannot move row,Cannot move row
Cannot remove ID field,Cannot remove ID field
Cannot set 'Report' permission if 'Only If Creator' permission is set,Cannot set 'Report' permission if 'Only If Creator' permission is set
Cannot set Notification with event {0} on Document Type {1},Cannot set Notification with event {0} on Document Type {1}
Cannot share {0} with submit permission as the doctype {1} is not submittable,Cannot share {0} with submit permission as the doctype {1} is not submittable
Cannot submit {0}.,Cannot submit {0}.
Cannot update private workspace of other users,Cannot update private workspace of other users
Cannot update {0},Cannot update {0}
Cannot use sub-query here.,Cannot use sub-query here.
Cannot use {0} in order/group by,Cannot use {0} in order/group by
Cannot {0} {1}.,Cannot {0} {1}.
Capitalization doesn't help very much.,Capitalization doesn't help very much.
Capture,Capture
Card,Card
Card Break,Card Break
Card Label,Card Label
Card Links,Card Links
Cards,Cards
Category,Category
Category Description,Category Description
Category Name,Category Name
Cent,Cent
Center,Center
"Certain documents, like an Invoice, should not be changed once final. The final state for such documents is called Submitted. You can restrict which roles can Submit.","Certain documents, like an Invoice, should not be changed once final. The final state for such documents is called Submitted. You can restrict which roles can Submit."
Chain Integrity,Chain Integrity
Chaining Hash,Chaining Hash
Change Image,Change Image
Change Label (via Custom Translation),Change Label (via Custom Translation)
Change Letter Head,Change Letter Head
Change Password,Change Password
Change Print Format,Change Print Format
Changelog Feed,Changelog Feed
Changing any setting will reflect on all the email accounts associated with this domain.,Changing any setting will reflect on all the email accounts associated with this domain.
Changing rounding method on site with data can result in unexpected behaviour.,Changing rounding method on site with data can result in unexpected behaviour.
Channel,Channel
Chart,Chart
Chart Configuration,Chart Configuration
Chart Name,Chart Name
Chart Options,Chart Options
Chart Source,Chart Source
Chart Type,Chart Type
Charts,Charts
Chat,Chat
Check,Check
Check Request URL,Check Request URL
Check broken links,Check broken links
"Check columns to select, drag to set order.","Check columns to select, drag to set order."
Check the Error Log for more information: {0},Check the Error Log for more information: {0}
Check this if you don't want users to sign up for an account on your site. Users won't get desk access unless you explicitly provide it.,Check this if you don't want users to sign up for an account on your site. Users won't get desk access unless you explicitly provide it.
Check this if you want to force the user to select a series before saving. There will be no default if you check this.,Check this if you want to force the user to select a series before saving. There will be no default if you check this.
Checking broken links...,Checking broken links...
Checking one moment,Checking one moment
"Checking this will enable tracking page views for blogs, web pages, etc.","Checking this will enable tracking page views for blogs, web pages, etc."
Checking this will hide custom doctypes and reports cards in Links section,Checking this will hide custom doctypes and reports cards in Links section
Checking this will publish the page on your website and it'll be visible to everyone.,Checking this will publish the page on your website and it'll be visible to everyone.
Checking this will show a text area where you can write custom javascript that will run on this page.,Checking this will show a text area where you can write custom javascript that will run on this page.
Checksum Version,Checksum Version
Child DocTypes are not allowed,Child DocTypes are not allowed
Child Doctype,Child Doctype
Child Table {0} for field {1},Child Table {0} for field {1}
Child Tables are shown as a Grid in other DocTypes,Child Tables are shown as a Grid in other DocTypes
Choose Existing Card or create New Card,Choose Existing Card or create New Card
Choose a color,Choose a color
Choose an icon,Choose an icon
Choose authentication method to be used by all users,Choose authentication method to be used by all users
City/Town,City/Town
Clear & Add Template,Clear & Add Template
Clear & Add template,Clear & Add template
Clear All,Clear All
Clear Cache and Reload,Clear Cache and Reload
Clear Error Logs,Clear Error Logs
Clear Logs After (days),Clear Logs After (days)
Clear User Permissions,Clear User Permissions
Clear the email message and add the template,Clear the email message and add the template
"Clearing end date, as it cannot be in the past for published pages.","Clearing end date, as it cannot be in the past for published pages."
Click On Customize to add your first widget,Click On Customize to add your first widget
Click here,Click here
Click here to post bugs and suggestions,Click here to post bugs and suggestions
Click here to verify,Click here to verify
Click on <b>Authorize Google Drive Access</b> to authorize Google Drive Access.,Click on <b>Authorize Google Drive Access</b> to authorize Google Drive Access.
Click on a file to select it.,Click on a file to select it.
Click on the button to log in to {0},Click on the button to log in to {0}
Click on the link below to approve the request,Click on the link below to approve the request
Click on the link below to complete your registration and set a new password,Click on the link below to complete your registration and set a new password
Click on the link below to download your data,Click on the link below to download your data
Click on the link below to verify your request,Click on the link below to verify your request
Click on {0} to generate Refresh Token.,Click on {0} to generate Refresh Token.
Click table to edit,Click table to edit
Click to Set Dynamic Filters,Click to Set Dynamic Filters
Click to Set Filters,Click to Set Filters
Clicked,Clicked
Client,Client
Client Code,Client Code
Client Credentials,Client Credentials
Client ID,Client ID
Client Id,Client Id
Client Information,Client Information
Client Script,Client Script
Client Secret,Client Secret
Client URLs,Client URLs
Client script,Client script
Close,Close
Close Condition,Close Condition
Close properties,Close properties
Closed,Closed
Cmd+Enter to add comment,Cmd+Enter to add comment
Code,Code
Code Challenge,Code Challenge
Code challenge method,Code challenge method
Collapse,Collapse
Collapsible,Collapsible
Collapsible Depends On,Collapsible Depends On
Collapsible Depends On (JS),Collapsible Depends On (JS)
Color,Color
Column,Column
Column <b>{0}</b> already exist.,Column <b>{0}</b> already exist.
Column Break,Column Break
Column Labels:,Column Labels:
Column Name,Column Name
Column Name cannot be empty,Column Name cannot be empty
Column width cannot be zero.,Column width cannot be zero.
Columns,Columns
Columns / Fields,Columns / Fields
Columns based on,Columns based on
Combination of Grant Type (<code>{0}</code>) and Response Type (<code>{1}</code>) not allowed,Combination of Grant Type (<code>{0}</code>) and Response Type (<code>{1}</code>) not allowed
Comm10E,Comm10E
Comment By,Comment By
Comment Email,Comment Email
Comment Type,Comment Type
Comment can only be edited by the owner,Comment can only be edited by the owner
Comment limit,Comment limit
Comment limit per hour,Comment limit per hour
Comment publicity can only be updated by the original author or a System Manager.,Comment publicity can only be updated by the original author or a System Manager.
Comments and Communications will be associated with this linked document,Comments and Communications will be associated with this linked document
Comments cannot have links or email addresses,Comments cannot have links or email addresses
Commercial Rounding,Commercial Rounding
Commit,Commit
Committed,Committed
Common names and surnames are easy to guess.,Common names and surnames are easy to guess.
Communication,Communication
Communication Link,Communication Link
Communication Logs,Communication Logs
Communication Type,Communication Type
Communication secret not set,Communication secret not set
Company History,Company History
Company Introduction,Company Introduction
Company Name,Company Name
Compare Versions,Compare Versions
Compilation warning,Compilation warning
Compiled Successfully,Compiled Successfully
Complete,Complete
Complete Registration,Complete Registration
Complete Setup,Complete Setup
Completed,Hoàn thành
Completed By Role,Completed By Role
Completed By User,Completed By User
Component,Component
Compose Email,Compose Email
Compressed,Compressed
Condition,Condition
Condition JSON,Condition JSON
Condition description,Condition description
Conditions,Conditions
Configure Chart,Configure Chart
Configure Recorder,Configure Recorder
Configure columns for {0},Configure columns for {0}
"Configure various aspects of how document naming works like naming series, current counter.","Configure various aspects of how document naming works like naming series, current counter."
Confirm Access,Confirm Access
Confirm Deletion of Account,Confirm Deletion of Account
Confirm New Password,Confirm New Password
Confirm Password,Confirm Password
Confirm Request,Confirm Request
Confirm Your Email,Confirm Your Email
Confirmation Email Template,Confirmation Email Template
Confirmed,Confirmed
"Congratulations on completing the module setup. If you want to learn more you can refer to the documentation <a target=\""_blank\"" href=\""{0}\"">here</a>.","Congratulations on completing the module setup. If you want to learn more you can refer to the documentation <a target=\""_blank\"" href=\""{0}\"">here</a>."
Connect to {},Connect to {}
Connected App,Connected App
Connected User,Connected User
Connected to QZ Tray!,Connected to QZ Tray!
Connection Lost,Connection Lost
Connection Success,Connection Success
Connection lost. Some features might not work.,Connection lost. Some features might not work.
Console,Console
Console Log,Console Log
Console Logs can not be deleted,Console Logs can not be deleted
Constraints,Constraints
Contact,Contact
Contact Details,Contact Details
Contact Email,Contact Email
Contact Numbers,Contact Numbers
Contact Phone,Contact Phone
Contact Synced with Google Contacts.,Contact Synced with Google Contacts.
Contact Us,Contact Us
Contact Us Settings,Contact Us Settings
"Contact options, like \""Sales Query, Support Query\"" etc each on a new line or separated by commas.","Contact options, like \""Sales Query, Support Query\"" etc each on a new line or separated by commas."
Contains {0} security fix,Contains {0} security fix
Contains {0} security fixes,Contains {0} security fixes
Content,Content
Content (HTML),Content (HTML)
Content (Markdown),Content (Markdown)
Content Hash,Content Hash
Content Type,Content Type
Content data shoud be a list,Content data shoud be a list
Content type for building the page,Content type for building the page
Context Script,Context Script
Continue,Continue
Contributed,Contributed
Contribution Document Name,Contribution Document Name
Contribution Status,Contribution Status
"Controls whether new users can sign up using this Social Login Key. If unset, Website Settings is respected.","Controls whether new users can sign up using this Social Login Key. If unset, Website Settings is respected."
Copy Embed Code,Copy Embed Code
Copy error to clipboard,Copy error to clipboard
Copy token to clipboard,Copy token to clipboard
Copyright,Copyright
Core DocTypes cannot be customized.,Core DocTypes cannot be customized.
Core Modules {0} cannot be searched in Global Search.,Core Modules {0} cannot be searched in Global Search.
Correct version :,Correct version :
Could not connect to outgoing email server,Could not connect to outgoing email server
Could not find {0},Could not find {0}
Could not map column {0} to field {1},Could not map column {0} to field {1}
Could not start up:,Could not start up:
"Couldn't save, please check the data you have entered","Couldn't save, please check the data you have entered"
Count Customizations,Count Customizations
Count Filter,Count Filter
Count of linked documents,Count of linked documents
Counter,Counter
Country,Country
Country Code Required,Country Code Required
Country Name,Country Name
County,County
Cr,Cr
Create & Continue,Create & Continue
Create Blogger,Create Blogger
Create Chart,Create Chart
Create Contacts from Incoming Emails,Create Contacts from Incoming Emails
Create Custom Fields,Create Custom Fields
Create Duplicate,Create Duplicate
Create Entry,Create Entry
Create Letter Head,Create Letter Head
Create Log,Create Log
Create New DocType,Create New DocType
Create New Kanban Board,Create New Kanban Board
Create User Email,Create User Email
Create a New Format,Create a New Format
Create a Reminder,Create a Reminder
Create a new ...,Create a new ...
Create a new record,Create a new record
Create a {0} Account,Create a {0} Account
Create and send emails to a specific group of subscribers periodically.,Create and send emails to a specific group of subscribers periodically.
Create new forms and views with doctypes. Set up multi-level workflows for approval,Create new forms and views with doctypes. Set up multi-level workflows for approval
Create or Edit Print Format,Create or Edit Print Format
Create or Edit Workflow,Create or Edit Workflow
Create your workflow visually using the Workflow Builder.,Create your workflow visually using the Workflow Builder.
Created,Created
Created At,Created At
Created Custom Field {0} in {1},Created Custom Field {0} in {1}
Creating {0},Creating {0}
Criticism,Criticism
Criticize,Criticize
Cron,Cron
Cron Format,Cron Format
Cron format is required for job types with Cron frequency.,Cron format is required for job types with Cron frequency.
Ctrl + Down,Ctrl + Down
Ctrl + Up,Ctrl + Up
Ctrl+Enter to add comment,Ctrl+Enter to add comment
Currency Name,Currency Name
Currency Precision,Currency Precision
"Currency list stores the currency value, its symbol and fraction unit","Currency list stores the currency value, its symbol and fraction unit"
Current,Current
Current Job ID,Current Job ID
Current Value,Current Value
Current status,Current status
Currently Viewing,Currently Viewing
Currently you have {0} review points,Currently you have {0} review points
Custom,Custom
Custom Base URL,Custom Base URL
Custom Block Name,Custom Block Name
Custom Blocks,Custom Blocks
Custom CSS,Custom CSS
Custom Configuration,Custom Configuration
Custom DocPerm,Custom DocPerm
Custom Document Types,Custom Document Types
Custom Document Types (Select Permission),Custom Document Types (Select Permission)
Custom Document Types Limit Exceeded,Custom Document Types Limit Exceeded
Custom Documents,Custom Documents
Custom Field,Custom Field
Custom Field {0} is created by the Administrator and can only be deleted through the Administrator account.,Custom Field {0} is created by the Administrator and can only be deleted through the Administrator account.
"Custom Field, Custom Doctype, Naming Series, Role Permission, Workflow, Print Formats, Reports","Custom Field, Custom Doctype, Naming Series, Role Permission, Workflow, Print Formats, Reports"
Custom Fields can only be added to a standard DocType.,Custom Fields can only be added to a standard DocType.
Custom Fields cannot be added to core DocTypes.,Custom Fields cannot be added to core DocTypes.
Custom Footer,Custom Footer
Custom Format,Custom Format
Custom Group Search,Custom Group Search
"Custom Group Search if filled needs to contain the user placeholder {0}, eg uid={0},ou=users,dc=example,dc=com","Custom Group Search if filled needs to contain the user placeholder {0}, eg uid={0},ou=users,dc=example,dc=com"
Custom HTML,Custom HTML
Custom HTML Block,Custom HTML Block
Custom HTML Help,Custom HTML Help
"Custom LDAP Directoy Selected, please ensure 'LDAP Group Member attribute' and 'Group Object Class' are entered","Custom LDAP Directoy Selected, please ensure 'LDAP Group Member attribute' and 'Group Object Class' are entered"
Custom Label,Custom Label
Custom Menu Items,Custom Menu Items
Custom Options,Custom Options
Custom Overrides,Custom Overrides
Custom Report,Custom Report
Custom Reports,Custom Reports
Custom Role,Custom Role
Custom SCSS,Custom SCSS
Custom Sidebar Menu,Custom Sidebar Menu
Custom Translation,Custom Translation
Custom field renamed to {0} successfully.,Custom field renamed to {0} successfully.
Custom?,Custom?
Customization,Customization
Customization onboarding is all done!,Customization onboarding is all done!
Customizations Reset,Customizations Reset
Customizations for <b>{0}</b> exported to:<br>{1},Customizations for <b>{0}</b> exported to:<br>{1}
Customize Child Table,Customize Child Table
Customize Dashboard,Customize Dashboard
Customize Form - {0},Customize Form - {0}
Customize Form Field,Customize Form Field
Customize Print Formats,Customize Print Formats
"Customize properties, naming, fields and more for standard doctypes","Customize properties, naming, fields and more for standard doctypes"
Cut,Cut
Cyan,Cyan
DELETE,DELETE
DESC,DESC
DLE,DLE
DRAFT,DRAFT
Daily Event Digest is sent for Calendar Events where reminders are set.,Daily Event Digest is sent for Calendar Events where reminders are set.
Daily Events should finish on the Same Day.,Daily Events should finish on the Same Day.
Daily Long,Daily Long
Daily Maintenance,Daily Maintenance
Danger,Danger
Dark,Dark
Dark Color,Dark Color
Dark Theme,Dark Theme
Dashboard,Dashboard
Dashboard Chart,Dashboard Chart
Dashboard Chart Field,Dashboard Chart Field
Dashboard Chart Link,Dashboard Chart Link
Dashboard Chart Source,Dashboard Chart Source
Dashboard Manager,Dashboard Manager
Dashboard Name,Dashboard Name
Dashboard Settings,Dashboard Settings
Dashboards,Dashboards
Data,Data
Data Clipped,Data Clipped
Data Export,Data Export
Data Import Log,Data Import Log
Data Import Template,Data Import Template
Data Too Long,Data Too Long
Data missing in table,Data missing in table
Database,Database
Database Engine,Database Engine
Database Processes,Database Processes
Database Row Size Utilization,Database Row Size Utilization
Database Storage Usage By Tables,Database Storage Usage By Tables
Database Table Row Size Limit,Database Table Row Size Limit
"Database Table Row Size Utilization: {0}%, this limits number of fields you can add.","Database Table Row Size Utilization: {0}%, this limits number of fields you can add."
Database Version,Database Version
Date,Date
Date Format,Date Format
Date Range,Date Range
Date and Number Format,Date and Number Format
Date {0} must be in format: {1},Date {0} must be in format: {1}
Dates are often easy to guess.,Dates are often easy to guess.
Datetime,Datetime
Day of Week,Day of Week
Days,Days
Days After,Days After
Days Before,Days Before
Days Before or After,Days Before or After
Deadlock Occurred,Deadlock Occurred
Dear,Dear
"Dear System Manager,","Dear System Manager,"
"Dear User,","Dear User,"
Dear {0},Dear {0}
Debug Log,Debug Log
Default Address Template cannot be deleted,Default Address Template cannot be deleted
Default Amendment Naming,Default Amendment Naming
Default App,Default App
Default Email Template,Default Email Template
Default Inbox,Default Inbox
Default Incoming,Default Incoming
Default Letter Head,Default Letter Head
Default Naming,Default Naming
Default Outgoing,Default Outgoing
Default Portal Home,Default Portal Home
Default Print Format,Default Print Format
Default Print Language,Default Print Language
Default Redirect URI,Default Redirect URI
Default Role at Time of Signup,Default Role at Time of Signup
Default Sending,Default Sending
Default Sending and Inbox,Default Sending and Inbox
Default Sort Field,Default Sort Field
Default Sort Order,Default Sort Order
Default Template For Field,Default Template For Field
Default Theme,Default Theme
Default User Role,Default User Role
Default User Type,Default User Type
Default Value,Default Value
Default View,Default View
Default Workspace,Default Workspace
Default display currency,Default display currency
Default for 'Check' type of field {0} must be either '0' or '1',Default for 'Check' type of field {0} must be either '0' or '1'
Default value for {0} must be in the list of options.,Default value for {0} must be in the list of options.
Default {0},Default {0}
"Default: \""Contact Us\","Default: \""Contact Us\"
DefaultValue,DefaultValue
Defaults Updated,Defaults Updated
Defines actions on states and the next step and allowed roles.,Defines actions on states and the next step and allowed roles.
Defines workflow states and rules for a document.,Defines workflow states and rules for a document.
Delayed,Delayed
Delete Account,Delete Account
Delete All,Delete All
Delete Column,Delete Column
Delete Data,Delete Data
Delete Kanban Board,Delete Kanban Board
Delete Section,Delete Section
Delete Tab,Delete Tab
Delete Workspace,Delete Workspace
Delete and Generate New,Delete and Generate New
Delete column,Delete column
Delete entire column with fields,Delete entire column with fields
Delete entire section with fields,Delete entire section with fields
Delete entire tab with fields,Delete entire tab with fields
Delete section,Delete section
Delete tab,Delete tab
Delete this record to allow sending to this email address,Delete this record to allow sending to this email address
Deleted,Deleted
Deleted DocType,Deleted DocType
Deleted Document,Deleted Document
Deleted Documents,Deleted Documents
Deleted Name,Deleted Name
Deletion Steps,Deletion Steps
Delimiter must be a single character,Delimiter must be a single character
Delivery Status,Delivery Status
Deny,Deny
Dependencies,Dependencies
Depends On,Depends On
Descendants Of,Descendants Of
Descendants Of (inclusive),Descendants Of (inclusive)
"Description for listing page, in plain text, only a couple of lines. (max 200 characters)","Description for listing page, in plain text, only a couple of lines. (max 200 characters)"
Description to inform the user about any action that is going to be performed,Description to inform the user about any action that is going to be performed
Desk Access,Desk Access
Desk Settings,Desk Settings
Desk Theme,Desk Theme
Desk User,Desk User
Desktop Icon,Desktop Icon
Desktop Icon already exists,Desktop Icon already exists
Did not add,Did not add
Did not remove,Did not remove
Diff,Diff
"Different \""States\"" this document can exist in. Like \""Open\"", \""Pending Approval\"" etc.","Different \""States\"" this document can exist in. Like \""Open\"", \""Pending Approval\"" etc."
Digits,Digits
Directory Server,Directory Server
Disable Auto Refresh,Disable Auto Refresh
Disable Automatic Recency Filters,Disable Automatic Recency Filters
Disable Change Log Notification,Disable Change Log Notification
Disable Comment Count,Disable Comment Count
Disable Comments,Disable Comments
Disable Count,Disable Count
Disable Document Sharing,Disable Document Sharing
Disable Likes,Disable Likes
Disable Report,Disable Report
Disable SMTP server authentication,Disable SMTP server authentication
Disable Sidebar Stats,Disable Sidebar Stats
Disable Signup for your site,Disable Signup for your site
Disable Standard Email Footer,Disable Standard Email Footer
Disable System Update Notification,Disable System Update Notification
Disable Username/Password Login,Disable Username/Password Login
Disable signups,Disable signups
Disabled Auto Reply,Disabled Auto Reply
Discard?,Discard?
Disclaimer: These indexes are suggested based on data and queries performed during this recording. These suggestions may or may not help.,Disclaimer: These indexes are suggested based on data and queries performed during this recording. These suggestions may or may not help.
Discussion Reply,Discussion Reply
Discussion Topic,Discussion Topic
Display,Display
Display Depends On,Display Depends On
Display Depends On (JS),Display Depends On (JS)
Divider,Divider
Do Not Create New User,Do Not Create New User
Do not create new user if user with email does not exist in the system,Do not create new user if user with email does not exist in the system
Do not edit headers which are preset in the template,Do not edit headers which are preset in the template
Do not have permission to access bucket {0}.,Do not have permission to access bucket {0}.
Do you still want to proceed?,Do you still want to proceed?
Doc Event,Doc Event
Doc Events,Doc Events
Doc Status,Doc Status
DocField,DocField
DocPerm,DocPerm
DocShare,DocShare
DocType,DocType
DocType <b>{0}</b> provided for the field <b>{1}</b> must have atleast one Link field,DocType <b>{0}</b> provided for the field <b>{1}</b> must have atleast one Link field
DocType Action,DocType Action
DocType Event,DocType Event
DocType Layout,DocType Layout
DocType Layout Field,DocType Layout Field
DocType Link,DocType Link
DocType State,DocType State
DocType View,DocType View
DocType can not be merged,DocType can not be merged
DocType can only be renamed by Administrator,DocType can only be renamed by Administrator
DocType is a Table / Form in the application.,DocType is a Table / Form in the application.
DocType must be Submittable for the selected Doc Event,DocType must be Submittable for the selected Doc Event
DocType must be a string,DocType must be a string
DocType must have atleast one field,DocType must have atleast one field
DocType not supported by Log Settings.,DocType not supported by Log Settings.
DocType on which this Workflow is applicable.,DocType on which this Workflow is applicable.
DocType required,DocType required
DocType {0} does not exist.,DocType {0} does not exist.
DocType {} not found,DocType {} not found
DocType's name should not start or end with whitespace,DocType's name should not start or end with whitespace
"DocTypes can not be modified, please use {0} instead","DocTypes can not be modified, please use {0} instead"
Doctype,Doctype
Doctype name is limited to {0} characters ({1}),Doctype name is limited to {0} characters ({1})
Doctype required,Doctype required
Doctype with same route already exist. Please choose different title.,Doctype with same route already exist. Please choose different title.
Document,Document
Document Actions,Document Actions
Document Follow,Document Follow
Document Follow Notification,Document Follow Notification
Document Link,Document Link
Document Linking,Document Linking
Document Links,Document Links
Document Links Row #{0}: Could not find field {1} in {2} DocType,Document Links Row #{0}: Could not find field {1} in {2} DocType
Document Links Row #{0}: Invalid doctype or fieldname.,Document Links Row #{0}: Invalid doctype or fieldname.
Document Links Row #{0}: Parent DocType is mandatory for internal links,Document Links Row #{0}: Parent DocType is mandatory for internal links
Document Links Row #{0}: Table Fieldname is mandatory for internal links,Document Links Row #{0}: Table Fieldname is mandatory for internal links
Document Name,Document Name
Document Name must be a string,Document Name must be a string
Document Naming Rule,Document Naming Rule
Document Naming Rule Condition,Document Naming Rule Condition
Document Naming Settings,Document Naming Settings
Document Queued,Document Queued
Document Restoration Summary,Document Restoration Summary
Document Restored,Document Restored
Document Saved,Document Saved
Document Share Key,Document Share Key
Document Share Key Expiry (in Days),Document Share Key Expiry (in Days)
Document Share Report,Document Share Report
Document States,Document States
Document Status,Document Status
Document Tag,Document Tag
Document Title,Document Title
Document Type and Function are required to create a number card,Document Type and Function are required to create a number card
Document Type is not importable,Document Type is not importable
Document Type is not submittable,Document Type is not submittable
Document Type to Track,Document Type to Track
Document Type {0} has been repeated.,Document Type {0} has been repeated.
Document Types,Document Types
Document Types (Select Permissions Only),Document Types (Select Permissions Only)
Document Types and Permissions,Document Types and Permissions
Document Unlocked,Document Unlocked
Document has been cancelled,Document has been cancelled
Document has been submitted,Document has been submitted
Document is in draft state,Document is in draft state
Document is only editable by users with role,Document is only editable by users with role
Document not Relinked,Document not Relinked
Document type is required to create a dashboard chart,Document type is required to create a dashboard chart
Document {0} Already Restored,Document {0} Already Restored
Document {0} has been set to state {1} by {2},Document {0} has been set to state {1} by {2}
Document {0} {1} does not exist,Document {0} {1} does not exist
Documentation Link,Documentation Link
Documentation URL,Documentation URL
Documents,Documents
Documents restored successfully,Documents restored successfully
Documents that failed to restore,Documents that failed to restore
Documents that were already restored,Documents that were already restored
Domain,Domain
Domain Name,Domain Name
Domain Settings,Domain Settings
Domains HTML,Domains HTML
"Don't HTML Encode HTML tags like &lt;script&gt; or just characters like &lt; or &gt;, as they could be intentionally used in this field","Don't HTML Encode HTML tags like &lt;script&gt; or just characters like &lt; or &gt;, as they could be intentionally used in this field"
Don't Import,Don't Import
Don't Override Status,Don't Override Status
"Don't encode HTML tags like &lt;script&gt; or just characters like &lt; or &gt;, as they could be intentionally used in this field","Don't encode HTML tags like &lt;script&gt; or just characters like &lt; or &gt;, as they could be intentionally used in this field"
Don't have an account?,Don't have an account?
Done,Done
Donut,Donut
Double click to edit label,Double click to edit label
Download,Download
Download Backups,Download Backups
Download Data,Download Data
Download Files Backup,Download Files Backup
Download Link,Download Link
Download PDF,Download PDF
Download Report,Download Report
Download Your Data,Download Your Data
Download as CSV,Download as CSV
Download vCard,Download vCard
Download vCards,Download vCards
Dr,Dr
Drag,Drag
Drag & Drop a section here from another tab,Drag & Drop a section here from another tab
Drag columns to set order. Column width is set in percentage. The total width should not be more than 100. Columns marked in red will be removed.,Drag columns to set order. Column width is set in percentage. The total width should not be more than 100. Columns marked in red will be removed.
Drag elements from the sidebar to add. Drag them back to trash.,Drag elements from the sidebar to add. Drag them back to trash.
Drag to add state,Drag to add state
Drop files here,Drop files here
Dropbox Access Token,Dropbox Access Token
Dropbox Refresh Token,Dropbox Refresh Token
Dropbox Settings,Dropbox Settings
Dropbox Setup,Dropbox Setup
Dropdowns,Dropdowns
Due Date,Due Date
Due Date Based On,Due Date Based On
Duplicate Entry,Duplicate Entry
Duplicate Filter Name,Duplicate Filter Name
Duplicate Name,Tên bị trùng
Duplicate Workspace,Duplicate Workspace
Duplicate current row,Duplicate current row
Duplicate field,Duplicate field
Duplicate of {0} named as {1} is created successfully,Duplicate of {0} named as {1} is created successfully
Duration,Duration
Dynamic,Dynamic
Dynamic Filters,Dynamic Filters
Dynamic Filters JSON,Dynamic Filters JSON
Dynamic Filters Section,Dynamic Filters Section
Dynamic Link,Dynamic Link
Dynamic Report Filters,Dynamic Report Filters
Dynamic Route,Dynamic Route
Dynamic Template,Dynamic Template
ESC,ESC
"Each document created in ERPNext can have a unique ID generated for it, using a prefix defined for it. Though each document has some prefix pre-configured, you can further customize it using tools like Naming Series Tool and Document Naming Rule.\n","Each document created in ERPNext can have a unique ID generated for it, using a prefix defined for it. Though each document has some prefix pre-configured, you can further customize it using tools like Naming Series Tool and Document Naming Rule.\n"
Edit Auto Email Report Settings,Edit Auto Email Report Settings
Edit Custom HTML,Edit Custom HTML
Edit DocType,Edit DocType
Edit Existing,Edit Existing
Edit Footer,Edit Footer
Edit Format,Edit Format
Edit HTML,Edit HTML
Edit Header,Edit Header
Edit Heading,Edit Heading
Edit Letter Head,Edit Letter Head
Edit Letter Head Footer,Edit Letter Head Footer
Edit Print Format,Edit Print Format
Edit Properties,Edit Properties
Edit Values,Edit Values
Edit Workspace,Edit Workspace
Edit mode,Edit mode
Edit to add content,Edit to add content
Edit your response,Edit your response
Edit your workflow visually using the Workflow Builder.,Edit your workflow visually using the Workflow Builder.
Edit {0},Edit {0}
Editable Grid,Editable Grid
Eg. smsgateway.com/api/send_sms.cgi,Eg. smsgateway.com/api/send_sms.cgi
Either key or IP flag is required.,Either key or IP flag is required.
Element Selector,Element Selector
Email,Email
Email Account,Email Account
Email Account Disabled.,Email Account Disabled.
Email Account Name,Email Account Name
Email Account added multiple times,Email Account added multiple times
Email Account not setup. Please create a new Email Account from Settings > Email Account,Email Account not setup. Please create a new Email Account from Settings > Email Account
Email Address whose Google Contacts are to be synced.,Email Address whose Google Contacts are to be synced.
Email Addresses,Email Addresses
Email Domain,Email Domain
Email Flag Queue,Email Flag Queue
Email Footer Address,Email Footer Address
Email Group,Email Group
Email Group Member,Email Group Member
Email ID,Email ID
Email IDs,Email IDs
Email Id,Email Id
Email Inbox,Email Inbox
Email Queue,Email Queue
Email Queue Recipient,Email Queue Recipient
Email Queue flushing aborted due to too many failures.,Email Queue flushing aborted due to too many failures.
Email Queue records.,Email Queue records.
Email Reply Help,Email Reply Help
Email Retry Limit,Email Retry Limit
Email Rule,Email Rule
Email Sent,Email Sent
Email Sent At,Email Sent At
Email Signature,Email Signature
Email Status,Email Status
Email Sync Option,Email Sync Option
Email Template,Email Template
Email To,Email To
Email Unsubscribe,Email Unsubscribe
Email has been marked as spam,Email has been marked as spam
Email has been moved to trash,Email has been moved to trash
Email not sent to {0} (unsubscribed / disabled),Email not sent to {0} (unsubscribed / disabled)
Email not verified with {0},Email not verified with {0}
Email queue is currently suspended. Resume to automatically send other emails.,Email queue is currently suspended. Resume to automatically send other emails.
Emails,Emails
Emails Pulled,Emails Pulled
Emails are already being pulled from this account.,Emails are already being pulled from this account.
Emails are muted,Emails are muted
Emails will be sent with next possible workflow actions,Emails will be sent with next possible workflow actions
Embed code copied,Embed code copied
Empty column,Empty column
Enable,Enable
Enable Allow Auto Repeat for the doctype {0} in Customize Form,Enable Allow Auto Repeat for the doctype {0} in Customize Form
Enable Auto Reply,Enable Auto Reply
Enable Automatic Backup,Enable Automatic Backup
Enable Automatic Linking in Documents,Enable Automatic Linking in Documents
Enable Comments,Enable Comments
Enable Email Notification,Enable Email Notification
Enable Google API in Google Settings.,Enable Google API in Google Settings.
Enable Google indexing,Enable Google indexing
Enable Incoming,Enable Incoming
Enable Onboarding,Enable Onboarding
Enable Outgoing,Enable Outgoing
Enable Password Policy,Enable Password Policy
Enable Prepared Report,Enable Prepared Report
Enable Print Server,Enable Print Server
Enable Push Notification Relay,Enable Push Notification Relay
Enable Rate Limit,Enable Rate Limit
Enable Raw Printing,Enable Raw Printing
Enable Report,Enable Report
Enable Scheduled Jobs,Enable Scheduled Jobs
Enable Scheduler,Enable Scheduler
Enable Security,Enable Security
Enable Social Login,Enable Social Login
Enable Social Sharing,Enable Social Sharing
Enable Tracking Page Views,Enable Tracking Page Views
Enable Two Factor Auth,Enable Two Factor Auth
Enable Website Tracking,Enable Website Tracking
Enable developer mode to create a standard Print Template,Enable developer mode to create a standard Print Template
Enable developer mode to create a standard Web Template,Enable developer mode to create a standard Web Template
Enable email notification for any comment or likes received on your Blog Post.,Enable email notification for any comment or likes received on your Blog Post.
Enable in-app website tracking,Enable in-app website tracking
Enabled Scheduler,Enabled Scheduler
Enabled email inbox for user {0},Enabled email inbox for user {0}
Enabled scheduled execution for script {0},Enabled scheduled execution for script {0}
Enables Calendar and Gantt views.,Enables Calendar and Gantt views.
Enabling auto reply on an incoming email account will send automated replies to all the synchronized emails. Do you wish to continue?,Enabling auto reply on an incoming email account will send automated replies to all the synchronized emails. Do you wish to continue?
"Enabling this will register your site on a central relay server to send push notifications for all installed apps through Firebase Cloud Messaging. This server only stores user tokens and error logs, and no messages are saved.","Enabling this will register your site on a central relay server to send push notifications for all installed apps through Firebase Cloud Messaging. This server only stores user tokens and error logs, and no messages are saved."
Enabling this will submit documents in background,Enabling this will submit documents in background
Encrypt Backups,Encrypt Backups
Encryption key is in invalid format!,Encryption key is in invalid format!
Encryption key is invalid! Please check site_config.json,Encryption key is invalid! Please check site_config.json
End,End
End Date,End Date
End Date Field,End Date Field
End Date cannot be before Start Date!,End Date cannot be before Start Date!
Ended At,Ended At
Endpoint URL,Endpoint URL
Endpoints,Endpoints
Ends on,Ends on
Energy Point,Energy Point
Energy Point Log,Energy Point Log
Energy Point Rule,Energy Point Rule
Energy Point Settings,Energy Point Settings
Energy Point Update on {0},Energy Point Update on {0}
Enqueued By,Enqueued By
Enqueued creation of indexes,Enqueued creation of indexes
Ensure the user and group search paths are correct.,Ensure the user and group search paths are correct.
Enter Client Id and Client Secret in Google Settings.,Enter Client Id and Client Secret in Google Settings.
Enter Code displayed in OTP App.,Enter Code displayed in OTP App.
Enter Email Recipient(s),Enter Email Recipient(s)
Enter Form Type,Enter Form Type
Enter Value,Enter Value
Enter a name for this {0},Enter a name for this {0}
"Enter default value fields (keys) and values. If you add multiple values for a field, the first one will be picked. These defaults are also used to set \""match\"" permission rules. To see list of fields, go to \""Customize Form\"".","Enter default value fields (keys) and values. If you add multiple values for a field, the first one will be picked. These defaults are also used to set \""match\"" permission rules. To see list of fields, go to \""Customize Form\""."
Enter folder name,Enter folder name
"Enter static url parameters here (Eg. sender=ERPNext, username=ERPNext, password=1234 etc.)","Enter static url parameters here (Eg. sender=ERPNext, username=ERPNext, password=1234 etc.)"
Enter url parameter for message,Enter url parameter for message
Enter url parameter for receiver nos,Enter url parameter for receiver nos
Enter your password,Enter your password
Entity Name,Entity Name
Entity Type,Entity Type
Error Code: {0},Error Code: {0}
Error Log,Error Log
Error Logs,Error Logs
Error Message,Error Message
"Error connecting to QZ Tray Application...<br><br> You need to have QZ Tray application installed and running, to use the Raw Print feature.<br><br><a target=\""_blank\"" href=\""https://qz.io/download/\"">Click here to Download and install QZ Tray</a>.<br> <a target=\""_blank\"" href=\""https://erpnext.com/docs/user/manual/en/setting-up/print/raw-printing\"">Click here to learn more about Raw Printing</a>.","Error connecting to QZ Tray Application...<br><br> You need to have QZ Tray application installed and running, to use the Raw Print feature.<br><br><a target=\""_blank\"" href=\""https://qz.io/download/\"">Click here to Download and install QZ Tray</a>.<br> <a target=\""_blank\"" href=\""https://erpnext.com/docs/user/manual/en/setting-up/print/raw-printing\"">Click here to learn more about Raw Printing</a>."
Error connecting via IMAP/POP3: {e},Error connecting via IMAP/POP3: {e}
Error connecting via SMTP: {e},Error connecting via SMTP: {e}
Error has occurred in {0},Error has occurred in {0}
Error in Client Script,Error in Client Script
Error in Client Script.,Error in Client Script.
Error in Header/Footer Script,Error in Header/Footer Script
Error in Notification,Error in Notification
Error in print format on line {0}: {1},Error in print format on line {0}: {1}
Error while connecting to email account {0},Error while connecting to email account {0}
Error while evaluating Notification {0}. Please fix your template.,Error while evaluating Notification {0}. Please fix your template.
Error: Document has been modified after you have opened it,Error: Document has been modified after you have opened it
Error: Value missing for {0}: {1},Error: Value missing for {0}: {1}
Errors,Errors
Event Category,Event Category
Event Frequency,Event Frequency
Event Participants,Event Participants
Event Synced with Google Calendar.,Event Synced with Google Calendar.
Event Type,Event Type
Events in Today's Calendar,Events in Today's Calendar
"Ex: \""colors\"": [\""#d1d8dd\"", \""#ff5858\""]","Ex: \""colors\"": [\""#d1d8dd\"", \""#ff5858\""]"
Exact Copies,Exact Copies
Example,Example
"Example: \""/desk\","Example: \""/desk\"
Example: #Tree/Account,Example: #Tree/Account
Example: 00001,Example: 00001
Example: Setting this to 24:00 will log out a user if they are not active for 24:00 hours.,Example: Setting this to 24:00 will log out a user if they are not active for 24:00 hours.
Example: {{ subject }},Example: {{ subject }}
Excel,Excel
Excellent,Excellent
Exception,Exception
Execute,Execute
Execute Console script,Execute Console script
Executing...,Executing...
Executive,Executive
Experimental,Experimental
Expert,Expert
Expiration time,Expiration time
Expire Notification On,Expire Notification On
Expired,Expired
Expires In,Expires In
Expires On,Expires On
Expiry time of QR Code Image Page,Expiry time of QR Code Image Page
Export 1 record,Export 1 record
Export Custom Permissions,Export Custom Permissions
Export Customizations,Export Customizations
Export From,Export From
Export Import Log,Export Import Log
Export Report: {0},Export Report: {0}
Export all matching rows?,Export all matching rows?
Export all {0} rows?,Export all {0} rows?
Export as zip,Export as zip
Export not allowed. You need {0} role to export.,Export not allowed. You need {0} role to export.
Export the data without any header notes and column descriptions,Export the data without any header notes and column descriptions
Export without main header,Export without main header
Export {0} records,Export {0} records
Exported permissions will be force-synced on every migrate overriding any other customization.,Exported permissions will be force-synced on every migrate overriding any other customization.
Expose Recipients,Expose Recipients
Expression,Expression
Expression (old style),Expression (old style)
"Expression, Optional","Expression, Optional"
Extra Parameters,Extra Parameters
Facebook,Facebook
Fail,Fail
Failed,Failed
Failed Emails,Failed Emails
Failed Job Count,Failed Job Count
Failed Jobs,Failed Jobs
Failed Logins (Last 30 days),Failed Logins (Last 30 days)
Failed to aquire lock: {}. Lock may be held by another process.,Failed to aquire lock: {}. Lock may be held by another process.
Failed to change password.,Failed to change password.
Failed to complete setup,Failed to complete setup
Failed to compute request body: {},Failed to compute request body: {}
Failed to connect to server,Failed to connect to server
"Failed to decode token, please provide a valid base64-encoded token.","Failed to decode token, please provide a valid base64-encoded token."
Failed to decrypt key {0},Failed to decrypt key {0}
Failed to delete {0} documents: {1},Failed to delete {0} documents: {1}
Failed to enable scheduler: {0},Failed to enable scheduler: {0}
Failed to evaluate conditions: {},Failed to evaluate conditions: {}
Failed to export python type hints,Failed to export python type hints
Failed to generate names from the series,Failed to generate names from the series
Failed to generate preview of series,Failed to generate preview of series
Failed to get method for command {0} with {1},Failed to get method for command {0} with {1}
Failed to get method {0} with {1},Failed to get method {0} with {1}
Failed to get site info,Failed to get site info
"Failed to import virtual doctype {}, is controller file present?","Failed to import virtual doctype {}, is controller file present?"
Failed to optimize image: {0},Failed to optimize image: {0}
Failed to request login to Frappe Cloud,Failed to request login to Frappe Cloud
Failed to send email with subject:,Failed to send email with subject:
Failed to send notification email,Failed to send notification email
Failed to update global settings,Failed to update global settings
Failed while calling API {0},Failed while calling API {0}
Failing Scheduled Jobs (last 7 days),Failing Scheduled Jobs (last 7 days)
Failure,Failure
Failure Rate,Failure Rate
FavIcon,FavIcon
Fax,Fax
Featured,Featured
Feedback,Feedback
Feedback Request,Feedback Request
Fetch From,Fetch From
Fetch Images,Fetch Images
Fetch attached images from document,Fetch attached images from document
Fetch on Save if Empty,Fetch on Save if Empty
Fetching default Global Search documents.,Fetching default Global Search documents.
"Field \""route\"" is mandatory for Web Views","Field \""route\"" is mandatory for Web Views"
"Field \""title\"" is mandatory if \""Website Search Field\"" is set.","Field \""title\"" is mandatory if \""Website Search Field\"" is set."
"Field \""value\"" is mandatory. Please specify value to be updated","Field \""value\"" is mandatory. Please specify value to be updated"
Field Description,Field Description
Field Missing,Field Missing
Field Name,Field Name
Field Orientation (Left-Right),Field Orientation (Left-Right)
Field Orientation (Top-Down),Field Orientation (Top-Down)
Field Template,Field Template
Field To Check,Field To Check
Field Type,Field Type
Field not permitted in query,Field not permitted in query
"Field that represents the Workflow State of the transaction (if field is not present, a new hidden Custom Field will be created)","Field that represents the Workflow State of the transaction (if field is not present, a new hidden Custom Field will be created)"
Field to Track,Field to Track
Field type cannot be changed for {0},Field type cannot be changed for {0}
Field {0} does not exist on {1},Field {0} does not exist on {1}
Field {0} is referring to non-existing doctype {1}.,Field {0} is referring to non-existing doctype {1}.
Field {0} not found.,Field {0} not found.
Fieldname '{0}' conflicting with a {1} of the name {2} in {3},Fieldname '{0}' conflicting with a {1} of the name {2} in {3}
Fieldname called {0} must exist to enable autonaming,Fieldname called {0} must exist to enable autonaming
Fieldname is limited to 64 characters ({0}),Fieldname is limited to 64 characters ({0})
Fieldname not set for Custom Field,Fieldname not set for Custom Field
Fieldname which will be the DocType for this link field.,Fieldname which will be the DocType for this link field.
Fieldname {0} appears multiple times,Fieldname {0} appears multiple times
Fieldname {0} cannot have special characters like {1},Fieldname {0} cannot have special characters like {1}
Fieldname {0} conflicting with meta object,Fieldname {0} conflicting with meta object
Fieldname {0} is restricted,Fieldname {0} is restricted
Fields,Fields
Fields Multicheck,Fields Multicheck
Fields `file_name` or `file_url` must be set for File,Fields `file_name` or `file_url` must be set for File
"Fields separated by comma (,) will be included in the \""Search By\"" list of Search dialog box","Fields separated by comma (,) will be included in the \""Search By\"" list of Search dialog box"
Fieldtype,Fieldtype
Fieldtype cannot be changed from {0} to {1},Fieldtype cannot be changed from {0} to {1}
Fieldtype cannot be changed from {0} to {1} in row {2},Fieldtype cannot be changed from {0} to {1} in row {2}
File,File
"File \""{0}\"" was skipped because of invalid file type","File \""{0}\"" was skipped because of invalid file type"
File '{0}' not found,File '{0}' not found
File Backup,File Backup
File Information,File Information
File Manager,File Manager
File Name,File Name
File Size,File Size
File Storage,File Storage
File URL,File URL
File backup is ready,File backup is ready
File name cannot have {0},File name cannot have {0}
File not attached,File not attached
File size exceeded the maximum allowed size of {0} MB,File size exceeded the maximum allowed size of {0} MB
File too big,File too big
File type of {0} is not allowed,File type of {0} is not allowed
File {0} does not exist,File {0} does not exist
Files,Files
Filter Data,Filter Data
Filter List,Filter List
Filter Meta,Filter Meta
Filter Values,Filter Values
Filter must be a tuple or list (in a list),Filter must be a tuple or list (in a list)
"Filter must have 4 values (doctype, fieldname, operator, value): {0}","Filter must have 4 values (doctype, fieldname, operator, value): {0}"
Filter...,Filter...
Filtered By,Filtered By
"Filtered by \""{0}\","Filtered by \""{0}\"
Filters Configuration,Filters Configuration
Filters Display,Filters Display
Filters JSON,Filters JSON
Filters Section,Filters Section
Filters saved,Filters saved
"Filters will be accessible via <code>filters</code>. <br><br>Send output as <code>result = [result]</code>, or for old style <code>data = [columns], [result]</code>","Filters will be accessible via <code>filters</code>. <br><br>Send output as <code>result = [result]</code>, or for old style <code>data = [columns], [result]</code>"
Filters:,Filters:
Find '{0}' in ...,Find '{0}' in ...
Find {0} in {1},Find {0} in {1}
Finished,Finished
Finished At,Finished At
First Day of the Week,First Day of the Week
First Success Message,First Success Message
First Transaction,First Transaction
First data column must be blank.,First data column must be blank.
First set the name and save the record.,First set the name and save the record.
Fit,Fit
Flag,Flag
Float,Float
Float Precision,Float Precision
Fold,Fold
Fold can not be at the end of the form,Fold can not be at the end of the form
Fold must come before a Section Break,Fold must come before a Section Break
Folder,Folder
Folder Name,Folder Name
Folder name should not include '/' (slash),Folder name should not include '/' (slash)
Folder {0} is not empty,Folder {0} is not empty
Folio,Folio
Followed by,Followed by
Following Report Filters have missing values:,Following Report Filters have missing values:
Following fields are missing:,Following fields are missing:
Following fields have invalid values:,Following fields have invalid values:
Following fields have missing values,Following fields have missing values
Following links are broken in the email content: {0},Following links are broken in the email content: {0}
Font,Font
Font Properties,Font Properties
Font Size,Font Size
Fonts,Fonts
Footer,Footer
"Footer \""Powered By\","Footer \""Powered By\"
Footer Based On,Footer Based On
Footer Content,Footer Content
Footer Details,Footer Details
Footer HTML,Footer HTML
Footer HTML set from attachment {0},Footer HTML set from attachment {0}
Footer Image,Footer Image
Footer Items,Footer Items
Footer Logo,Footer Logo
Footer Script,Footer Script
Footer Template,Footer Template
Footer Template Values,Footer Template Values
Footer might not be visible as {0} option is disabled</div>,Footer might not be visible as {0} option is disabled</div>
Footer will display correctly only in PDF,Footer will display correctly only in PDF
For DocType Link / DocType Action,For DocType Link / DocType Action
For Document Event,For Document Event
For Document Type,For Document Type
For Example: {} Open,For Example: {} Open
For User,For User
For Value,For Value
For example if you cancel and amend INV004 it will become a new document INV004-1. This helps you to keep track of each amendment.,For example if you cancel and amend INV004 it will become a new document INV004-1. This helps you to keep track of each amendment.
For example:,For example:
"For example: If you want to include the document ID, use {0}","For example: If you want to include the document ID, use {0}"
For example: {} Open,For example: {} Open
"For help see <a href=\""https://frappeframework.com/docs/user/en/guides/portal-development/web-forms\"" target=\""_blank\"">Client Script API and Examples</a>","For help see <a href=\""https://frappeframework.com/docs/user/en/guides/portal-development/web-forms\"" target=\""_blank\"">Client Script API and Examples</a>"
"For more information, <a class=\""text-muted\"" href=\""https://erpnext.com/docs/user/manual/en/setting-up/email/linking-emails-to-document\"">click here</a>.","For more information, <a class=\""text-muted\"" href=\""https://erpnext.com/docs/user/manual/en/setting-up/email/linking-emails-to-document\"">click here</a>."
"For more information, {0}.","For more information, {0}."
"For multiple addresses, enter the address on different line. e.g. test@test.com ⏎ test1@test.com","For multiple addresses, enter the address on different line. e.g. test@test.com ⏎ test1@test.com"
"For updating, you can update only selective columns.","For updating, you can update only selective columns."
For {0} at level {1} in {2} in row {3},For {0} at level {1} in {2} in row {3}
Force,Force
Force Re-route to Default View,Force Re-route to Default View
Force Show,Force Show
Force Stop job,Force Stop job
Force User to Reset Password,Force User to Reset Password
Force Web Capture Mode for Uploads,Force Web Capture Mode for Uploads
Forgot Password?,Forgot Password?
Form,Form
Form Builder,Form Builder
Form Dict,Form Dict
Form Settings,Form Settings
Form Tour,Form Tour
Form Tour Step,Form Tour Step
Form URL-Encoded,Form URL-Encoded
Format,Format
Format Data,Format Data
Forward,Forward
Forward To Email Address,Forward To Email Address
Fraction,Fraction
Fraction Units,Fraction Units
Frappe,Frappe
Frappe Framework,Frappe Framework
Frappe Light,Frappe Light
Frappe Support,Frappe Support
Frappe page builder using components,Frappe page builder using components
Free,Free
Frequency,Frequency
Friday,Friday
From,From
From Date,From Date
From Date Field,From Date Field
From Document Type,From Document Type
From Full Name,From Full Name
From User,From User
From version,From version
Full,Full
Full Width,Full Width
Function,Function
Function Based On,Function Based On
Function {0} is not whitelisted.,Function {0} is not whitelisted.
Further nodes can be only created under 'Group' type nodes,Further nodes can be only created under 'Group' type nodes
Fw: {0},Fw: {0}
GET,GET
GMail,GMail
GNU Affero General Public License,GNU Affero General Public License
GNU General Public License,GNU General Public License
Gantt,Gantt
Genderqueer,Genderqueer
General,General
Generate Custom Reports,Generate Custom Reports
Generate Keys,Generate Keys
Generate New Report,Generate New Report
Generate Random Password,Generate Random Password
Generate Tracking URL,Generate Tracking URL
Geolocation,Geolocation
Get Alerts for Today,Get Alerts for Today
Get Backup Encryption Key,Get Backup Encryption Key
Get Contacts,Get Contacts
Get Fields,Get Fields
Get Header and Footer wkhtmltopdf variables,Get Header and Footer wkhtmltopdf variables
Get Items,Get Items
Get OpenID Configuration,Get OpenID Configuration
Get PDF,Get PDF
Get a preview of generated names with a series.,Get a preview of generated names with a series.
Get more insights with,Get more insights with
Get your globally recognized avatar from Gravatar.com,Get your globally recognized avatar from Gravatar.com
Git Branch,Git Branch
GitHub,GitHub
Github flavoured markdown syntax,Github flavoured markdown syntax
Give Review Points,Give Review Points
Global Search DocType,Global Search DocType
Global Search Document Types Reset.,Global Search Document Types Reset.
Global Search Settings,Global Search Settings
Global Shortcuts,Global Shortcuts
Global Unsubscribe,Global Unsubscribe
Go,Go
Go Back,Go Back
Go to Notification Settings List,Go to Notification Settings List
Go to Page,Go to Page
Go to Workflow,Go to Workflow
Go to Workspace,Go to Workspace
Go to next record,Go to next record
Go to previous record,Go to previous record
Go to the document,Go to the document
Go to this URL after completing the form,Go to this URL after completing the form
Go to {0},Go to {0}
Go to {0} Page,Go to {0} Page
Goal,Goal
Google,Google
Google Analytics ID,Google Analytics ID
Google Analytics anonymise IP,Google Analytics anonymise IP
Google Calendar,Google Calendar
Google Calendar - Contact / email not found. Did not add attendee for -<br>{0},Google Calendar - Contact / email not found. Did not add attendee for -<br>{0}
"Google Calendar - Could not create Calendar for {0}, error code {1}.","Google Calendar - Could not create Calendar for {0}, error code {1}."
"Google Calendar - Could not delete Event {0} from Google Calendar, error code {1}.","Google Calendar - Could not delete Event {0} from Google Calendar, error code {1}."
"Google Calendar - Could not fetch event from Google Calendar, error code {0}.","Google Calendar - Could not fetch event from Google Calendar, error code {0}."
"Google Calendar - Could not find Calendar for {0}, error code {1}.","Google Calendar - Could not find Calendar for {0}, error code {1}."
"Google Calendar - Could not insert contact in Google Contacts {0}, error code {1}.","Google Calendar - Could not insert contact in Google Contacts {0}, error code {1}."
"Google Calendar - Could not insert event in Google Calendar {0}, error code {1}.","Google Calendar - Could not insert event in Google Calendar {0}, error code {1}."
"Google Calendar - Could not update Event {0} in Google Calendar, error code {1}.","Google Calendar - Could not update Event {0} in Google Calendar, error code {1}."
Google Calendar Event ID,Google Calendar Event ID
Google Calendar ID,Google Calendar ID
Google Calendar has been configured.,Google Calendar has been configured.
Google Contacts,Google Contacts
"Google Contacts - Could not sync contacts from Google Contacts {0}, error code {1}.","Google Contacts - Could not sync contacts from Google Contacts {0}, error code {1}."
"Google Contacts - Could not update contact in Google Contacts {0}, error code {1}.","Google Contacts - Could not update contact in Google Contacts {0}, error code {1}."
Google Contacts Id,Google Contacts Id
Google Drive,Google Drive
Google Drive - Could not create folder in Google Drive - Error Code {0},Google Drive - Could not create folder in Google Drive - Error Code {0}
Google Drive - Could not find folder in Google Drive - Error Code {0},Google Drive - Could not find folder in Google Drive - Error Code {0}
Google Drive - Could not locate - {0},Google Drive - Could not locate - {0}
Google Drive Backup Successful.,Google Drive Backup Successful.
Google Drive Picker,Google Drive Picker
Google Drive Picker Enabled,Google Drive Picker Enabled
Google Font,Google Font
Google Meet Link,Google Meet Link
Google Services,Google Services
Google Settings,Google Settings
Google Sheets URL is invalid or not publicly accessible.,Google Sheets URL is invalid or not publicly accessible.
"Google Sheets URL must end with \""gid={number}\"". Copy and paste the URL from the browser address bar and try again.","Google Sheets URL must end with \""gid={number}\"". Copy and paste the URL from the browser address bar and try again."
Google Snippet Preview,Google Snippet Preview
Grant Type,Grant Type
Graph,Graph
Gray,Gray
Greater Than,Greater Than
Greater Than Or Equal To,Greater Than Or Equal To
Green,Green
Grid Empty State,Grid Empty State
Grid Page Length,Grid Page Length
Grid Shortcuts,Grid Shortcuts
Group,Group
Group By,Group By
Group By Based On,Group By Based On
Group By Type,Group By Type
Group By field is required to create a dashboard chart,Group By field is required to create a dashboard chart
Group Node,Group Node
Group Object Class,Group Object Class
Group your custom doctypes under modules,Group your custom doctypes under modules
Grouped by <span style='font-weight:600;'>{0}</b>,Grouped by <span style='font-weight:600;'>{0}</b>
HEAD,HEAD
HH:mm,HH:mm
HH:mm:ss,HH:mm:ss
HTML,HTML
HTML Editor,HTML Editor
HTML Page,HTML Page
HTML for header section. Optional,HTML for header section. Optional
HTML with jinja support,HTML with jinja support
Half,Half
Half Yearly,Half Yearly
Half-yearly,Half-yearly
Handled Emails,Handled Emails
Has  Attachment,Has  Attachment
Has Domain,Has Domain
Has Next Condition,Has Next Condition
Has Role,Has Role
Has Setup Wizard,Has Setup Wizard
Has Web View,Has Web View
Have an account? Login,Have an account? Login
Header,Header
Header HTML,Header HTML
Header HTML set from attachment {0},Header HTML set from attachment {0}
Header Script,Header Script
Header and Breadcrumbs,Header and Breadcrumbs
"Header, Robots","Header, Robots"
Header/Footer scripts can be used to add dynamic behaviours.,Header/Footer scripts can be used to add dynamic behaviours.
Headers,Headers
Headers must be a dictionary,Headers must be a dictionary
Heading,Heading
Heatmap,Heatmap
Hello,Hello
Help Article,Help Article
Help Articles,Help Articles
Help Category,Help Category
Help Dropdown,Help Dropdown
Help HTML,Help HTML
Help on Search,Help on Search
"Help: To link to another record in the system, use \""/app/note/[Note Name]\"" as the Link URL. (don't use \""http://\"")","Help: To link to another record in the system, use \""/app/note/[Note Name]\"" as the Link URL. (don't use \""http://\"")"
Helpful,Helpful
Helvetica,Helvetica
Helvetica Neue,Helvetica Neue
Here's your tracking URL,Here's your tracking URL
Hi {0},Hi {0}
Hidden,Hidden
Hidden Fields,Hidden Fields
Hide Block,Hide Block
Hide Border,Hide Border
Hide Buttons,Hide Buttons
Hide CTA,Hide CTA
Hide Copy,Hide Copy
Hide Custom DocTypes and Reports,Hide Custom DocTypes and Reports
Hide Days,Hide Days
Hide Descendants,Hide Descendants
Hide Error,Hide Error
Hide Login,Hide Login
Hide Preview,Hide Preview
"Hide Previous, Next and Close button on highlight dialog.","Hide Previous, Next and Close button on highlight dialog."
Hide Saved,Hide Saved
Hide Seconds,Hide Seconds
"Hide Sidebar, Menu, and Comments","Hide Sidebar, Menu, and Comments"
Hide Standard Menu,Hide Standard Menu
Hide Workspace,Hide Workspace
Hide descendant records of <b>For Value</b>.,Hide descendant records of <b>For Value</b>.
Hide details,Hide details
Hide footer in auto email reports,Hide footer in auto email reports
Hide footer signup,Hide footer signup
High,High
Higher priority rule will be applied first,Higher priority rule will be applied first
Highlight,Highlight
"Hint: Include symbols, numbers and capital letters in the password","Hint: Include symbols, numbers and capital letters in the password"
Home Page,Home Page
Home Settings,Home Settings
Home/Test Folder 1,Home/Test Folder 1
Home/Test Folder 1/Test Folder 3,Home/Test Folder 1/Test Folder 3
Home/Test Folder 2,Home/Test Folder 2
Hourly,Hourly
Hourly Long,Hourly Long
Hourly Maintenance,Hourly Maintenance
Hourly rate limit for generating password reset links,Hourly rate limit for generating password reset links
Hours,Hours
"How should this currency be formatted? If not set, will use system defaults","How should this currency be formatted? If not set, will use system defaults"
"I guess you don't have access to any workspace yet, but you can create one just for yourself. Click on the <b>Create Workspace</b> button to create one.<br>","I guess you don't have access to any workspace yet, but you can create one just for yourself. Click on the <b>Create Workspace</b> button to create one.<br>"
ID,ID
ID (name),ID (name)
ID (name) of the entity whose property is to be set,ID (name) of the entity whose property is to be set
"IDs must contain only alphanumeric characters, not contain spaces, and should be unique.","IDs must contain only alphanumeric characters, not contain spaces, and should be unique."
IMAP Details,IMAP Details
IMAP Folder,IMAP Folder
IP Address,IP Address
Icon,Icon
Icon will appear on the button,Icon will appear on the button
Identity Details,Identity Details
Idx,Idx
"If Apply Strict User Permission is checked and User Permission is defined for a DocType for a User, then all the documents where value of the link is blank, will not be shown to that User","If Apply Strict User Permission is checked and User Permission is defined for a DocType for a User, then all the documents where value of the link is blank, will not be shown to that User"
If Checked workflow status will not override status in list view,If Checked workflow status will not override status in list view
If Owner,If Owner
"If a Role does not have access at Level 0, then higher levels are meaningless.","If a Role does not have access at Level 0, then higher levels are meaningless."
"If checked, all other workflows become inactive.","If checked, all other workflows become inactive."
"If checked, negative numeric values of Currency, Quantity or Count would be shown as positive","If checked, negative numeric values of Currency, Quantity or Count would be shown as positive"
"If checked, users will not see the Confirm Access dialog.","If checked, users will not see the Confirm Access dialog."
"If disabled, this role will be removed from all users.","If disabled, this role will be removed from all users."
"If enabled,  user can login from any IP Address using Two Factor Auth, this can also be set for all users in System Settings","If enabled,  user can login from any IP Address using Two Factor Auth, this can also be set for all users in System Settings"
"If enabled, all responses on the web form will be submitted anonymously","If enabled, all responses on the web form will be submitted anonymously"
"If enabled, all users can login from any IP Address using Two Factor Auth. This can also be set only for specific user(s) in User Page","If enabled, all users can login from any IP Address using Two Factor Auth. This can also be set only for specific user(s) in User Page"
"If enabled, changes to the document are tracked and shown in timeline","If enabled, changes to the document are tracked and shown in timeline"
"If enabled, document views are tracked, this can happen multiple times","If enabled, document views are tracked, this can happen multiple times"
"If enabled, the document is marked as seen, the first time a user opens it","If enabled, the document is marked as seen, the first time a user opens it"
"If enabled, the notification will show up in the notifications dropdown on the top right corner of the navigation bar.","If enabled, the notification will show up in the notifications dropdown on the top right corner of the navigation bar."
"If enabled, the password strength will be enforced based on the Minimum Password Score value. A value of 2 being medium strong and 4 being very strong.","If enabled, the password strength will be enforced based on the Minimum Password Score value. A value of 2 being medium strong and 4 being very strong."
"If enabled, users who login from Restricted IP Address, won't be prompted for Two Factor Auth","If enabled, users who login from Restricted IP Address, won't be prompted for Two Factor Auth"
"If enabled, users will be notified every time they login. If not enabled, users will only be notified once.","If enabled, users will be notified every time they login. If not enabled, users will only be notified once."
"If left empty, the default workspace will be the last visited workspace","If left empty, the default workspace will be the last visited workspace"
If non standard port (e.g. 587),If non standard port (e.g. 587)
"If non standard port (e.g. 587). If on Google Cloud, try port 2525.","If non standard port (e.g. 587). If on Google Cloud, try port 2525."
"If non-standard port (e.g. POP3: 995/110, IMAP: 993/143)","If non-standard port (e.g. POP3: 995/110, IMAP: 993/143)"
"If not set, the currency precision will depend on number format","If not set, the currency precision will depend on number format"
"If set, only user with these roles can access this chart. If not set, DocType or Report permissions will be used.","If set, only user with these roles can access this chart. If not set, DocType or Report permissions will be used."
If the condition is satisfied user will be rewarded with the points. eg. doc.status == 'Closed'\n,If the condition is satisfied user will be rewarded with the points. eg. doc.status == 'Closed'\n
"If the user has any role checked, then the user becomes a \""System User\"". \""System User\"" has access to the desktop","If the user has any role checked, then the user becomes a \""System User\"". \""System User\"" has access to the desktop"
"If these instructions where not helpful, please add in your suggestions on GitHub Issues.","If these instructions where not helpful, please add in your suggestions on GitHub Issues."
"If unchecked, the value will always be re-fetched on save.","If unchecked, the value will always be re-fetched on save."
If user is the owner,If user is the owner
"If you are updating, please select \""Overwrite\"" else existing rows will not be deleted.","If you are updating, please select \""Overwrite\"" else existing rows will not be deleted."
"If you are uploading new records, \""Naming Series\"" becomes mandatory, if present.","If you are uploading new records, \""Naming Series\"" becomes mandatory, if present."
"If you are uploading new records, leave the \""name\"" (ID) column blank.","If you are uploading new records, leave the \""name\"" (ID) column blank."
If you have recently restored the site you may need to copy the site config contaning original Encryption Key.,If you have recently restored the site you may need to copy the site config contaning original Encryption Key.
"If you just want to customize for your site, use {0} instead.","If you just want to customize for your site, use {0} instead."
"If you set this, this Item will come in a drop-down under the selected parent.","If you set this, this Item will come in a drop-down under the selected parent."
"If you think this is unauthorized, please change the Administrator password.","If you think this is unauthorized, please change the Administrator password."
Ignore User Permissions,Ignore User Permissions
Ignore XSS Filter,Ignore XSS Filter
Ignore attachments over this size,Ignore attachments over this size
Ignored Apps,Ignored Apps
Illegal Access Token. Please try again,Illegal Access Token. Please try again
Illegal Document Status for {0},Illegal Document Status for {0}
Illegal SQL Query,Illegal SQL Query
Illegal template,Illegal template
Image Field,Image Field
Image Height,Image Height
Image Link,Image Link
Image Width,Image Width
Image field must be a valid fieldname,Image field must be a valid fieldname
Image field must be of type Attach Image,Image field must be of type Attach Image
Image link '{0}' is not valid,Image link '{0}' is not valid
Image optimized,Image optimized
Image: Corrupted Data Stream,Image: Corrupted Data Stream
Images,Images
Impersonate,Impersonate
Impersonate as {0},Impersonate as {0}
Impersonated by {0},Impersonated by {0}
Impersonating {0},Impersonating {0}
Implement `clear_old_logs` method to enable auto error clearing.,Implement `clear_old_logs` method to enable auto error clearing.
Implicit,Implicit
Import Data,Import Data
Import Email From,Import Email From
Import Log Preview,Import Log Preview
Import Preview,Import Preview
Import Progress,Import Progress
Import Subscribers,Import Subscribers
Import Warnings,Import Warnings
Import Zip,Import Zip
"Import template should be of type .csv, .xlsx or .xls","Import template should be of type .csv, .xlsx or .xls"
"Import timed out, please re-try.","Import timed out, please re-try."
Importing {0} is not allowed.,Importing {0} is not allowed.
Importing {0} of {1},Importing {0} of {1}
"Importing {0} of {1}, {2}","Importing {0} of {1}, {2}"
In,In
In Days,In Days
"In ERPNext, you can add your Employees as Users, and give them restricted access. Tools like Role Permission and User Permission allow you to define rules which give restricted access to the user to masters and transactions.","In ERPNext, you can add your Employees as Users, and give them restricted access. Tools like Role Permission and User Permission allow you to define rules which give restricted access to the user to masters and transactions."
In Filter,In Filter
In Global Search,In Global Search
In Grid View,In Grid View
In List Filter,In List Filter
In List View,In List View
In Minutes,In Minutes
In Preview,In Preview
In Progress,In Progress
In Read Only Mode,In Read Only Mode
In Reply To,In Reply To
In Standard Filter,In Standard Filter
"In each module, you will find a host of single-click reports, ranging from financial statements to sales and purchase analytics and stock tracking reports. If a required new report is not available out-of-the-box, you can create custom reports in ERPNext by pulling values from the same multiple ERPNext tables.\n","In each module, you will find a host of single-click reports, ranging from financial statements to sales and purchase analytics and stock tracking reports. If a required new report is not available out-of-the-box, you can create custom reports in ERPNext by pulling values from the same multiple ERPNext tables.\n"
In points. Default is 9.,In points. Default is 9.
In seconds,In seconds
Inbox,Inbox
Inbox User,Inbox User
Inbox View,Inbox View
Include Name Field,Include Name Field
Include Search in Top Bar,Include Search in Top Bar
Include Theme from Apps,Include Theme from Apps
Include Web View Link in Email,Include Web View Link in Email
Include filters,Include filters
Include indentation,Include indentation
"Include symbols, numbers and capital letters in the password","Include symbols, numbers and capital letters in the password"
Incoming (POP/IMAP) Settings,Incoming (POP/IMAP) Settings
Incoming Emails (Last 7 days),Incoming Emails (Last 7 days)
Incoming Server,Incoming Server
Incoming Settings,Incoming Settings
Incoming email account not correct,Incoming email account not correct
Incomplete Virtual Doctype Implementation,Incomplete Virtual Doctype Implementation
Incomplete login details,Incomplete login details
Incorrect Configuration,Incorrect Configuration
Incorrect URL,Incorrect URL
Incorrect User or Password,Incorrect User or Password
Incorrect Verification code,Incorrect Verification code
Incorrect value in row {0}:,Incorrect value in row {0}:
Incorrect value:,Incorrect value:
Index,Index
Index Web Pages for Search,Index Web Pages for Search
Index created successfully on column {0} of doctype {1},Index created successfully on column {0} of doctype {1}
Indexing authorization code,Indexing authorization code
Indexing refresh token,Indexing refresh token
Indicator,Indicator
Indicator Color,Indicator Color
Info,Info
Info:,Info:
Initial Sync Count,Initial Sync Count
InnoDB,InnoDB
Insert,Insert
Insert After,Insert After
Insert After cannot be set as {0},Insert After cannot be set as {0}
"Insert After field '{0}' mentioned in Custom Field '{1}', with label '{2}', does not exist","Insert After field '{0}' mentioned in Custom Field '{1}', with label '{2}', does not exist"
Insert Column Before {0},Insert Column Before {0}
Insert Image in Markdown,Insert Image in Markdown
Insert Style,Insert Style
Install {0} from Marketplace,Install {0} from Marketplace
Installed Application,Installed Application
Installed Applications,Installed Applications
Installed Apps,Installed Apps
Instructions,Instructions
Instructions Emailed,Instructions Emailed
Insufficient Permission Level for {0},Insufficient Permission Level for {0}
Insufficient Permission for {0},Insufficient Permission for {0}
Insufficient Permissions for deleting Report,Insufficient Permissions for deleting Report
Insufficient Permissions for editing Report,Insufficient Permissions for editing Report
Insufficient attachment limit,Insufficient attachment limit
Int,Int
Integration Request,Integration Request
Integrations,Integrations
Integrations can use this field to set email delivery status,Integrations can use this field to set email delivery status
Inter,Inter
Interests,Interests
Intermediate,Intermediate
Internal Server Error,Internal Server Error
Internal record of document shares,Internal record of document shares
Intro,Intro
Intro Video URL,Intro Video URL
Introduce your company to the website visitor.,Introduce your company to the website visitor.
Introduction,Introduction
Introduction to Website,Introduction to Website
Introductory information for the Contact Us Page,Introductory information for the Contact Us Page
Introspection URI,Introspection URI
Invalid,Invalid
"Invalid \""depends_on\"" expression","Invalid \""depends_on\"" expression"
"Invalid \""depends_on\"" expression set in filter {0}","Invalid \""depends_on\"" expression set in filter {0}"
"Invalid \""mandatory_depends_on\"" expression","Invalid \""mandatory_depends_on\"" expression"
Invalid Action,Invalid Action
Invalid CSV Format,Invalid CSV Format
Invalid Code. Please try again.,Invalid Code. Please try again.
Invalid Condition: {},Invalid Condition: {}
Invalid Credentials,Invalid Credentials
Invalid Date,Invalid Date
Invalid DocType,Invalid DocType
Invalid DocType: {0},Invalid DocType: {0}
Invalid Doctype,Invalid Doctype
Invalid Fieldname,Invalid Fieldname
Invalid File URL,Invalid File URL
Invalid Filter Format for field {0} of type {1}. Try using filter icon on the field to set it correctly,Invalid Filter Format for field {0} of type {1}. Try using filter icon on the field to set it correctly
Invalid Filter Value,Invalid Filter Value
Invalid Home Page,Invalid Home Page
Invalid Link,Invalid Link
Invalid Login Token,Invalid Login Token
Invalid Login. Try again.,Sai thông tin đăng nhập. Vui lòng thử lại
Invalid Mail Server. Please rectify and try again.,Invalid Mail Server. Please rectify and try again.
Invalid Naming Series: {},Invalid Naming Series: {}
Invalid Operation,Invalid Operation
Invalid Option,Invalid Option
Invalid Outgoing Mail Server or Port: {0},Invalid Outgoing Mail Server or Port: {0}
Invalid Output Format,Invalid Output Format
Invalid Parameters.,Invalid Parameters.
Invalid Password,Invalid Password
Invalid Phone Number,Invalid Phone Number
Invalid Search Field {0},Invalid Search Field {0}
Invalid Table Fieldname,Invalid Table Fieldname
Invalid Transition,Invalid Transition
Invalid URL,Invalid URL
Invalid User Name or Support Password. Please rectify and try again.,Invalid User Name or Support Password. Please rectify and try again.
Invalid Values,Invalid Values
Invalid Webhook Secret,Invalid Webhook Secret
Invalid aggregate function,Invalid aggregate function
Invalid column,Invalid column
Invalid docstatus,Invalid docstatus
Invalid expression set in filter {0},Invalid expression set in filter {0}
Invalid expression set in filter {0} ({1}),Invalid expression set in filter {0} ({1})
Invalid field name {0},Invalid field name {0}
Invalid fieldname '{0}' in autoname,Invalid fieldname '{0}' in autoname
Invalid file path: {0},Invalid file path: {0}
Invalid filter: {0},Invalid filter: {0}
Invalid include path,Invalid include path
Invalid json added in the custom options: {0},Invalid json added in the custom options: {0}
Invalid name type (integer) for varchar name column,Invalid name type (integer) for varchar name column
Invalid naming series {}: dot (.) missing,Invalid naming series {}: dot (.) missing
Invalid or corrupted content for import,Invalid or corrupted content for import
Invalid redirect regex in row #{}: {},Invalid redirect regex in row #{}: {}
Invalid request arguments,Invalid request arguments
Invalid template file for import,Invalid template file for import
Invalid token state! Check if the token has been created by the OAuth user.,Invalid token state! Check if the token has been created by the OAuth user.
Invalid username or password,Invalid username or password
Invalid values for fields:,Invalid values for fields:
Invalid wkhtmltopdf version,Invalid wkhtmltopdf version
Invalid {0} condition,Invalid {0} condition
Inverse,Inverse
Invite as User,Invite as User
Is Attachments Folder,Is Attachments Folder
Is Calendar and Gantt,Is Calendar and Gantt
Is Child Table,Is Child Table
Is Complete,Is Complete
Is Completed,Is Completed
Is Custom,Is Custom
Is Custom Field,Is Custom Field
Is Dynamic URL?,Is Dynamic URL?
Is Folder,Is Folder
Is Global,Is Global
Is Hidden,Is Hidden
Is Home Folder,Is Home Folder
Is Mandatory Field,Is Mandatory Field
Is Optional State,Is Optional State
Is Primary,Is Primary
Is Primary Contact,Is Primary Contact
Is Primary Mobile,Is Primary Mobile
Is Primary Phone,Is Primary Phone
Is Private,Is Private
Is Public,Is Public
Is Published Field,Is Published Field
Is Published Field must be a valid fieldname,Is Published Field must be a valid fieldname
Is Query Report,Is Query Report
Is Remote Request?,Is Remote Request?
Is Setup Complete?,Is Setup Complete?
Is Single,Is Single
Is Skipped,Is Skipped
Is Spam,Is Spam
Is Standard,Is Standard
Is Submittable,Is Submittable
Is System Generated,Is System Generated
Is Table,Is Table
Is Table Field,Is Table Field
Is Tree,Is Tree
Is Unique,Is Unique
Is Virtual,Is Virtual
It is risky to delete this file: {0}. Please contact your System Manager.,It is risky to delete this file: {0}. Please contact your System Manager.
Item Label,Item Label
Item Type,Item Type
Item cannot be added to its own descendants,Item cannot be added to its own descendants
JS,JS
JS Message,JS Message
JSON,JSON
JSON Request Body,JSON Request Body
Jane Doe,Jane Doe
JavaScript,JavaScript
JavaScript Format: frappe.query_reports['REPORTNAME'] = {},JavaScript Format: frappe.query_reports['REPORTNAME'] = {}
Javascript,Javascript
Javascript is disabled on your browser,Javascript is disabled on your browser
Jinja,Jinja
Job ID,Job ID
Job Id,Job Id
Job Info,Job Info
Job Name,Job Name
Job Status,Job Status
Job Stopped Successfully,Job Stopped Successfully
Job is in {0} state and can't be cancelled,Job is in {0} state and can't be cancelled
Job is not running.,Job is not running.
Join video conference with {0},Join video conference with {0}
K,K
Kanban,Kanban
Kanban Board,Kanban Board
Kanban Board Column,Kanban Board Column
Kanban Board Name,Kanban Board Name
Kanban Settings,Kanban Settings
Keep track of all update feeds,Keep track of all update feeds
Keeps track of all communications,Keeps track of all communications
Key,Key
Keyboard Shortcuts,Keyboard Shortcuts
Keycloak,Keycloak
Kh,Kh
Knowledge Base,Knowledge Base
Knowledge Base Contributor,Knowledge Base Contributor
Knowledge Base Editor,Knowledge Base Editor
L,L
LDAP Auth,LDAP Auth
LDAP Custom Settings,LDAP Custom Settings
LDAP Email Field,LDAP Email Field
LDAP First Name Field,LDAP First Name Field
LDAP Group,LDAP Group
LDAP Group Field,LDAP Group Field
LDAP Group Mapping,LDAP Group Mapping
LDAP Group Mappings,LDAP Group Mappings
LDAP Group Member attribute,LDAP Group Member attribute
LDAP Last Name Field,LDAP Last Name Field
LDAP Middle Name Field,LDAP Middle Name Field
LDAP Mobile Field,LDAP Mobile Field
LDAP Not Installed,LDAP Not Installed
LDAP Phone Field,LDAP Phone Field
LDAP Search String,LDAP Search String
"LDAP Search String must be enclosed in '()' and needs to contian the user placeholder {0}, eg sAMAccountName={0}","LDAP Search String must be enclosed in '()' and needs to contian the user placeholder {0}, eg sAMAccountName={0}"
LDAP Search and Paths,LDAP Search and Paths
LDAP Security,LDAP Security
LDAP Server Settings,LDAP Server Settings
LDAP Server Url,LDAP Server Url
LDAP Settings,LDAP Settings
LDAP User Creation and Mapping,LDAP User Creation and Mapping
LDAP Username Field,LDAP Username Field
LDAP is not enabled.,LDAP is not enabled.
LDAP search path for Groups,LDAP search path for Groups
LDAP search path for Users,LDAP search path for Users
LDAP settings incorrect. validation response was: {0},LDAP settings incorrect. validation response was: {0}
Label,Label
Label Help,Label Help
Label and Type,Label and Type
Label is mandatory,Label is mandatory
Landing Page,Landing Page
Language Code,Language Code
Language Name,Language Name
Last 10 active users,Last 10 active users
Last 14 Days,Last 14 Days
Last 30 Days,Last 30 Days
Last 6 Months,Last 6 Months
Last 7 Days,Last 7 Days
Last 90 Days,Last 90 Days
Last Active,Last Active
Last Backup On,Last Backup On
Last Execution,Last Execution
Last Heartbeat,Last Heartbeat
Last IP,Last IP
Last Known Versions,Last Known Versions
Last Login,Last Login
Last Modified Date,Last Modified Date
Last Modified On,Last Modified On
Last Password Reset Date,Last Password Reset Date
Last Point Allocation Date,Last Point Allocation Date
Last Reset Password Key Generated On,Last Reset Password Key Generated On
Last Sync On,Last Sync On
Last Synced On,Last Synced On
Last Updated By,Last Updated By
Last User,Last User
Last synced {0},Last synced {0}
Layout Reset,Layout Reset
"Layout will be reset to standard layout, are you sure you want to do this?","Layout will be reset to standard layout, are you sure you want to do this?"
Learn about Standard and Custom Print Formats,Learn about Standard and Custom Print Formats
Learn about Web Pages,Learn about Web Pages
Learn how to add Custom Fields,Learn how to add Custom Fields
Learn more,Learn more
Learn more about Report Builders,Learn more about Report Builders
Learn more about creating new DocTypes,Learn more about creating new DocTypes
Leave blank to repeat always,Leave blank to repeat always
Leave this conversation,Leave this conversation
Ledger,Ledger
Left Bottom,Left Bottom
Left Center,Left Center
Left this conversation,Left this conversation
Legal,Legal
Length,Length
Length of passed data array is greater than value of maximum allowed label points!,Length of passed data array is greater than value of maximum allowed label points!
Length of {0} should be between 1 and 1000,Length of {0} should be between 1 and 1000
Less,Less
Less Than,Less Than
Less Than Or Equal To,Less Than Or Equal To
Let us continue with the onboarding,Let us continue with the onboarding
Let's Get Started,Let's Get Started
Let's Set Up Your Website.,Let's Set Up Your Website.
Let's avoid repeated words and characters,Let's avoid repeated words and characters
Let's set up your account,Let's set up your account
Let's take you back to onboarding,Let's take you back to onboarding
Letter,Letter
Letter Head Based On,Letter Head Based On
Letter Head Image,Letter Head Image
Letter Head Name,Letter Head Name
Letter Head Scripts,Letter Head Scripts
Letter Head cannot be both disabled and default,Letter Head cannot be both disabled and default
Letter Head in HTML,Letter Head in HTML
Level,Level
"Level 0 is for document level permissions, higher levels for field level permissions.","Level 0 is for document level permissions, higher levels for field level permissions."
Level Name,Level Name
License,License
License Type,License Type
Light,Light
Light Blue,Light Blue
Light Color,Light Color
Light Theme,Light Theme
Like limit,Like limit
Like limit per hour,Like limit per hour
Like on {0}: {1},Like on {0}: {1}
Liked,Liked
Liked By,Liked By
Likes,Likes
Limit,Limit
Limit Number of DB Backups,Limit Number of DB Backups
Line,Line
Link Cards,Link Cards
Link Count,Link Count
Link Details,Link Details
Link DocType,Link DocType
Link Document Type,Link Document Type
Link Expired,Link Expired
Link Field Results Limit,Link Field Results Limit
Link Fieldname,Link Fieldname
Link Filters,Link Filters
Link Name,Link Name
Link Title,Link Title
Link To,Link To
Link To in Row,Link To in Row
Link Type,Link Type
Link Type in Row,Link Type in Row
"Link for About Us Page is \""/about\"".","Link for About Us Page is \""/about\""."
"Link that is the website home page. Standard Links (home, login, products, blog, about, contact)","Link that is the website home page. Standard Links (home, login, products, blog, about, contact)"
Link to the page you want to open. Leave blank if you want to make it a group parent.,Link to the page you want to open. Leave blank if you want to make it a group parent.
Linked,Linked
Linked Documents,Linked Documents
Linked With,Linked With
List,List
List / Search Settings,List / Search Settings
List Columns,List Columns
List Filter,List Filter
List View Settings,List View Settings
List a document type,List a document type
"List as [{\""label\"": _(\""Jobs\""), \""route\"":\""jobs\""}]","List as [{\""label\"": _(\""Jobs\""), \""route\"":\""jobs\""}]"
List of patches executed,List of patches executed
List setting message,List setting message
Lists,Lists
Load Balancing,Load Balancing
Load More Communications,Load More Communications
Load more,Load more
Loading,Loading
Loading Filters...,Loading Filters...
Loading user profile,Loading user profile
Loading versions...,Loading versions...
Location,Location
Log,Log
Log Data,Log Data
Log DocType,Log DocType
Log In To {0},Log In To {0}
Log Index,Log Index
Log Setting User,Log Setting User
Log Settings,Log Settings
Log in to access this page.,Log in to access this page.
Logged Out,Logged Out
Login,Login
Login After,Login After
Login Before,Login Before
Login Failed please try again,Login Failed please try again
Login Id is required,Login Id is required
Login Methods,Login Methods
Login Page,Login Page
Login To {0},Login To {0}
Login Verification Code from {},Login Verification Code from {}
Login and view in Browser,Login and view in Browser
Login is required to see web form list view. Enable {0} to see list settings,Login is required to see web form list view. Enable {0} to see list settings
Login link sent to your email,Login link sent to your email
Login not allowed at this time,Login not allowed at this time
Login required,Login required
"Login session expired, refresh page to retry","Login session expired, refresh page to retry"
Login to comment,Login to comment
Login to start a new discussion,Login to start a new discussion
Login token required,Login token required
Login with Frappe Cloud,Login with Frappe Cloud
Login with LDAP,Login with LDAP
Login with email link,Login with email link
Login with email link expiry (in minutes),Login with email link expiry (in minutes)
Login with username and password is not allowed.,Login with username and password is not allowed.
Login with {0},Login with {0}
Logout,Logout
Logout All Sessions,Logout All Sessions
Logout All Sessions on Password Reset,Logout All Sessions on Password Reset
Logout From All Devices After Changing Password,Logout From All Devices After Changing Password
Logs,Logs
Logs To Clear,Logs To Clear
Logs to Clear,Logs to Clear
Long Text,Long Text
Looks like you didn't change the value,Looks like you didn't change the value
Looks like you haven’t added any third party apps.,Looks like you haven’t added any third party apps.
Loving Frappe Framework?,Loving Frappe Framework?
Low,Low
M,M
MIT License,MIT License
Madam,Madam
Main Section,Main Section
Main Section (HTML),Main Section (HTML)
Main Section (Markdown),Main Section (Markdown)
Maintenance Manager,Maintenance Manager
Maintenance User,Maintenance User
Major,Major
"Make \""name\"" searchable in Global Search","Make \""name\"" searchable in Global Search"
Make Attachment Public (by default),Make Attachment Public (by default)
Make Attachments Public by Default,Make Attachments Public by Default
Make sure to configure a Social Login Key before disabling to prevent lockout,Make sure to configure a Social Login Key before disabling to prevent lockout
Make use of longer keyboard patterns,Make use of longer keyboard patterns
Make {0},Make {0}
Makes the page public,Makes the page public
Manage third party apps,Manage third party apps
Manage your apps,Manage your apps
Mandatory,Mandatory
Mandatory Depends On,Mandatory Depends On
Mandatory Depends On (JS),Mandatory Depends On (JS)
Mandatory Information missing:,Mandatory Information missing:
Mandatory field: set role for,Mandatory field: set role for
Mandatory field: {0},Mandatory field: {0}
Mandatory fields required:,Mandatory fields required:
Mandatory:,Mandatory:
Map,Map
Map View,Map View
Map route parameters into form variables. Example <code>/project/&lt;name&gt;</code>,Map route parameters into form variables. Example <code>/project/&lt;name&gt;</code>
Mapping column {0} to field {1},Mapping column {0} to field {1}
Margin Bottom,Margin Bottom
Margin Left,Margin Left
Margin Right,Margin Right
Margin Top,Margin Top
MariaDB Variables,MariaDB Variables
Mark all as read,Mark all as read
Mark as Read,Mark as Read
Mark as Spam,Mark as Spam
Mark as Unread,Mark as Unread
Markdown,Markdown
Markdown Editor,Markdown Editor
Marked As Spam,Marked As Spam
Marketing Campaign,Marketing Campaign
Master,Master
Max 500 records at a time,Max 500 records at a time
Max Attachments,Max Attachments
Max File Size (MB),Max File Size (MB)
Max Height,Max Height
Max Length,Max Length
Max Report Rows,Max Report Rows
Max Value,Max Value
Max attachment size,Max attachment size
Max auto email report per user,Max auto email report per user
Max width for type Currency is 100px in row {0},Max width for type Currency is 100px in row {0}
Maximum,Maximum
Maximum Attachment Limit of {0} has been reached for {1} {2}.,Maximum Attachment Limit of {0} has been reached for {1} {2}.
Maximum Number of Fields,Maximum Number of Fields
Maximum Points,Maximum Points
Maximum attachment limit of {0} has been reached.,Maximum attachment limit of {0} has been reached.
Maximum {0} rows allowed,Maximum {0} rows allowed
"Meaning of Submit, Cancel, Amend","Meaning of Submit, Cancel, Amend"
Medium,Medium
Meeting,Meeting
Meets Condition?,Meets Condition?
Members,Members
Memory Usage,Memory Usage
Memory Usage in MB,Memory Usage in MB
Mention,Mention
Menu,Menu
Merge with existing,Merge with existing
Merging is only possible between Group-to-Group or Leaf Node-to-Leaf Node,Merging is only possible between Group-to-Group or Leaf Node-to-Leaf Node
Message (HTML),Message (HTML)
Message (Markdown),Message (Markdown)
Message Examples,Message Examples
Message ID,Message ID
Message Parameter,Message Parameter
Message Sent,Message Sent
Message Type,Message Type
Message clipped,Message clipped
Message from server: {0},Message from server: {0}
Message not setup,Message not setup
Message to be displayed on successful completion,Message to be displayed on successful completion
Message-id,Message-id
Messages,Messages
Meta,Meta
Meta Description,Meta Description
Meta Image,Meta Image
Meta Tags,Meta Tags
Meta Title,Meta Title
Meta description,Meta description
Meta image,Meta image
Meta title,Meta title
Meta title for SEO,Meta title for SEO
Method,Method
Method Not Allowed,Method Not Allowed
Method is required to create a number card,Method is required to create a number card
Mid Center,Mid Center
Milestone,Milestone
Milestone Tracker,Milestone Tracker
Minimum,Minimum
Minimum Password Score,Minimum Password Score
Minor,Minor
Minutes,Minutes
Misconfigured,Misconfigured
Miss,Miss
Missing DocType,Missing DocType
Missing Field,Missing Field
Missing Filters Required,Missing Filters Required
Missing Permission,Missing Permission
Missing Value,Missing Value
Modal Trigger,Modal Trigger
Models,Models
Modified By,Modified By
Module,Module
Module (for export),Module (for export)
Module Def,Module Def
Module HTML,Module HTML
Module Name,Module Name
Module Onboarding,Module Onboarding
Module Profile,Module Profile
Module Profile Name,Module Profile Name
Module onboarding progress reset,Module onboarding progress reset
Module to Export,Module to Export
Module {} not found,Module {} not found
Modules,Modules
Modules HTML,Modules HTML
Monday,Monday
"Monitor logs for errors, background jobs, communications, and user activity","Monitor logs for errors, background jobs, communications, and user activity"
Monospace,Monospace
Monthly Long,Monthly Long
More articles on {0},More articles on {0}
More content for the bottom of the page.,More content for the bottom of the page.
Most probably your password is too long.,Most probably your password is too long.
Move To,Move To
Move To Trash,Move To Trash
Move current and all subsequent sections to a new tab,Move current and all subsequent sections to a new tab
Move cursor to above row,Move cursor to above row
Move cursor to below row,Move cursor to below row
Move cursor to next column,Move cursor to next column
Move cursor to previous column,Move cursor to previous column
Move sections to new tab,Move sections to new tab
Move the current field and the following fields to a new column,Move the current field and the following fields to a new column
Move to Row Number,Move to Row Number
Move to next step when clicked inside highlighted area.,Move to next step when clicked inside highlighted area.
Mozilla doesn't support :has() so you can pass parent selector here as workaround,Mozilla doesn't support :has() so you can pass parent selector here as workaround
Mr,Mr
Mrs,Mrs
Ms,Ms
Multiple root nodes not allowed.,Multiple root nodes not allowed.
Multiplier Field,Multiplier Field
"Must be enclosed in '()' and include '{0}', which is a placeholder for the user/login name. i.e. (&(objectclass=user)(uid={0}))","Must be enclosed in '()' and include '{0}', which is a placeholder for the user/login name. i.e. (&(objectclass=user)(uid={0}))"
"Must be of type \""Attach Image\","Must be of type \""Attach Image\"
Must have report permission to access this report.,Must have report permission to access this report.
Must specify a Query to run,Must specify a Query to run
Mute Sounds,Mute Sounds
Mx,Mx
My Account,My Account
My Settings,My Settings
MyISAM,MyISAM
"NOTE: If you add states or transitions in the table, it will be reflected in the Workflow Builder but you will have to position them manually. Also Workflow Builder is currently in <b>BETA</b>.","NOTE: If you add states or transitions in the table, it will be reflected in the Workflow Builder but you will have to position them manually. Also Workflow Builder is currently in <b>BETA</b>."
NOTE: This box is due for depreciation. Please re-setup LDAP to work with the newer settings,NOTE: This box is due for depreciation. Please re-setup LDAP to work with the newer settings
Name (Doc Name),Name (Doc Name)
"Name already taken, please set a new name","Name already taken, please set a new name"
Name cannot contain special characters like {0},Name cannot contain special characters like {0}
Name of the Document Type (DocType) you want this field to be linked to. e.g. Customer,Name of the Document Type (DocType) you want this field to be linked to. e.g. Customer
Name of the new Print Format,Name of the new Print Format
Name of {0} cannot be {1},Name of {0} cannot be {1}
Names and surnames by themselves are easy to guess.,Names and surnames by themselves are easy to guess.
Naming,Naming
Naming Rule,Naming Rule
Naming Series mandatory,Naming Series mandatory
Navbar,Navbar
Navbar Item,Navbar Item
Navbar Settings,Navbar Settings
Navbar Template,Navbar Template
Navbar Template Values,Navbar Template Values
Navigate Home,Navigate Home
Navigate list down,Navigate list down
Navigate list up,Navigate list up
Navigate to main content,Navigate to main content
Navigation Settings,Navigation Settings
Need Workspace Manager role to edit private workspace of other users,Need Workspace Manager role to edit private workspace of other users
Need Workspace Manager role to hide/unhide public workspaces,Need Workspace Manager role to hide/unhide public workspaces
Negative Value,Negative Value
Nested set error. Please contact the Administrator.,Nested set error. Please contact the Administrator.
Network Printer Settings,Network Printer Settings
New Activity,New Activity
New Address,New Address
New Comment on {0}: {1},New Comment on {0}: {1}
New Contact,New Contact
New Custom Print Format,New Custom Print Format
New Document Form,New Document Form
New Document Shared {0},New Document Shared {0}
New Email Account,New Email Account
New Folder,New Folder
New Kanban Board,New Kanban Board
New Mention on {0},New Mention on {0}
New Message from Website Contact Page,New Message from Website Contact Page
New Name,New Name
New Newsletter,New Newsletter
New Notification,New Notification
New Password,New Password
New Print Format Name,New Print Format Name
New Users (Last 30 days),New Users (Last 30 days)
New Value,New Value
New Workflow Name,New Workflow Name
New password cannot be same as old password,New password cannot be same as old password
New updates are available,New updates are available
New users will have to be manually registered by system managers.,New users will have to be manually registered by system managers.
New value to be set,New value to be set
New {0} Created,New {0} Created
New {0} {1} added to Dashboard {2},New {0} {1} added to Dashboard {2}
New {0} {1} created,New {0} {1} created
New {0}: {1},New {0}: {1}
New {} releases for the following apps are available,New {} releases for the following apps are available
Newly created user {0} has no roles enabled.,Newly created user {0} has no roles enabled.
Newsletter,Newsletter
Newsletter Attachment,Newsletter Attachment
Newsletter Email Group,Newsletter Email Group
Newsletter Manager,Newsletter Manager
Newsletter has already been sent,Newsletter has already been sent
Newsletter must be published to send webview link in email,Newsletter must be published to send webview link in email
Newsletter should have atleast one recipient,Newsletter should have atleast one recipient
Newsletters,Newsletters
Next,Next
Next 14 Days,Next 14 Days
Next 30 Days,Next 30 Days
Next 6 Months,Next 6 Months
Next 7 Days,Next 7 Days
Next Action Email Template,Next Action Email Template
Next Actions HTML,Next Actions HTML
Next Execution,Next Execution
Next Form Tour,Next Form Tour
Next Month,Next Month
Next Quarter,Next Quarter
Next Schedule Date,Next Schedule Date
Next Scheduled Date,Next Scheduled Date
Next State,Next State
Next Step Condition,Next Step Condition
Next Sync Token,Next Sync Token
Next Week,Next Week
Next Year,Next Year
Next actions,Next actions
Next on Click,Next on Click
No Active Sessions,No Active Sessions
No Copy,No Copy
No Data to Show,No Data to Show
No Data...,No Data...
No Email Account,No Email Account
No Email Accounts Assigned,No Email Accounts Assigned
No Email field found in {0},No Email field found in {0}
No Emails,No Emails
No Entry for the User {0} found within LDAP!,No Entry for the User {0} found within LDAP!
No Filters Set,No Filters Set
No Google Calendar Event to sync.,No Google Calendar Event to sync.
No Items Found,No Items Found
No LDAP User found for email: {0},No LDAP User found for email: {0}
No Label,No Label
No Name Specified for {0},No Name Specified for {0}
No Permissions Specified,No Permissions Specified
No Permissions set for this criteria.,No Permissions set for this criteria.
No Permitted Charts,No Permitted Charts
No Permitted Charts on this Dashboard,No Permitted Charts on this Dashboard
No Preview,No Preview
No Preview Available,No Preview Available
No Printer is Available.,No Printer is Available.
No RQ Workers connected. Try restarting the bench.,No RQ Workers connected. Try restarting the bench.
No Results,No Results
No Results found,No Results found
No Roles Specified,No Roles Specified
No Select Field Found,No Select Field Found
No Suggestions,No Suggestions
No address added yet.,No address added yet.
No alerts for today,No alerts for today
No automatic optimization suggestions available.,No automatic optimization suggestions available.
No broken links found in the email content,No broken links found in the email content
No changes made because old and new name are the same.,No changes made because old and new name are the same.
No changes made on the page,No changes made on the page
No changes to sync,No changes to sync
No changes to update,No changes to update
No comments yet,No comments yet
No comments yet.,No comments yet.
No contacts added yet.,No contacts added yet.
No contacts linked to document,No contacts linked to document
No data to export,No data to export
No default Address Template found. Please create a new one from Setup > Printing and Branding > Address Template.,No default Address Template found. Please create a new one from Setup > Printing and Branding > Address Template.
No documents found tagged with {0},No documents found tagged with {0}
No email account associated with the User. Please add an account under User > Email Inbox.,No email account associated with the User. Please add an account under User > Email Inbox.
No failed logs,No failed logs
"No fields found that can be used as a Kanban Column. Use the Customize Form to add a Custom Field of type \""Select\"".","No fields found that can be used as a Kanban Column. Use the Customize Form to add a Custom Field of type \""Select\""."
No file attached,No file attached
No matching records. Search something new,No matching records. Search something new
No more items to display,No more items to display
"No need for symbols, digits, or uppercase letters.","No need for symbols, digits, or uppercase letters."
No new Google Contacts synced.,No new Google Contacts synced.
No new notifications,No new notifications
No of Columns,No of Columns
No of Rows (Max 500),No of Rows (Max 500)
No permission to '{0}' {1},No permission to '{0}' {1}
No permission to read {0},No permission to read {0}
No permission to {0} {1} {2},No permission to {0} {1} {2}
No records deleted,No records deleted
No records present in {0},No records present in {0}
No records tagged.,No records tagged.
No template found at path: {0},No template found at path: {0}
No values to show,No values to show
No {0},No {0}
No {0} Found,No {0} Found
No {0} found,No {0} found
No {0} mail,No {0} mail
Non Negative,Non Negative
Non-Conforming,Non-Conforming
None: End of Workflow,None: End of Workflow
Normalized Copies,Normalized Copies
Normalized Query,Normalized Query
Not Allowed,Not Allowed
Not Allowed: Disabled User,Not Allowed: Disabled User
Not Ancestors Of,Not Ancestors Of
Not Descendants Of,Not Descendants Of
Not Found,Not Found
Not Helpful,Not Helpful
Not Linked to any record,Not Linked to any record
Not Permitted,Not Permitted
Not Permitted to read {0},Not Permitted to read {0}
Not Published,Not Published
Not Seen,Not Seen
Not Sent,Not Sent
Not Set,Not Set
Not a valid Comma Separated Value (CSV File),Not a valid Comma Separated Value (CSV File)
Not a valid User Image.,Not a valid User Image.
Not a valid Workflow Action,Not a valid Workflow Action
Not a valid user,Not a valid user
Not active,Not active
Not allowed for {0}: {1},Not allowed for {0}: {1}
"Not allowed to attach {0} document, please enable Allow Print For {0} in Print Settings","Not allowed to attach {0} document, please enable Allow Print For {0} in Print Settings"
Not allowed to create custom Virtual DocType.,Not allowed to create custom Virtual DocType.
Not allowed to print cancelled documents,Not allowed to print cancelled documents
Not allowed to print draft documents,Not allowed to print draft documents
Not allowed via controller permission check,Not allowed via controller permission check
Not in Developer Mode,Not in Developer Mode
Not in Developer Mode! Set in site_config.json or make 'Custom' DocType.,Not in Developer Mode! Set in site_config.json or make 'Custom' DocType.
Not permitted to view {0},Not permitted to view {0}
Note,Note
Note Seen By,Note Seen By
Note:,Note:
Note: By default emails for failed backups are sent.,Note: By default emails for failed backups are sent.
Note: Changing the Page Name will break previous URL to this page.,Note: Changing the Page Name will break previous URL to this page.
Note: Etc timezones have their signs reversed.,Note: Etc timezones have their signs reversed.
"Note: For best results,  images must be of the same size and width must be greater than height.","Note: For best results,  images must be of the same size and width must be greater than height."
Note: Multiple sessions will be allowed in case of mobile device,Note: Multiple sessions will be allowed in case of mobile device
Note: This will be shared with user.,Note: This will be shared with user.
Note: Your request for account deletion will be fulfilled within {0} hours.,Note: Your request for account deletion will be fulfilled within {0} hours.
Notes:,Notes:
Nothing left to redo,Nothing left to redo
Nothing left to undo,Nothing left to undo
Nothing to update,Nothing to update
Notification,Notification
Notification Log,Notification Log
Notification Recipient,Notification Recipient
Notification Settings,Notification Settings
Notification Subscribed Document,Notification Subscribed Document
Notification sent to,Notification sent to
Notifications Disabled,Notifications Disabled
Notifications and bulk mails will be sent from this outgoing server.,Notifications and bulk mails will be sent from this outgoing server.
Notify Users On Every Login,Notify Users On Every Login
Notify by Email,Notify by Email
Notify by email,Notify by email
Notify if unreplied,Notify if unreplied
Notify if unreplied for (in mins),Notify if unreplied for (in mins)
Notify users with a popup when they log in,Notify users with a popup when they log in
Number,Number
Number Card,Number Card
Number Card Link,Number Card Link
Number Card Name,Number Card Name
Number Cards,Number Cards
Number Format,Number Format
Number of Backups,Number of Backups
Number of DB Backups,Number of DB Backups
Number of DB backups cannot be less than 1,Number of DB backups cannot be less than 1
Number of Groups,Number of Groups
Number of Queries,Number of Queries
"Number of attachment fields are more than {}, limit updated to {}.","Number of attachment fields are more than {}, limit updated to {}."
Number of backups must be greater than zero.,Number of backups must be greater than zero.
Number of columns for a field in a Grid (Total Columns in a grid should be less than 11),Number of columns for a field in a Grid (Total Columns in a grid should be less than 11)
Number of columns for a field in a List View or a Grid (Total Columns should be less than 11),Number of columns for a field in a List View or a Grid (Total Columns should be less than 11)
Number of days after which the document Web View link shared on email will be expired,Number of days after which the document Web View link shared on email will be expired
Number of keys,Number of keys
Number of onsite backups,Number of onsite backups
OAuth,OAuth
OAuth Authorization Code,OAuth Authorization Code
OAuth Bearer Token,OAuth Bearer Token
OAuth Client,OAuth Client
OAuth Client ID,OAuth Client ID
OAuth Client Role,OAuth Client Role
OAuth Error,OAuth Error
OAuth Provider Settings,OAuth Provider Settings
OAuth Scope,OAuth Scope
"OAuth has been enabled but not authorised. Please use \""Authorise API Access\"" button to do the same.","OAuth has been enabled but not authorised. Please use \""Authorise API Access\"" button to do the same."
OK,OK
OPTIONS,OPTIONS
OTP App,OTP App
OTP Issuer Name,OTP Issuer Name
OTP Secret Reset - {0},OTP Secret Reset - {0}
OTP Secret has been reset. Re-registration will be required on next login.,OTP Secret has been reset. Re-registration will be required on next login.
OTP setup using OTP App was not completed. Please contact Administrator.,OTP setup using OTP App was not completed. Please contact Administrator.
Occurrences,Occurrences
Office,Office
Office 365,Office 365
Official Documentation,Official Documentation
Offset X,Offset X
Offset Y,Offset Y
Old Password,Old Password
Old and new fieldnames are same.,Old and new fieldnames are same.
Older backups will be automatically deleted,Older backups will be automatically deleted
Oldest Unscheduled Job,Oldest Unscheduled Job
On Hold,Đang dừng
On Payment Authorization,On Payment Authorization
"On checking this option, URL will be treated like a jinja template string","On checking this option, URL will be treated like a jinja template string"
On or After,On or After
On or Before,On or Before
"On {0}, {1} wrote:","On {0}, {1} wrote:"
Onboard,Onboard
Onboarding Name,Onboarding Name
Onboarding Permission,Onboarding Permission
Onboarding Status,Onboarding Status
Onboarding Step,Onboarding Step
Onboarding Step Map,Onboarding Step Map
Onboarding complete,Onboarding complete
"Once submitted, submittable documents cannot be changed. They can only be Cancelled and Amended.","Once submitted, submittable documents cannot be changed. They can only be Cancelled and Amended."
"Once you have set this, the users will only be able access documents (eg. Blog Post) where the link exists (eg. Blogger).","Once you have set this, the users will only be able access documents (eg. Blog Post) where the link exists (eg. Blogger)."
One Last Step,One Last Step
One Time Password (OTP) Registration Code from {},One Time Password (OTP) Registration Code from {}
One of,One of
One of the child page with name {0} already exist in {1} Section. Please update the name of the child page first before moving,One of the child page with name {0} already exist in {1} Section. Please update the name of the child page first before moving
Only 200 inserts allowed in one request,Only 200 inserts allowed in one request
Only Administrator can delete Email Queue,Only Administrator can delete Email Queue
Only Administrator can edit,Only Administrator can edit
Only Administrator can save a standard report. Please rename and save.,Only Administrator can save a standard report. Please rename and save.
Only Administrator is allowed to use Recorder,Only Administrator is allowed to use Recorder
Only Allow Edit For,Only Allow Edit For
Only Options allowed for Data field are:,Only Options allowed for Data field are:
Only Send Records Updated in Last X Hours,Only Send Records Updated in Last X Hours
Only Workspace Manager can edit public workspaces,Only Workspace Manager can edit public workspaces
Only Workspace Manager can sort or edit this page,Only Workspace Manager can sort or edit this page
Only allowed to export customizations in developer mode,Only allowed to export customizations in developer mode
Only change this if you want to use other S3 compatible object storage backends.,Only change this if you want to use other S3 compatible object storage backends.
Only for,Only for
Only mandatory fields are necessary for new records. You can delete non-mandatory columns if you wish.,Only mandatory fields are necessary for new records. You can delete non-mandatory columns if you wish.
Only one {0} can be set as primary.,Only one {0} can be set as primary.
Only reports of type Report Builder can be deleted,Only reports of type Report Builder can be deleted
Only reports of type Report Builder can be edited,Only reports of type Report Builder can be edited
Only standard DocTypes are allowed to be customized from Customize Form.,Only standard DocTypes are allowed to be customized from Customize Form.
Only the assignee can complete this to-do.,Only the assignee can complete this to-do.
Only users involved in the document are listed,Only users involved in the document are listed
Only {0} emailed reports are allowed per user.,Only {0} emailed reports are allowed per user.
Oops! Something went wrong.,Oops! Something went wrong.
Open Awesomebar,Open Awesomebar
Open Communication,Open Communication
Open Document,Open Document
Open Help,Open Help
Open Reference Document,Open Reference Document
Open Settings,Open Settings
Open Source Applications for the Web,Open Source Applications for the Web
Open URL in a New Tab,Open URL in a New Tab
Open a dialog with mandatory fields to create a new record quickly,Open a dialog with mandatory fields to create a new record quickly
Open a module or tool,Open a module or tool
Open in a new tab,Open in a new tab
Open list item,Open list item
Open your authentication app on your mobile phone.,Open your authentication app on your mobile phone.
Open {0},Open {0}
OpenID Configuration,OpenID Configuration
OpenLDAP,OpenLDAP
Opened,Opened
Operator must be one of {0},Operator must be one of {0}
Optimizing image...,Optimizing image...
Option 1,Option 1
Option 2,Option 2
Option 3,Option 3
Option {0} for field {1} is not a child table,Option {0} for field {1} is not a child table
Optional: Always send to these ids. Each Email Address on a new row,Optional: Always send to these ids. Each Email Address on a new row
Optional: The alert will be sent if this expression is true,Optional: The alert will be sent if this expression is true
Options,Options
Options 'Dynamic Link' type of field must point to another Link Field with options as 'DocType',Options 'Dynamic Link' type of field must point to another Link Field with options as 'DocType'
Options Help,Options Help
Options for Rating field can range from 3 to 10,Options for Rating field can range from 3 to 10
Options for select. Each option on a new line.,Options for select. Each option on a new line.
Options for {0} must be set before setting the default value.,Options for {0} must be set before setting the default value.
Options is required for field {0} of type {1},Options is required for field {0} of type {1}
Options not set for link field {0},Options not set for link field {0}
Orange,Orange
Order,Order
Org History,Org History
Org History Heading,Org History Heading
Original Value,Original Value
Outgoing (SMTP) Settings,Outgoing (SMTP) Settings
Outgoing Emails (Last 7 days),Outgoing Emails (Last 7 days)
Outgoing Server,Outgoing Server
Outgoing Settings,Outgoing Settings
Outgoing email account not correct,Outgoing email account not correct
Outlook.com,Outlook.com
Output,Output
Owner,Owner
PATCH,PATCH
PDF,PDF
PDF Generation in Progress,PDF Generation in Progress
PDF Generator,PDF Generator
PDF Page Height (in mm),PDF Page Height (in mm)
PDF Page Size,PDF Page Size
PDF Page Width (in mm),PDF Page Width (in mm)
PDF Settings,PDF Settings
PDF generation failed,PDF generation failed
PDF generation failed because of broken image links,PDF generation failed because of broken image links
PDF generation may not work as expected.,PDF generation may not work as expected.
"PDF printing via \""Raw Print\"" is not supported.","PDF printing via \""Raw Print\"" is not supported."
PID,PID
POST,POST
PUT,PUT
Package,Package
Package Import,Package Import
Package Name,Package Name
Package Release,Package Release
Packages,Packages
"Packages are lightweight apps (collection of Module Defs) that can be created, imported, or released right from the UI","Packages are lightweight apps (collection of Module Defs) that can be created, imported, or released right from the UI"
Page Break,Page Break
Page Builder,Page Builder
Page Building Blocks,Page Building Blocks
Page HTML,Page HTML
Page Height (in mm),Page Height (in mm)
Page Margins,Page Margins
Page Name,Page Name
Page Number,Page Number
Page Route,Page Route
Page Saved Successfully,Page Saved Successfully
Page Settings,Page Settings
Page Shortcuts,Page Shortcuts
Page Title,Page Title
Page Width (in mm),Page Width (in mm)
Page has expired!,Page has expired!
Page height and width cannot be zero,Page height and width cannot be zero
Page not found,Page not found
Page to show on the website\n,Page to show on the website\n
Page with title {0} already exist.,Page with title {0} already exist.
Page {0} of {1},Page {0} of {1}
Parent DocType,Parent DocType
Parent Document Type,Parent Document Type
Parent Document Type is required to create a number card,Parent Document Type is required to create a number card
Parent Element Selector,Parent Element Selector
Parent Field,Parent Field
Parent Field (Tree),Parent Field (Tree)
Parent Field must be a valid fieldname,Parent Field must be a valid fieldname
Parent Label,Parent Label
Parent Missing,Parent Missing
Parent Page,Parent Page
Parent Table,Parent Table
Parent document type is required to create a dashboard chart,Parent document type is required to create a dashboard chart
Parent is the name of the document to which the data will get added to.,Parent is the name of the document to which the data will get added to.
Parent-to-child or child-to-different-child grouping is not allowed.,Parent-to-child or child-to-different-child grouping is not allowed.
Parentfield not specified in {0}: {1},Parentfield not specified in {0}: {1}
"Parenttype, Parent and Parentfield are required to insert a child record","Parenttype, Parent and Parentfield are required to insert a child record"
Partial,Partial
Partially Sent,Partially Sent
Participants,Participants
Pass,Pass
Passive,Passive
Password,Password
Password Email Sent,Password Email Sent
Password Reset,Password Reset
Password Reset Link Generation Limit,Password Reset Link Generation Limit
Password cannot be filtered,Password cannot be filtered
Password changed successfully.,Password changed successfully.
Password for Base DN,Password for Base DN
Password is required or select Awaiting Password,Password is required or select Awaiting Password
Password missing in Email Account,Password missing in Email Account
Password not found for {0} {1} {2},Password not found for {0} {1} {2}
Password reset instructions have been sent to your email,Password reset instructions have been sent to your email
Password set,Password set
Password size exceeded the maximum allowed size,Password size exceeded the maximum allowed size
Password size exceeded the maximum allowed size.,Password size exceeded the maximum allowed size.
Passwords do not match,Passwords do not match
Passwords do not match!,Passwords do not match!
Past dates are not allowed for Scheduling.,Past dates are not allowed for Scheduling.
Paste,Paste
Patch,Patch
Patch Log,Patch Log
Patch type {} not found in patches.txt,Patch type {} not found in patches.txt
Path,Path
Path to CA Certs File,Path to CA Certs File
Path to Server Certificate,Path to Server Certificate
Path to private Key File,Path to private Key File
Path {0} it not a valid path,Path {0} it not a valid path
Peak Memory Usage,Peak Memory Usage
Pending Approval,Pending Approval
Pending Emails,Pending Emails
Pending Jobs,Pending Jobs
Pending Verification,Pending Verification
Percent,Percent
Percentage,Percentage
Period,Period
Perm Level,Perm Level
Permanent,Permanent
Permission Error,Permission Error
Permission Inspector,Permission Inspector
Permission Level,Permission Level
Permission Levels,Permission Levels
Permission Manager,Permission Manager
Permission Query,Permission Query
Permission Rules,Permission Rules
Permission Type,Permission Type
Permissions,Permissions
Permissions Error,Permissions Error
Permissions are automatically applied to Standard Reports and searches.,Permissions are automatically applied to Standard Reports and searches.
"Permissions are set on Roles and Document Types (called DocTypes) by setting rights like Read, Write, Create, Delete, Submit, Cancel, Amend, Report, Import, Export, Print, Email and Set User Permissions.","Permissions are set on Roles and Document Types (called DocTypes) by setting rights like Read, Write, Create, Delete, Submit, Cancel, Amend, Report, Import, Export, Print, Email and Set User Permissions."
Permissions at higher levels are Field Level permissions. All Fields have a Permission Level set against them and the rules defined at that permissions apply to the field. This is useful in case you want to hide or make certain field read-only for certain Roles.,Permissions at higher levels are Field Level permissions. All Fields have a Permission Level set against them and the rules defined at that permissions apply to the field. This is useful in case you want to hide or make certain field read-only for certain Roles.
"Permissions at level 0 are Document Level permissions, i.e. they are primary for access to the document.","Permissions at level 0 are Document Level permissions, i.e. they are primary for access to the document."
Permissions get applied on Users based on what Roles they are assigned.,Permissions get applied on Users based on what Roles they are assigned.
Permitted Documents For User,Permitted Documents For User
Permitted Roles,Permitted Roles
Personal,Personal
Personal Data Deletion Request,Personal Data Deletion Request
Personal Data Deletion Step,Personal Data Deletion Step
Personal Data Download Request,Personal Data Download Request
Phone,Phone
Phone No.,Phone No.
Phone Number {0} set in field {1} is not valid.,Phone Number {0} set in field {1} is not valid.
Pie,Pie
Pincode,Pincode
Pink,Pink
Placeholder,Placeholder
Plain Text,Plain Text
Plant,Plant
Please Authorize OAuth for Email Account {},Please Authorize OAuth for Email Account {}
Please Duplicate this Website Theme to customize.,Please Duplicate this Website Theme to customize.
Please Install the ldap3 library via pip to use ldap functionality.,Please Install the ldap3 library via pip to use ldap functionality.
Please Set Chart,Please Set Chart
Please Update SMS Settings,Please Update SMS Settings
Please add a subject to your email,Please add a subject to your email
Please add a valid comment.,Please add a valid comment.
Please ask your administrator to verify your sign-up,Please ask your administrator to verify your sign-up
Please attach a file first.,Please attach a file first.
Please attach an image file to set HTML for Footer.,Please attach an image file to set HTML for Footer.
Please attach an image file to set HTML for Letter Head.,Please attach an image file to set HTML for Letter Head.
Please attach the package,Please attach the package
Please check OpenID Configuration URL,Please check OpenID Configuration URL
Please check the filter values set for Dashboard Chart: {},Please check the filter values set for Dashboard Chart: {}
"Please check the value of \""Fetch From\"" set for field {0}","Please check the value of \""Fetch From\"" set for field {0}"
Please check your email for verification,Please check your email for verification
Please check your email login credentials.,Please check your email login credentials.
Please check your registered email address for instructions on how to proceed. Do not close this window as you will have to return to it.,Please check your registered email address for instructions on how to proceed. Do not close this window as you will have to return to it.
Please click on the following link and follow the instructions on the page. {0},Please click on the following link and follow the instructions on the page. {0}
Please click on the following link to set your new password,Please click on the following link to set your new password
Please close this window,Please close this window
Please confirm your action to {0} this document.,Please confirm your action to {0} this document.
Please contact your system manager to install correct version.,Please contact your system manager to install correct version.
Please create Card first,Please create Card first
Please create chart first,Please create chart first
Please delete the field from {0} or add the required doctype.,Please delete the field from {0} or add the required doctype.
Please do not change the template headings.,Please do not change the template headings.
Please duplicate this to make changes,Please duplicate this to make changes
Please enable atleast one Social Login Key or LDAP or Login With Email Link before disabling username/password based login.,Please enable atleast one Social Login Key or LDAP or Login With Email Link before disabling username/password based login.
Please enable pop-ups,Please enable pop-ups
Please enable pop-ups in your browser,Please enable pop-ups in your browser
Please enable {} before continuing.,Please enable {} before continuing.
Please ensure that your profile has an email address,Please ensure that your profile has an email address
Please enter Access Token URL,Please enter Access Token URL
Please enter Authorize URL,Please enter Authorize URL
Please enter Base URL,Please enter Base URL
Please enter Client ID before social login is enabled,Please enter Client ID before social login is enabled
Please enter Client Secret before social login is enabled,Please enter Client Secret before social login is enabled
Please enter OpenID Configuration URL,Please enter OpenID Configuration URL
Please enter Redirect URL,Please enter Redirect URL
Please enter a valid email address.,Please enter a valid email address.
Please enter both your email and message so that we can get back to you. Thanks!,Please enter both your email and message so that we can get back to you. Thanks!
Please enter the password,Please enter the password
Please enter the password for: <b>{0}</b>,Please enter the password for: <b>{0}</b>
Please enter valid mobile nos,Please enter valid mobile nos
Please enter your new password.,Please enter your new password.
Please enter your old password.,Please enter your old password.
Please find attached {0}: {1},Please find attached {0}: {1}
Please hide the standard navbar items instead of deleting them,Please hide the standard navbar items instead of deleting them
Please login to post a comment.,Please login to post a comment.
Please make sure the Reference Communication Docs are not circularly linked.,Please make sure the Reference Communication Docs are not circularly linked.
Please remove the printer mapping in Printer Settings and try again.,Please remove the printer mapping in Printer Settings and try again.
Please save before attaching.,Please save before attaching.
Please save the Newsletter before sending,Please save the Newsletter before sending
Please save the document before assignment,Please save the document before assignment
Please save the document before removing assignment,Please save the document before removing assignment
Please save the report first,Please save the report first
Please save to edit the template.,Please save to edit the template.
Please select Company,Please select Company
Please select DocType first,Please select DocType first
Please select Entity Type first,Please select Entity Type first
Please select Minimum Password Score,Please select Minimum Password Score
Please select X and Y fields,Please select X and Y fields
Please select a country code for field {1}.,Please select a country code for field {1}.
Please select a file or url,Please select a file or url
Please select a valid csv file with data,Please select a valid csv file with data
Please select a valid date filter,Please select a valid date filter
Please select applicable Doctypes,Please select applicable Doctypes
Please select atleast 1 column from {0} to sort/group,Please select atleast 1 column from {0} to sort/group
Please select prefix first,Please select prefix first
Please select the Document Type.,Please select the Document Type.
Please select the LDAP Directory being used,Please select the LDAP Directory being used
Please select {0},Please select {0}
Please set Dropbox access keys in site config or doctype,Please set Dropbox access keys in site config or doctype
Please set Email Address,Please set Email Address
Please set a printer mapping for this print format in the Printer Settings,Please set a printer mapping for this print format in the Printer Settings
Please set filters,Please set filters
Please set filters value in Report Filter table.,Please set filters value in Report Filter table.
Please set the document name,Please set the document name
Please set the following documents in this Dashboard as standard first.,Please set the following documents in this Dashboard as standard first.
Please set the series to be used.,Please set the series to be used.
"Please setup SMS before setting it as an authentication method, via SMS Settings","Please setup SMS before setting it as an authentication method, via SMS Settings"
Please setup a message first,Please setup a message first
Please setup default outgoing Email Account from Settings > Email Account,Please setup default outgoing Email Account from Settings > Email Account
Please setup default outgoing Email Account from Tools > Email Account,Please setup default outgoing Email Account from Tools > Email Account
Please specify,Please specify
Please specify a valid parent DocType for {0},Please specify a valid parent DocType for {0}
Please specify which date field must be checked,Please specify which date field must be checked
Please specify which value field must be checked,Please specify which value field must be checked
Please try again,Please try again
Please update {} before continuing.,Please update {} before continuing.
Please use a valid LDAP search filter,Please use a valid LDAP search filter
Please use following links to download file backup.,Please use following links to download file backup.
Please verify your Email Address,Please verify your Email Address
Please visit https://frappecloud.com/docs/sites/migrate-an-existing-site#encryption-key for more information.,Please visit https://frappecloud.com/docs/sites/migrate-an-existing-site#encryption-key for more information.
Point Allocation Periodicity,Point Allocation Periodicity
Points,Points
Points Given,Points Given
Polling,Polling
Popover Element,Popover Element
Popover or Modal Description,Popover or Modal Description
Port,Port
Portal,Portal
Portal Menu,Portal Menu
Portal Menu Item,Portal Menu Item
Portal Settings,Portal Settings
Position,Position
Post,Post
"Post it here, our mentors will help you out.","Post it here, our mentors will help you out."
Postal,Postal
Postal Code,Postal Code
Posting Timestamp,Posting Timestamp
Posts,Posts
Posts by {0},Posts by {0}
Posts filed under {0},Posts filed under {0}
Precision,Precision
Precision should be between 1 and 6,Precision should be between 1 and 6
Predictable substitutions like '@' instead of 'a' don't help very much.,Predictable substitutions like '@' instead of 'a' don't help very much.
Prefer not to say,Prefer not to say
Preferred Billing Address,Preferred Billing Address
Preferred Shipping Address,Preferred Shipping Address
Prefix,Prefix
Prepared Report,Prepared Report
Prepared Report Analytics,Prepared Report Analytics
Prepared Report User,Prepared Report User
Prepared report render failed,Prepared report render failed
Preparing Report,Preparing Report
Prepend the template to the email message,Prepend the template to the email message
Press Alt Key to trigger additional shortcuts in Menu and Sidebar,Press Alt Key to trigger additional shortcuts in Menu and Sidebar
Press Enter to save,Press Enter to save
Preview HTML,Preview HTML
Preview Image,Preview Image
Preview Message,Preview Message
Preview Mode,Preview Mode
Preview of generated names,Preview of generated names
Preview type,Preview type
Preview:,Preview:
Previous,Previous
Previous Hash,Previous Hash
Previous Submission,Previous Submission
Primary,Primary
Primary Address,Primary Address
Primary Color,Primary Color
Primary Contact,Primary Contact
Primary Email,Primary Email
Primary Mobile,Primary Mobile
Primary Phone,Primary Phone
Print Format Builder,Print Format Builder
Print Format Builder (New),Print Format Builder (New)
Print Format Builder Beta,Print Format Builder Beta
Print Format Error,Print Format Error
Print Format Field Template,Print Format Field Template
Print Format Help,Print Format Help
Print Format Type,Print Format Type
Print Format {0} is disabled,Print Format {0} is disabled
Print Formats allow you can define looks for documents when printed or converted to PDF. You can also create a custom Print Format using drag-and-drop tools.,Print Formats allow you can define looks for documents when printed or converted to PDF. You can also create a custom Print Format using drag-and-drop tools.
Print Heading,Print Heading
Print Hide,Print Hide
Print Hide If No Value,Print Hide If No Value
Print Language,Print Language
Print Sent to the printer!,Print Sent to the printer!
Print Server,Print Server
Print Style,Print Style
Print Style Name,Print Style Name
Print Style Preview,Print Style Preview
Print Width,Print Width
"Print Width of the field, if the field is a column in a table","Print Width of the field, if the field is a column in a table"
Print document,Print document
Print with letterhead,Print with letterhead
Printer,Printer
Printer Mapping,Printer Mapping
Printer Name,Printer Name
Printer Settings,Printer Settings
Printer mapping not set.,Printer mapping not set.
Printing,Printing
Printing failed,Printing failed
Private Files (MB),Private Files (MB)
Private Files Backup:,Private Files Backup:
ProTip: Add <code>Reference: {{ reference_doctype }} {{ reference_name }}</code> to send document reference,ProTip: Add <code>Reference: {{ reference_doctype }} {{ reference_name }}</code> to send document reference
Proceed,Proceed
Proceed Anyway,Proceed Anyway
Processing,Processing
Processing...,Processing...
Prof,Prof
Profile,Profile
Progress,Progress
Property,Property
Property Depends On,Property Depends On
Property Setter,Property Setter
Property Setter overrides a standard DocType or Field property,Property Setter overrides a standard DocType or Field property
Property Type,Property Type
Protect Attached Files,Protect Attached Files
Protected File,Protected File
"Provide a list of allowed file extensions for file uploads. Each line should contain one allowed file type. If unset, all file extensions are allowed. Example: <br>CSV<br>JPG<br>PNG","Provide a list of allowed file extensions for file uploads. Each line should contain one allowed file type. If unset, all file extensions are allowed. Example: <br>CSV<br>JPG<br>PNG"
Provider,Provider
Provider Name,Provider Name
Public,Public
Public Files (MB),Public Files (MB)
Public Files Backup:,Public Files Backup:
Publish as a web page,Publish as a web page
Published On,Published On
Published on,Published on
Publishing Dates,Publishing Dates
Pull Emails,Pull Emails
Pull from Google Calendar,Pull from Google Calendar
Pull from Google Contacts,Pull from Google Contacts
Pulled from Google Calendar,Pulled from Google Calendar
Pulled from Google Contacts,Pulled from Google Contacts
Pulling emails...,Pulling emails...
Purchase Manager,Purchase Manager
Purchase Master Manager,Purchase Master Manager
Purchase User,Purchase User
Purple,Purple
Push Notification Settings,Push Notification Settings
Push Notifications,Push Notifications
Push to Google Calendar,Push to Google Calendar
Push to Google Contacts,Push to Google Contacts
Put on Hold,Put on Hold
Python,Python
QR Code,QR Code
QR Code for Login Verification,QR Code for Login Verification
QZ Tray Failed:,QZ Tray Failed:
Quarterly,Quarterly
Query,Query
Query / Script,Query / Script
Query Options,Query Options
Query Parameters,Query Parameters
Query Report,Query Report
Query analysis complete. Check suggested indexes.,Query analysis complete. Check suggested indexes.
Query must be of SELECT or read-only WITH type.,Query must be of SELECT or read-only WITH type.
Queue,Queue
Queue Overloaded,Queue Overloaded
Queue Status,Queue Status
Queue Type(s),Queue Type(s)
Queue in Background (BETA),Queue in Background (BETA)
Queue should be one of {0},Queue should be one of {0}
Queue(s),Queue(s)
Queued,Queued
Queued At,Queued At
Queued By,Queued By
Queued for Submission. You can track the progress over {0}.,Queued for Submission. You can track the progress over {0}.
Queued for backup. It may take a few minutes to an hour.,Queued for backup. It may take a few minutes to an hour.
Queued for backup. You will receive an email with the download link,Queued for backup. You will receive an email with the download link
Queued {0} emails,Queued {0} emails
Queues,Queues
Queuing emails...,Queuing emails...
Queuing {0} for Submission,Queuing {0} for Submission
Quick Entry,Quick Entry
Quick Help for Setting Permissions,Quick Help for Setting Permissions
Quick List Filter,Quick List Filter
Quick Lists,Quick Lists
Quoting must be between 0 and 3,Quoting must be between 0 and 3
RAW Information Log,RAW Information Log
RQ Job,RQ Job
RQ Worker,RQ Worker
Random,Random
Range,Range
Rate Limiting,Rate Limiting
Rate Limits,Rate Limits
Rate limit for email link login,Rate limit for email link login
Rating,Rating
Raw Commands,Raw Commands
Raw Email,Raw Email
Raw Printing,Raw Printing
Raw Printing Setting,Raw Printing Setting
Raw Printing Settings,Raw Printing Settings
Re-Run in Console,Re-Run in Console
Re:,Re:
Re: {0},Re: {0}
Read,Read
Read Only,Read Only
Read Only Depends On,Read Only Depends On
Read Only Depends On (JS),Read Only Depends On (JS)
Read Only Mode,Read Only Mode
Read Time,Read Time
Read by Recipient,Read by Recipient
Read by Recipient On,Read by Recipient On
Read mode,Read mode
Read the documentation to know more,Read the documentation to know more
Readme,Readme
Realtime (SocketIO),Realtime (SocketIO)
Reason,Reason
Rebuild,Rebuild
Rebuild Tree,Rebuild Tree
Rebuilding of tree is not supported for {},Rebuilding of tree is not supported for {}
Received,Received
Received an invalid token type.,Received an invalid token type.
Receiver By Document Field,Receiver By Document Field
Receiver By Role,Receiver By Role
Receiver Parameter,Receiver Parameter
Recent years are easy to guess.,Recent years are easy to guess.
Recents,Recents
Recipient,Recipient
Recipient Unsubscribed,Recipient Unsubscribed
Recipients,Recipients
Recorder,Recorder
Recorder Query,Recorder Query
Recorder Suggested Index,Recorder Suggested Index
Records for following doctypes will be filtered,Records for following doctypes will be filtered
Recursive Fetch From,Recursive Fetch From
Red,Red
Redirect HTTP Status,Redirect HTTP Status
Redirect URI,Redirect URI
Redirect URI Bound To Auth Code,Redirect URI Bound To Auth Code
Redirect URIs,Redirect URIs
Redirect URL,Redirect URL
Redirect to the selected app after login,Redirect to the selected app after login
Redirect to this URL after successful confirmation.,Redirect to this URL after successful confirmation.
Redirects,Redirects
Redis cache server not running. Please contact Administrator / Tech support,Redis cache server not running. Please contact Administrator / Tech support
Redo last action,Redo last action
Ref DocType,Ref DocType
Referance Doctype and Dashboard Name both can't be used at the same time.,Referance Doctype and Dashboard Name both can't be used at the same time.
Reference,Reference
Reference Date,Reference Date
Reference DocName,Reference DocName
Reference DocType,Reference DocType
Reference DocType and Reference Name are required,Reference DocType and Reference Name are required
Reference Docname,Reference Docname
Reference Doctype,Reference Doctype
Reference Document,Reference Document
Reference Document Name,Reference Document Name
Reference Document Type,Reference Document Type
Reference Name,Reference Name
Reference Owner,Reference Owner
Reference Report,Reference Report
Reference Type,Reference Type
Reference document has been cancelled,Reference document has been cancelled
Reference name,Reference name
Reference: {0} {1},Reference: {0} {1}
Referrer,Referrer
Refresh All,Refresh All
Refresh Google Sheet,Refresh Google Sheet
Refresh Token,Refresh Token
Registered but disabled,Registered but disabled
Rejected,Rejected
Relay Server URL missing,Relay Server URL missing
Relay Settings,Relay Settings
Release,Release
Release Notes,Release Notes
Relink,Relink
Relink Communication,Relink Communication
Relinked,Relinked
Reload List,Reload List
Reload Report,Reload Report
Remember Last Selected Value,Remember Last Selected Value
Remind At,Remind At
Remind Me In,Remind Me In
Reminder,Reminder
Reminder cannot be created in past.,Reminder cannot be created in past.
Reminder set at {0},Reminder set at {0}
Remove,Remove
Remove Failed Jobs,Remove Failed Jobs
Remove Field,Remove Field
Remove Section,Remove Section
Remove all customizations?,Remove all customizations?
Remove all fields in the column,Remove all fields in the column
Remove field,Remove field
Remove last column,Remove last column
Remove page break,Remove page break
Remove section,Remove section
Remove tab,Remove tab
Rename Fieldname,Rename Fieldname
Rename {0},Rename {0}
"Renamed files and replaced code in controllers, please check!","Renamed files and replaced code in controllers, please check!"
Render labels to the left and values to the right in this section,Render labels to the left and values to the right in this section
Reopen,Reopen
Repeat,Repeat
Repeat Header and Footer,Repeat Header and Footer
Repeat On,Repeat On
Repeat Till,Repeat Till
Repeat on Day,Repeat on Day
Repeat on Days,Repeat on Days
Repeat on Last Day of the Month,Repeat on Last Day of the Month
Repeat this Event,Repeat this Event
"Repeats like \""aaa\"" are easy to guess","Repeats like \""aaa\"" are easy to guess"
"Repeats like \""abcabcabc\"" are only slightly harder to guess than \""abc\","Repeats like \""abcabcabc\"" are only slightly harder to guess than \""abc\"
Repeats {0},Repeats {0}
Replied,Replied
Reply,Reply
Reply All,Reply All
Report,Report
Report Builder,Report Builder
Report Column,Report Column
Report Description,Report Description
Report Document Error,Report Document Error
Report Filter,Report Filter
Report Filters,Report Filters
Report Hide,Report Hide
Report Information,Report Information
Report Manager,Report Manager
Report Name,Report Name
"Report Name, Report Field and Fucntion are required to create a number card","Report Name, Report Field and Fucntion are required to create a number card"
Report Ref DocType,Report Ref DocType
Report Reference Doctype,Report Reference Doctype
Report Type,Report Type
Report cannot be set for Single types,Report cannot be set for Single types
"Report has no data, please modify the filters or change the Report Name","Report has no data, please modify the filters or change the Report Name"
"Report has no numeric fields, please change the Report Name","Report has no numeric fields, please change the Report Name"
"Report initiated, click to view status","Report initiated, click to view status"
Report limit reached,Report limit reached
Report timed out.,Report timed out.
Report updated successfully,Report updated successfully
Report was not saved (there were errors),Report was not saved (there were errors)
Report with more than 10 columns looks better in Landscape mode.,Report with more than 10 columns looks better in Landscape mode.
Report {0},Report {0}
Report {0} deleted,Report {0} deleted
Report {0} is disabled,Report {0} is disabled
Report {0} saved,Report {0} saved
Reports,Reports
Reports & Masters,Reports & Masters
Reports already in Queue,Reports already in Queue
Represents a User in the system.,Represents a User in the system.
Represents the states allowed in one document and role assigned to change the state.,Represents the states allowed in one document and role assigned to change the state.
Request Account Deletion,Request Account Deletion
Request Body,Request Body
Request Data,Request Data
Request Description,Request Description
Request Headers,Request Headers
Request ID,Request ID
Request Limit,Request Limit
Request Method,Request Method
Request Structure,Request Structure
Request Timed Out,Request Timed Out
Request Timeout,Request Timeout
Request URL,Request URL
Require Trusted Certificate,Require Trusted Certificate
"Requires any valid fdn path. i.e. ou=groups,dc=example,dc=com","Requires any valid fdn path. i.e. ou=groups,dc=example,dc=com"
"Requires any valid fdn path. i.e. ou=users,dc=example,dc=com","Requires any valid fdn path. i.e. ou=users,dc=example,dc=com"
Res: {0},Res: {0}
Reset,Reset
Reset All Customizations,Reset All Customizations
Reset Changes,Reset Changes
Reset Chart,Reset Chart
Reset Dashboard Customizations,Reset Dashboard Customizations
Reset Fields,Reset Fields
Reset LDAP Password,Reset LDAP Password
Reset Layout,Reset Layout
Reset OTP Secret,Reset OTP Secret
Reset Password,Reset Password
Reset Password Key,Reset Password Key
Reset Password Link Expiry Duration,Reset Password Link Expiry Duration
Reset Password Template,Reset Password Template
Reset Permissions for {0}?,Reset Permissions for {0}?
Reset To Default,Reset To Default
Reset the password for your account,Reset the password for your account
Reset to defaults,Reset to defaults
Reset your password,Reset your password
Response,Response
Response Type,Response Type
Rest of the day,Rest of the day
Restore,Restore
Restore Original Permissions,Restore Original Permissions
Restore to default settings?,Restore to default settings?
Restored,Restored
Restoring Deleted Document,Restoring Deleted Document
Restrict IP,Restrict IP
Restrict To Domain,Restrict To Domain
Restrict to Domain,Restrict to Domain
Restrict user from this IP address only. Multiple IP addresses can be added by separating with commas. Also accepts partial IP addresses like (111.111.111),Restrict user from this IP address only. Multiple IP addresses can be added by separating with commas. Also accepts partial IP addresses like (111.111.111)
Result,Result
Resume Sending,Resume Sending
Retry Sending,Retry Sending
Return to the Verification screen and enter the code displayed by your authentication app,Return to the Verification screen and enter the code displayed by your authentication app
Reverse Icon Color,Reverse Icon Color
Revert,Revert
Revert Of,Revert Of
Reverted,Reverted
Reverting length to {0} for '{1}' in '{2}'. Setting the length as {3} will cause truncation of data.,Reverting length to {0} for '{1}' in '{2}'. Setting the length as {3} will cause truncation of data.
Review,Review
Review Level,Review Level
Review Levels,Review Levels
Reviews,Reviews
Revocation URI,Revocation URI
Revoke,Revoke
Revoked,Revoked
Rich Text,Rich Text
Right,Right
Right Bottom,Right Bottom
Right Center,Right Center
Robots.txt,Robots.txt
Role,Role
Role 'All' will be given to all system + website users.,Role 'All' will be given to all system + website users.
Role 'Desk User' will be given to all system users.,Role 'Desk User' will be given to all system users.
Role Name,Role Name
Role Permission for Page and Report,Role Permission for Page and Report
Role Permissions,Role Permissions
Role Profile,Role Profile
Role and Level,Role and Level
Role has been set as per the user type {0},Role has been set as per the user type {0}
Roles,Roles
Roles & Permissions,Roles & Permissions
Roles Assigned,Roles Assigned
Roles HTML,Roles HTML
Roles Html,Roles Html
Roles can be set for users from their User page.,Roles can be set for users from their User page.
Root {0} cannot be deleted,Root {0} cannot be deleted
Round Robin,Round Robin
Rounding Method,Rounding Method
Route,Route
Route History,Route History
Route Redirects,Route Redirects
"Route: Example \""/app\","Route: Example \""/app\"
Row,Row
Row #,Row #
Row # {0}: Non administrator user can not set the role {1} to the custom doctype,Row # {0}: Non administrator user can not set the role {1} to the custom doctype
Row #{0}:,Row #{0}:
Row #{}: Fieldname is required,Row #{}: Fieldname is required
Row Format,Row Format
Row Index,Row Index
Row Indexes,Row Indexes
Row Name,Row Name
Row Values Changed,Row Values Changed
Row {0}: Not allowed to disable Mandatory for standard fields,Row {0}: Not allowed to disable Mandatory for standard fields
Row {0}: Not allowed to enable Allow on Submit for standard fields,Row {0}: Not allowed to enable Allow on Submit for standard fields
Rows Added,Rows Added
Rows Removed,Rows Removed
Rule,Rule
Rule Conditions,Rule Conditions
Rule Name,Rule Name
"Rule for this doctype, role, permlevel and if-owner combination already exists.","Rule for this doctype, role, permlevel and if-owner combination already exists."
Rules,Rules
Rules defining transition of state in the workflow.,Rules defining transition of state in the workflow.
"Rules for how states are transitions, like next state and which role is allowed to change state etc.","Rules for how states are transitions, like next state and which role is allowed to change state etc."
Rules with higher priority number will be applied first.,Rules with higher priority number will be applied first.
Run Jobs only Daily if Inactive For (Days),Run Jobs only Daily if Inactive For (Days)
Run scheduled jobs only if checked,Run scheduled jobs only if checked
Runtime in Minutes,Runtime in Minutes
Runtime in Seconds,Runtime in Seconds
S3 Backup Settings,S3 Backup Settings
S3 Backup complete!,S3 Backup complete!
S3 Bucket Details,S3 Bucket Details
SMS,SMS
SMS Gateway URL,SMS Gateway URL
SMS Parameter,SMS Parameter
SMS Settings,SMS Settings
SMS sent successfully,SMS sent successfully
SMS was not sent. Please contact Administrator.,SMS was not sent. Please contact Administrator.
SMTP Server is required,SMTP Server is required
SMTP Settings for outgoing emails,SMTP Settings for outgoing emails
SQL,SQL
"SQL Conditions. Example: status=\""Open\","SQL Conditions. Example: status=\""Open\"
SQL Explain,SQL Explain
SQL Output,SQL Output
SQL Queries,SQL Queries
SSL/TLS Mode,SSL/TLS Mode
SWATCHES,SWATCHES
Sales Manager,Sales Manager
Sales Master Manager,Sales Master Manager
Sales User,Sales User
Salesforce,Salesforce
Same Field is entered more than once,Same Field is entered more than once
Sample,Sample
Saturday,Saturday
Save Anyway,Save Anyway
Save Customizations,Save Customizations
Save Report,Save Report
Save filters,Save filters
Save on Completion,Save on Completion
Save the document.,Save the document.
Saving this will export this document as well as the steps linked here as json.,Saving this will export this document as well as the steps linked here as json.
Saving...,Saving...
Scan QRCode,Scan QRCode
Scan the QR Code and enter the resulting code displayed.,Scan the QR Code and enter the resulting code displayed.
Schedule,Schedule
Schedule Newsletter,Schedule Newsletter
Schedule Send At,Schedule Send At
Schedule sending,Schedule sending
Schedule sending at a later time,Schedule sending at a later time
Scheduled,Scheduled
Scheduled Against,Scheduled Against
Scheduled Job,Scheduled Job
Scheduled Job Log,Scheduled Job Log
Scheduled Job Type,Scheduled Job Type
Scheduled Jobs Logs,Scheduled Jobs Logs
Scheduled Sending,Scheduled Sending
Scheduled To Send,Scheduled To Send
Scheduled execution for script {0} has updated,Scheduled execution for script {0} has updated
Scheduled to send,Scheduled to send
Scheduler,Scheduler
Scheduler Event,Scheduler Event
Scheduler Inactive,Scheduler Inactive
Scheduler Status,Scheduler Status
Scheduler can not be re-enabled when maintenance mode is active.,Scheduler can not be re-enabled when maintenance mode is active.
Scheduler is inactive. Cannot import data.,Scheduler is inactive. Cannot import data.
Scheduler: Active,Scheduler: Active
Scheduler: Inactive,Scheduler: Inactive
Scope,Scope
Scopes,Scopes
Script,Script
Script Manager,Script Manager
Script Report,Script Report
Script Type,Script Type
Script to attach to all web pages.,Script to attach to all web pages.
Scripting,Scripting
Scripting / Style,Scripting / Style
Scripts,Scripts
Search Bar,Search Bar
Search Fields,Search Fields
Search Help,Search Help
Search Priorities,Search Priorities
Search Results,Search Results
Search Results for,Search Results for
Search field {0} is not valid,Search field {0} is not valid
Search fields,Search fields
Search fieldtypes...,Search fieldtypes...
Search for anything,Search for anything
Search for {0},Search for {0}
Search in a document type,Search in a document type
Search properties...,Search properties...
Search results for,Search results for
Search...,Search...
Searching ...,Searching ...
Seconds,Seconds
Section,Section
Section Break,Section Break
Section Heading,Section Heading
Section ID,Section ID
Section Title,Section Title
Section must have at least one column,Section must have at least one column
Security Settings,Security Settings
See all Activity,See all Activity
See all past reports.,See all past reports.
See on Website,See on Website
See previous responses,See previous responses
See the document at {0},See the document at {0}
Seen,Seen
Seen By,Seen By
Seen By Table,Seen By Table
Select,Select
Select Child Table,Select Child Table
Select Column,Select Column
Select Columns,Select Columns
Select Country,Select Country
Select Currency,Select Currency
Select Dashboard,Select Dashboard
Select Date Range,Select Date Range
Select DocType,Select DocType
Select Doctype,Select Doctype
Select Document,Select Document
Select Document Type,Select Document Type
Select Document Type or Role to start.,Select Document Type or Role to start.
Select Document Types to set which User Permissions are used to limit access.,Select Document Types to set which User Permissions are used to limit access.
Select Field,Select Field
Select Field...,Select Field...
Select Fields To Update,Select Fields To Update
Select Filters,Select Filters
Select Google Calendar to which event should be synced.,Select Google Calendar to which event should be synced.
Select Google Contacts to which contact should be synced.,Select Google Contacts to which contact should be synced.
Select Kanban,Select Kanban
Select Language,Select Language
Select List View,Select List View
Select Module,Select Module
Select Network Printer,Select Network Printer
Select Page,Select Page
Select Print Format,Select Print Format
Select Print Format to Edit,Select Print Format to Edit
Select Report,Select Report
Select Table Columns for {0},Select Table Columns for {0}
Select Time Zone,Select Time Zone
Select Transaction,Select Transaction
Select Workflow,Select Workflow
Select Workspace,Select Workspace
Select a Brand Image first.,Select a Brand Image first.
Select a DocType to make a new format,Select a DocType to make a new format
Select a document to check if it meets conditions.,Select a document to check if it meets conditions.
Select a document to preview request data,Select a document to preview request data
Select a group node first.,Select a group node first.
Select a valid Sender Field for creating documents from Email,Select a valid Sender Field for creating documents from Email
Select a valid Subject field for creating documents from Email,Select a valid Subject field for creating documents from Email
Select an Image,Select an Image
Select an app to continue,Select an app to continue
Select an existing format to edit or start a new format.,Select an existing format to edit or start a new format.
Select an image of approx width 150px with a transparent background for best results.,Select an image of approx width 150px with a transparent background for best results.
Select atleast 1 record for printing,Select atleast 1 record for printing
Select atleast 2 actions,Select atleast 2 actions
Select list item,Select list item
Select multiple list items,Select multiple list items
Select records for assignment,Select records for assignment
Select records for removing assignment,Select records for removing assignment
Select the label after which you want to insert new field.,Select the label after which you want to insert new field.
Select two versions to view the diff.,Select two versions to view the diff.
Self approval is not allowed,Self approval is not allowed
Send After,Send After
Send Alert On,Send Alert On
Send Email Alert,Send Email Alert
Send Email At,Send Email At
Send Email On State,Send Email On State
Send Email Print Attachments as PDF (Recommended),Send Email Print Attachments as PDF (Recommended)
Send Email To Creator,Send Email To Creator
Send Email for Successful Backup,Send Email for Successful Backup
Send Email for Successful backup,Send Email for Successful backup
Send Me A Copy of Outgoing Emails,Send Me A Copy of Outgoing Emails
Send Notification To,Send Notification To
Send Notification to,Send Notification to
Send Notifications For Documents Followed By Me,Send Notifications For Documents Followed By Me
Send Notifications For Email Threads,Send Notifications For Email Threads
Send Notifications To,Send Notifications To
Send Now,Send Now
Send Print as PDF,Send Print as PDF
Send System Notification,Send System Notification
Send Test Email,Send Test Email
Send To All Assignees,Send To All Assignees
Send Unsubscribe Link,Send Unsubscribe Link
Send Web View Link,Send Web View Link
Send Welcome Email,Send Welcome Email
Send a request to delete your account,Send a request to delete your account
Send a test email,Send a test email
Send again,Send again
Send alert if date matches this field's value,Send alert if date matches this field's value
Send alert if this field's value changes,Send alert if this field's value changes
Send an email reminder in the morning,Send an email reminder in the morning
Send days before or after the reference date,Send days before or after the reference date
Send email when document transitions to the state.,Send email when document transitions to the state.
Send enquiries to this email address,Send enquiries to this email address
Send login link,Send login link
Send now,Send now
Send only if there is any data,Send only if there is any data
Send unsubscribe message in email,Send unsubscribe message in email
Sender,Sender
Sender Email,Sender Email
Sender Email Field,Sender Email Field
Sender Field should have Email in options,Sender Field should have Email in options
Sender Name,Sender Name
Sender Name Field,Sender Name Field
Sendgrid,Sendgrid
Sending,Sending
Sending emails,Sending emails
Sending...,Sending...
Sent,Sent
Sent Folder Name,Sent Folder Name
Sent Read Receipt,Sent Read Receipt
Sent or Received,Sent or Received
Sent/Received Email,Sent/Received Email
Separator,Separator
Sequence Id,Sequence Id
Series List for this Transaction,Series List for this Transaction
Series Updated for {},Series Updated for {}
Series counter for {} updated to {} successfully,Series counter for {} updated to {} successfully
Series {0} already used in {1},Series {0} already used in {1}
Server Action,Server Action
Server Error,Server Error
Server IP,Server IP
Server Script,Server Script
Server Scripts are disabled. Please enable server scripts from bench configuration.,Server Scripts are disabled. Please enable server scripts from bench configuration.
Server Scripts feature is not available on this site.,Server Scripts feature is not available on this site.
Server failed to process this request because of a concurrent conflicting request. Please try again.,Server failed to process this request because of a concurrent conflicting request. Please try again.
Server was too busy to process this request. Please try again.,Server was too busy to process this request. Please try again.
Service,Service
Session Default,Session Default
Session Default Settings,Session Default Settings
Session Defaults,Session Defaults
Session Defaults Saved,Session Defaults Saved
Session Expired,Session Expired
Session Expiry (idle timeout),Session Expiry (idle timeout)
Session Expiry must be in format {0},Session Expiry must be in format {0}
Set,Set
Set Banner from Image,Set Banner from Image
"Set Default Options for all charts on this Dashboard (Ex: \""colors\"": [\""#d1d8dd\"", \""#ff5858\""])","Set Default Options for all charts on this Dashboard (Ex: \""colors\"": [\""#d1d8dd\"", \""#ff5858\""])"
Set Dynamic Filters,Set Dynamic Filters
Set Filters,Set Filters
Set Filters for {0},Set Filters for {0}
Set Limit,Set Limit
Set Naming Series options on your transactions.,Set Naming Series options on your transactions.
Set New Password,Set New Password
Set Number of Backups,Set Number of Backups
Set Password,Set Password
Set Permissions,Set Permissions
Set Properties,Set Properties
Set Property After Alert,Set Property After Alert
Set Role For,Set Role For
Set User Permissions,Set User Permissions
Set Value,Set Value
Set as Default,Set as Default
Set as Default Theme,Set as Default Theme
Set by user,Set by user
Set dynamic filter values in JavaScript for the required fields here.,Set dynamic filter values in JavaScript for the required fields here.
Set non-standard precision for a Float or Currency field,Set non-standard precision for a Float or Currency field
Set only once,Set only once
Set size in MB,Set size in MB
Setting this Address Template as default as there is no other default,Setting this Address Template as default as there is no other default
Setting up Global Search documents.,Setting up Global Search documents.
Setting up your system,Setting up your system
Settings,Settings
Settings Dropdown,Settings Dropdown
Settings for Contact Us Page,Settings for Contact Us Page
Settings for the About Us Page,Settings for the About Us Page
Settings to control blog categories and interactions like comments and likes,Settings to control blog categories and interactions like comments and likes
Setup,Setup
Setup > Customize Form,Setup > Customize Form
Setup > User,Setup > User
Setup > User Permissions,Setup > User Permissions
Setup Approval Workflows,Setup Approval Workflows
Setup Complete,Setup Complete
Setup Limited Access for a User,Setup Limited Access for a User
Setup Naming Series,Setup Naming Series
Setup Series for transactions,Setup Series for transactions
Setup failed,Setup failed
Share With,Share With
Shared,Shared
Shared with the following Users with Read access:{0},Shared with the following Users with Read access:{0}
Shipping,Shipping
Shipping Address,Shipping Address
Shop,Shop
Short Name,Short Name
Short keyboard patterns are easy to guess,Short keyboard patterns are easy to guess
Show,Show
"Show \""Call to Action\"" in Blog","Show \""Call to Action\"" in Blog"
Show Absolute Values,Show Absolute Values
Show All,Show All
Show Attachments,Show Attachments
Show Calendar,Show Calendar
Show Currency Symbol on Right Side,Show Currency Symbol on Right Side
Show Dashboard,Show Dashboard
Show Document,Show Document
Show Error,Show Error
Show Fieldname (click to copy on clipboard),Show Fieldname (click to copy on clipboard)
Show First Document Tour,Show First Document Tour
Show Form Tour,Show Form Tour
Show Full Error and Allow Reporting of Issues to the Developer,Show Full Error and Allow Reporting of Issues to the Developer
Show Full Form?,Show Full Form?
Show Keyboard Shortcuts,Show Keyboard Shortcuts
Show Labels,Show Labels
Show Language Picker,Show Language Picker
Show Line Breaks after Sections,Show Line Breaks after Sections
Show List,Show List
Show More Activity,Show More Activity
Show Percentage Stats,Show Percentage Stats
Show Permissions,Show Permissions
Show Preview Popup,Show Preview Popup
Show Processlist,Show Processlist
Show Related Errors,Show Related Errors
Show Report,Show Report
Show Saved,Show Saved
Show Section Headings,Show Section Headings
Show Sidebar,Show Sidebar
Show Title,Show Title
Show Title in Link Fields,Show Title in Link Fields
Show Tour,Show Tour
Show Traceback,Show Traceback
Show Values over Chart,Show Values over Chart
Show Weekends,Show Weekends
Show account deletion link in My Account page,Show account deletion link in My Account page
Show all Versions,Show all Versions
Show all blogs,Show all blogs
Show as cc,Show as cc
Show footer on login,Show footer on login
Show full form instead of a quick entry modal,Show full form instead of a quick entry modal
Show in Module Section,Show in Module Section
Show in filter,Show in filter
Show link to document,Show link to document
Show more details,Show more details
Show on Timeline,Show on Timeline
Show percentage difference according to this time interval,Show percentage difference according to this time interval
"Show title in browser window as \""Prefix - title\","Show title in browser window as \""Prefix - title\"
Show {0} List,Show {0} List
Showing only Numeric fields from Report,Showing only Numeric fields from Report
Showing only first {0} rows out of {1},Showing only first {0} rows out of {1}
Sidebar,Sidebar
Sidebar Items,Sidebar Items
Sidebar Settings,Sidebar Settings
Sidebar and Comments,Sidebar and Comments
Sign Up and Confirmation,Sign Up and Confirmation
Sign Up is disabled,Sign Up is disabled
Sign up,Sign up
Sign ups,Sign ups
Signature,Signature
Signup Disabled,Signup Disabled
Signups have been disabled for this website.,Signups have been disabled for this website.
"Simple Python Expression, Example: Status in (\""Closed\"", \""Cancelled\"")","Simple Python Expression, Example: Status in (\""Closed\"", \""Cancelled\"")"
"Simple Python Expression, Example: Status in (\""Invalid\"")","Simple Python Expression, Example: Status in (\""Invalid\"")"
"Simple Python Expression, Example: status == 'Open' and type == 'Bug'","Simple Python Expression, Example: status == 'Open' and type == 'Bug'"
Simultaneous Sessions,Simultaneous Sessions
Single DocTypes cannot be customized.,Single DocTypes cannot be customized.
Single Types have only one record no tables associated. Values are stored in tabSingles,Single Types have only one record no tables associated. Values are stored in tabSingles
"Site is running in read only mode for maintenance or site update, this action can not be performed right now. Please try again later.","Site is running in read only mode for maintenance or site update, this action can not be performed right now. Please try again later."
Size,Size
Size (MB),Size (MB)
Skip,Skip
Skip Authorization,Skip Authorization
Skip Step,Skip Step
Skipped,Skipped
Skipping Duplicate Column {0},Skipping Duplicate Column {0}
Skipping column {0},Skipping column {0}
Skipping fixture syncing for doctype {0} from file {1},Skipping fixture syncing for doctype {0} from file {1}
"Skipping {0} of {1}, {2}","Skipping {0} of {1}, {2}"
Skype,Skype
Slack,Slack
Slack Channel,Slack Channel
Slack Webhook Error,Slack Webhook Error
Slack Webhook URL,Slack Webhook URL
Slideshow,Slideshow
Slideshow Items,Slideshow Items
Slideshow Name,Slideshow Name
Slideshow like display for the website,Slideshow like display for the website
Small Text,Small Text
Smallest Currency Fraction Value,Smallest Currency Fraction Value
Smallest circulating fraction unit (coin). For e.g. 1 cent for USD and it should be entered as 0.01,Smallest circulating fraction unit (coin). For e.g. 1 cent for USD and it should be entered as 0.01
Snippet and more variables:  {0},Snippet and more variables:  {0}
Social Link Settings,Social Link Settings
Social Link Type,Social Link Type
Social Login Key,Social Login Key
Social Login Provider,Social Login Provider
Social Logins,Social Logins
SocketIO Ping Check,SocketIO Ping Check
SocketIO Transport Mode,SocketIO Transport Mode
Soft-Bounced,Soft-Bounced
Some columns might get cut off when printing to PDF. Try to keep number of columns under 10.,Some columns might get cut off when printing to PDF. Try to keep number of columns under 10.
"Some mailboxes require a different Sent Folder Name e.g. \""INBOX.Sent\","Some mailboxes require a different Sent Folder Name e.g. \""INBOX.Sent\"
Some of the features might not work in your browser. Please update your browser to the latest version.,Some of the features might not work in your browser. Please update your browser to the latest version.
Something went wrong,Something went wrong
Something went wrong during the token generation. Click on {0} to generate a new one.,Something went wrong during the token generation. Click on {0} to generate a new one.
Something went wrong.,Something went wrong.
Sorry! I could not find what you were looking for.,Sorry! I could not find what you were looking for.
Sorry! You are not permitted to view this page.,Sorry! You are not permitted to view this page.
Sort Field,Sort Field
Sort Options,Sort Options
Sort Order,Sort Order
Sort field {0} must be a valid fieldname,Sort field {0} must be a valid fieldname
Source,Source
Source Name,Source Name
Spacer,Spacer
Spam,Spam
SparkPost,SparkPost
Special Characters are not allowed,Special Characters are not allowed
"Special Characters except '-', '#', '.', '/', '{{' and '}}' not allowed in naming series {0}","Special Characters except '-', '#', '.', '/', '{{' and '}}' not allowed in naming series {0}"
"Specify a custom timeout, default timeout is 1500 seconds","Specify a custom timeout, default timeout is 1500 seconds"
"Specify the domains or origins that are permitted to embed this form. Enter one domain per line (e.g., https://example.com). If no domains are specified, the form can only be embedded on the same origin.","Specify the domains or origins that are permitted to embed this form. Enter one domain per line (e.g., https://example.com). If no domains are specified, the form can only be embedded on the same origin."
Splash Image,Splash Image
Sr,Sr
Sr No.,Sr No.
Stack Trace,Stack Trace
Standard DocType can not be deleted.,Standard DocType can not be deleted.
"Standard DocType cannot have default print format, use Customize Form","Standard DocType cannot have default print format, use Customize Form"
Standard Not Set,Standard Not Set
Standard Permissions,Standard Permissions
Standard Print Format cannot be updated,Standard Print Format cannot be updated
Standard Print Style cannot be changed. Please duplicate to edit.,Standard Print Style cannot be changed. Please duplicate to edit.
Standard Reports cannot be deleted,Standard Reports cannot be deleted
Standard Reports cannot be edited,Standard Reports cannot be edited
Standard Sidebar Menu,Standard Sidebar Menu
"Standard Web Forms can not be modified, duplicate the Web Form instead.","Standard Web Forms can not be modified, duplicate the Web Form instead."
Standard rich text editor with controls,Standard rich text editor with controls
Standard roles cannot be disabled,Standard roles cannot be disabled
Standard roles cannot be renamed,Standard roles cannot be renamed
Standard user type {0} can not be deleted.,Standard user type {0} can not be deleted.
Standings,Standings
Star us on GitHub,Star us on GitHub
Start,Start
Start Date,Start Date
Start Date Field,Start Date Field
Start Recording,Start Recording
Start Time,Start Time
Start a new discussion,Start a new discussion
Start entering data below this line,Start entering data below this line
Start new Format,Start new Format
StartTLS,StartTLS
Started,Started
Started At,Started At
Starting Frappe ...,Starting Frappe ...
Starts on,Starts on
State,State
State Properties,State Properties
States,States
Static Parameters,Static Parameters
Statistics,Statistics
Stats,Stats
Stats Time Interval,Stats Time Interval
Stats based on last month's performance (from {0} to {1}),Stats based on last month's performance (from {0} to {1})
Stats based on last week's performance (from {0} to {1}),Stats based on last week's performance (from {0} to {1})
Status Updated,Status Updated
Status: {0},Status: {0}
Step,Step
Steps,Steps
Steps to verify your login,Steps to verify your login
Stop,Stop
Stopped,Stopped
Storage Usage (MB),Storage Usage (MB)
Storage Usage By Table,Storage Usage By Table
Store Attached PDF Document,Store Attached PDF Document
Store the API secret securely. It won't be displayed again.,Store the API secret securely. It won't be displayed again.
Stores the JSON of last known versions of various installed apps. It is used to show release notes.,Stores the JSON of last known versions of various installed apps. It is used to show release notes.
Stores the datetime when the last reset password key was generated.,Stores the datetime when the last reset password key was generated.
Straight rows of keys are easy to guess,Straight rows of keys are easy to guess
Strip EXIF tags from uploaded images,Strip EXIF tags from uploaded images
Strong,Strong
Style,Style
Style Settings,Style Settings
"Style represents the button color: Success - Green, Danger - Red, Inverse - Black, Primary - Dark Blue, Info - Light Blue, Warning - Orange","Style represents the button color: Success - Green, Danger - Red, Inverse - Black, Primary - Dark Blue, Info - Light Blue, Warning - Orange"
Stylesheet,Stylesheet
"Sub-currency. For e.g. \""Cent\","Sub-currency. For e.g. \""Cent\"
Sub-domain provided by erpnext.com,Sub-domain provided by erpnext.com
Subdomain,Subdomain
Subject Field,Subject Field
"Subject Field type should be Data, Text, Long Text, Small Text, Text Editor","Subject Field type should be Data, Text, Long Text, Small Text, Text Editor"
Submission Queue,Submission Queue
Submit an Issue,Submit an Issue
Submit another response,Submit another response
Submit button label,Submit button label
Submit on Creation,Submit on Creation
Submit this document to complete this step.,Submit this document to complete this step.
Submit {0} documents?,Submit {0} documents?
Submitted Document cannot be converted back to draft. Transition row {0},Submitted Document cannot be converted back to draft. Transition row {0}
Submitted document cannot be converted back to draft while transitioning from <b>{0} State</b> to <b>{1} State</b>,Submitted document cannot be converted back to draft while transitioning from <b>{0} State</b> to <b>{1} State</b>
Submitting,Submitting
Submitting {0},Submitting {0}
Subsidiary,Subsidiary
Subtitle,Subtitle
Success Action,Success Action
Success Message,Success Message
Success URI,Success URI
Success URL,Success URL
Success message,Success message
Success title,Success title
Success! You are good to go 👍,Success! You are good to go 👍
Successful Job Count,Successful Job Count
Successful: {0} to {1},Successful: {0} to {1}
Successfully Done,Successfully Done
Successfully Updated,Successfully Updated
Successfully reset onboarding status for all users.,Successfully reset onboarding status for all users.
Successfully updated translations,Successfully updated translations
Successfully updated {0},Successfully updated {0}
Successfully {0} 1 record.,Successfully {0} 1 record.
"Successfully {0} {1} record out of {2}. Click on Export Errored Rows, fix the errors and import again.","Successfully {0} {1} record out of {2}. Click on Export Errored Rows, fix the errors and import again."
"Successfully {0} {1} records out of {2}. Click on Export Errored Rows, fix the errors and import again.","Successfully {0} {1} records out of {2}. Click on Export Errored Rows, fix the errors and import again."
Successfully {0} {1} records.,Successfully {0} {1} records.
Suggest Optimizations,Suggest Optimizations
Suggested Indexes,Suggested Indexes
Suggested Username: {0},Suggested Username: {0}
Sum of {0},Sum of {0}
Summary,Summary
Sunday,Sunday
Suspend Sending,Suspend Sending
Switch Theme,Switch Theme
Switch To Desk,Switch To Desk
Switch to Frappe CRM for smarter sales,Switch to Frappe CRM for smarter sales
Switching Camera,Switching Camera
Symbol,Symbol
Sync,Sync
Sync Calendar,Sync Calendar
Sync Contacts,Sync Contacts
Sync events from Google as public,Sync events from Google as public
Sync on Migrate,Sync on Migrate
"Sync token was invalid and has been reset, Retry syncing.","Sync token was invalid and has been reset, Retry syncing."
Sync with Google Calendar,Sync with Google Calendar
Sync with Google Contacts,Sync with Google Contacts
Sync {0} Fields,Sync {0} Fields
Synced Fields,Synced Fields
Syncing,Syncing
Syncing {0} of {1},Syncing {0} of {1}
Syntax Error,Syntax Error
System,System
System Console,System Console
System Generated Fields can not be renamed,System Generated Fields can not be renamed
System Health Report,System Health Report
System Health Report Errors,System Health Report Errors
System Health Report Failing Jobs,System Health Report Failing Jobs
System Health Report Queue,System Health Report Queue
System Health Report Tables,System Health Report Tables
System Health Report Workers,System Health Report Workers
System Logs,System Logs
System Manager,System Manager
System Manager privileges required.,System Manager privileges required.
System Notification,System Notification
System Page,System Page
System Settings,System Settings
System managers are allowed by default,System managers are allowed by default
T,T
Tab Break,Tab Break
Tab Label,Tab Label
Table,Table
Table Break,Table Break
Table Field,Table Field
Table Fieldname,Table Fieldname
Table Fieldname Missing,Table Fieldname Missing
Table HTML,Table HTML
Table MultiSelect,Table MultiSelect
Table Trimmed,Table Trimmed
Table updated,Table updated
Table {0} cannot be empty,Table {0} cannot be empty
Tabloid,Tabloid
Tag,Tag
Tag Link,Tag Link
Take Backup,Take Backup
Take Backup Now,Take Backup Now
Target,Target
Team Members,Team Members
Team Members Heading,Team Members Heading
Team Members Subtitle,Team Members Subtitle
Telemetry,Telemetry
Template File,Template File
Templates,Templates
Temporarily Disabled,Temporarily Disabled
Test Data,Test Data
Test Job ID,Test Job ID
Test Spanish,Test Spanish
Test email sent to {0},Test email sent to {0}
Test_Folder,Test_Folder
Text,Text
Text Align,Text Align
Text Color,Text Color
Text Content,Text Content
Text Editor,Text Editor
Thank you,Thank you
Thank you for spending your valuable time to fill this form,Thank you for spending your valuable time to fill this form
Thank you for your email,Thank you for your email
Thank you for your feedback!,Thank you for your feedback!
Thank you for your interest in subscribing to our updates,Thank you for your interest in subscribing to our updates
Thank you for your message,Thank you for your message
Thanks,Thanks
The Auto Repeat for this document has been disabled.,The Auto Repeat for this document has been disabled.
The CSV format is case sensitive,The CSV format is case sensitive
The Condition '{0}' is invalid,The Condition '{0}' is invalid
The File URL you've entered is incorrect,The File URL you've entered is incorrect
The Next Scheduled Date cannot be later than the End Date.,The Next Scheduled Date cannot be later than the End Date.
The Push Relay Server URL key (`push_relay_server_url`) is missing in your site config,The Push Relay Server URL key (`push_relay_server_url`) is missing in your site config
The User record for this request has been auto-deleted due to inactivity by system admins.,The User record for this request has been auto-deleted due to inactivity by system admins.
"The application has been updated to a new version, please refresh this page","The application has been updated to a new version, please refresh this page"
The application name will be used in the Login page.,The application name will be used in the Login page.
The attachments could not be correctly linked to the new document,The attachments could not be correctly linked to the new document
The changes have been reverted.,The changes have been reverted.
The column {0} has {1} different date formats. Automatically setting {2} as the default format as it is the most common. Please change other values in this column to this format.,The column {0} has {1} different date formats. Automatically setting {2} as the default format as it is the most common. Please change other values in this column to this format.
The comment cannot be empty,The comment cannot be empty
The contents of this email are strictly confidential. Please do not forward this email to anyone.,The contents of this email are strictly confidential. Please do not forward this email to anyone.
The document could not be correctly assigned,The document could not be correctly assigned
The document has been assigned to {0},The document has been assigned to {0}
"The document type selected is a child table, so the parent document type is required.","The document type selected is a child table, so the parent document type is required."
The field {0} is mandatory,The field {0} is mandatory
The fieldname you've specified in Attached To Field is invalid,The fieldname you've specified in Attached To Field is invalid
The following Assignment Days have been repeated: {0},The following Assignment Days have been repeated: {0}
The following Header Script will add the current date to an element in 'Header HTML' with class 'header-content',The following Header Script will add the current date to an element in 'Header HTML' with class 'header-content'
The limit has not set for the user type {0} in the site config file.,The limit has not set for the user type {0} in the site config file.
The link will expire in {0} minutes,The link will expire in {0} minutes
The link you trying to login is invalid or expired.,The link you trying to login is invalid or expired.
"The meta description is an HTML attribute that provides a brief summary of a web page. Search engines such as Google often display the meta description in search results, which can influence click-through rates.","The meta description is an HTML attribute that provides a brief summary of a web page. Search engines such as Google often display the meta description in search results, which can influence click-through rates."
"The meta image is unique image representing the content of the page. Images for this Card should be at least 280px in width, and at least 150px in height.","The meta image is unique image representing the content of the page. Images for this Card should be at least 280px in width, and at least 150px in height."
The name that will appear in Google Calendar,The name that will appear in Google Calendar
The next tour will start from where the user left off.,The next tour will start from where the user left off.
The number of seconds until the request expires,The number of seconds until the request expires
The page you are looking for has gone missing.,The page you are looking for has gone missing.
The password of your account has expired.,The password of your account has expired.
The process for deletion of {0} data associated with {1} has been initiated.,The process for deletion of {0} data associated with {1} has been initiated.
The reset password link has been expired,The reset password link has been expired
The reset password link has either been used before or is invalid,The reset password link has either been used before or is invalid
The role {0} should be a custom role.,The role {0} should be a custom role.
The system is being updated. Please refresh again after a few moments.,The system is being updated. Please refresh again after a few moments.
The system provides many pre-defined roles. You can add new roles to set finer permissions.,The system provides many pre-defined roles. You can add new roles to set finer permissions.
The total column width cannot be more than 10.,The total column width cannot be more than 10.
The total number of user document types limit has been crossed.,The total number of user document types limit has been crossed.
The user from this field will be rewarded points,The user from this field will be rewarded points
The value you pasted was {0} characters long. Max allowed characters is {1}.,The value you pasted was {0} characters long. Max allowed characters is {1}.
The webhook will be triggered if this expression is true,The webhook will be triggered if this expression is true
The {0} is already on auto repeat {1},The {0} is already on auto repeat {1}
Theme,Theme
Theme Changed,Theme Changed
Theme Configuration,Theme Configuration
Theme URL,Theme URL
There are documents which have workflow states that do not exist in this Workflow. It is recommended that you add these states to the Workflow and change their states before removing these states.,There are documents which have workflow states that do not exist in this Workflow. It is recommended that you add these states to the Workflow and change their states before removing these states.
"There are no {0} for this {1}, why don't you start one!","There are no {0} for this {1}, why don't you start one!"
There are {0} with the same filters already in the queue:,There are {0} with the same filters already in the queue:
There can be only 9 Page Break fields in a Web Form,There can be only 9 Page Break fields in a Web Form
There can be only one Fold in a form,There can be only one Fold in a form
There is an error in your Address Template {0},There is an error in your Address Template {0}
There is no data to be exported,There is no data to be exported
There is some problem with the file url: {0},There is some problem with the file url: {0}
There is {0} with the same filters already in the queue:,There is {0} with the same filters already in the queue:
There must be atleast one permission rule.,There must be atleast one permission rule.
There was an error building this page,There was an error building this page
There was an error saving filters,There was an error saving filters
There were errors,There were errors
There were errors while creating the document. Please try again.,There were errors while creating the document. Please try again.
There were errors while sending email. Please try again.,There were errors while sending email. Please try again.
"There were some errors setting the name, please contact the administrator","There were some errors setting the name, please contact the administrator"
There's nothing here,There's nothing here
These announcements will appear inside a dismissible alert below the Navbar.,These announcements will appear inside a dismissible alert below the Navbar.
These settings are required if 'Custom' LDAP Directory is used,These settings are required if 'Custom' LDAP Directory is used
These values will be automatically updated in transactions and also will be useful to restrict permissions for this user on transactions containing these values.,These values will be automatically updated in transactions and also will be useful to restrict permissions for this user on transactions containing these values.
Third Party Apps,Third Party Apps
Third Party Authentication,Third Party Authentication
This Currency is disabled. Enable to use in transactions,This Currency is disabled. Enable to use in transactions
This Doctype does not contain latitude and longitude fields,This Doctype does not contain latitude and longitude fields
This Doctype does not contain location fields,This Doctype does not contain location fields
This Kanban Board will be private,This Kanban Board will be private
This Month,This Month
This Quarter,This Quarter
This Week,This Week
This Year,This Year
This action is irreversible. Do you wish to continue?,This action is irreversible. Do you wish to continue?
This action is only allowed for {},This action is only allowed for {}
This cannot be undone,This cannot be undone
This card will be available to all Users if this is set,This card will be available to all Users if this is set
This chart will be available to all Users if this is set,This chart will be available to all Users if this is set
This doctype has no orphan fields to trim,This doctype has no orphan fields to trim
"This doctype has pending migrations, run 'bench migrate' before modifying the doctype to avoid losing changes.","This doctype has pending migrations, run 'bench migrate' before modifying the doctype to avoid losing changes."
"This document allows you to edit limited fields. For all kinds of workspace customization, use the Edit button located on the workspace page","This document allows you to edit limited fields. For all kinds of workspace customization, use the Edit button located on the workspace page"
This document can not be deleted right now as it's being modified by another user. Please try again after some time.,This document can not be deleted right now as it's being modified by another user. Please try again after some time.
This document cannot be reverted,This document cannot be reverted
This document has been modified after the email was sent.,This document has been modified after the email was sent.
This document has been reverted,This document has been reverted
This document has unsaved changes which might not appear in final PDF. <br> Consider saving the document before printing.,This document has unsaved changes which might not appear in final PDF. <br> Consider saving the document before printing.
"This document is already amended, you cannot ammend it again","This document is already amended, you cannot ammend it again"
This document is currently locked and queued for execution. Please try again after some time.,This document is currently locked and queued for execution. Please try again after some time.
This email is autogenerated,This email is autogenerated
This feature is brand new and still experimental,This feature is brand new and still experimental
This file is attached to a protected document and cannot be deleted.,This file is attached to a protected document and cannot be deleted.
This file is public. It can be accessed without authentication.,This file is public. It can be accessed without authentication.
This form has been modified after you have loaded it,This form has been modified after you have loaded it
This form is not editable due to a Workflow.,This form is not editable due to a Workflow.
This format is used if country specific format is not found,This format is used if country specific format is not found
This goes above the slideshow.,This goes above the slideshow.
This is a background report. Please set the appropriate filters and then generate a new one.,This is a background report. Please set the appropriate filters and then generate a new one.
This is a top-10 common password.,This is a top-10 common password.
This is a top-100 common password.,This is a top-100 common password.
This is a very common password.,This is a very common password.
This is a virtual doctype and data is cleared periodically.,This is a virtual doctype and data is cleared periodically.
This is an automatically generated reply,This is an automatically generated reply
This is an example Google SERP Preview.,This is an example Google SERP Preview.
This is similar to a commonly used password.,This is similar to a commonly used password.
This is the number of the last created transaction with this prefix,This is the number of the last created transaction with this prefix
This link has already been activated for verification.,This link has already been activated for verification.
This link is invalid or expired. Please make sure you have pasted correctly.,This link is invalid or expired. Please make sure you have pasted correctly.
This may get printed on multiple pages,This may get printed on multiple pages
This month,This month
This newsletter is scheduled to be sent on {0},This newsletter is scheduled to be sent on {0}
This newsletter was scheduled to send on a later date. Are you sure you want to send it now?,This newsletter was scheduled to send on a later date. Are you sure you want to send it now?
"This report contains {0} rows and is too big to display in browser, you can {1} this report instead.","This report contains {0} rows and is too big to display in browser, you can {1} this report instead."
This report was generated on {0},This report was generated on {0}
This report was generated {0}.,This report was generated {0}.
This request has not yet been approved by the user.,This request has not yet been approved by the user.
"This site is in read only mode, full functionality will be restored soon.","This site is in read only mode, full functionality will be restored soon."
This site is running in developer mode. Any change made here will be updated in code.,This site is running in developer mode. Any change made here will be updated in code.
This title will be used as the title of the webpage as well as in meta tags,This title will be used as the title of the webpage as well as in meta tags
This value is fetched from {0}'s {1} field,This value is fetched from {0}'s {1} field
This value specifies the max number of rows that can be rendered in report view.,This value specifies the max number of rows that can be rendered in report view.
"This will be automatically generated when you publish the page, you can also enter a route yourself if you wish","This will be automatically generated when you publish the page, you can also enter a route yourself if you wish"
This will be shown in a modal after routing,This will be shown in a modal after routing
This will be shown to the user in a dialog after routing to the report,This will be shown to the user in a dialog after routing to the report
This will log out {0} from all other devices,This will log out {0} from all other devices
This will permanently remove your data.,This will permanently remove your data.
This will reset this tour and show it to all users. Are you sure?,This will reset this tour and show it to all users. Are you sure?
"This will terminate the job immediately and might be dangerous, are you sure?","This will terminate the job immediately and might be dangerous, are you sure?"
Throttled,Throttled
Thumbnail URL,Thumbnail URL
Thursday,Thursday
Time Format,Time Format
Time Interval,Time Interval
Time Series,Time Series
Time Series Based On,Time Series Based On
Time Taken,Time Taken
Time Window (Seconds),Time Window (Seconds)
Time Zone,Time Zone
Time Zones,Time Zones
Time format,Time format
Time in Queries,Time in Queries
Time in seconds to retain QR code image on server. Min:<strong>240</strong>,Time in seconds to retain QR code image on server. Min:<strong>240</strong>
Time series based on is required to create a dashboard chart,Time series based on is required to create a dashboard chart
Time {0} must be in format: {1},Time {0} must be in format: {1}
Timed Out,Timed Out
Timeless Night,Timeless Night
Timeline,Timeline
Timeline DocType,Timeline DocType
Timeline Field,Timeline Field
Timeline Links,Timeline Links
Timeline Name,Timeline Name
Timeline field must be a Link or Dynamic Link,Timeline field must be a Link or Dynamic Link
Timeline field must be a valid fieldname,Timeline field must be a valid fieldname
Timeout,Timeout
Timeout (In Seconds),Timeout (In Seconds)
Timeseries,Timeseries
Timespan,Timespan
Timestamp,Timestamp
Title Field,Title Field
Title Prefix,Title Prefix
Title field must be a valid fieldname,Title field must be a valid fieldname
Title of the page,Title of the page
To,To
To Date,To Date
To Date Field,To Date Field
To Do,To Do
To User,To User
To allow more reports update limit in System Settings.,To allow more reports update limit in System Settings.
To and CC,To and CC
"To begin the date range at the start of the chosen period. For example, if 'Year' is selected as the period, the report will start from January 1st of the current year.","To begin the date range at the start of the chosen period. For example, if 'Year' is selected as the period, the report will start from January 1st of the current year."
"To configure Auto Repeat, enable \""Allow Auto Repeat\"" from {0}.","To configure Auto Repeat, enable \""Allow Auto Repeat\"" from {0}."
To enable it follow the instructions in the following link: {0},To enable it follow the instructions in the following link: {0}
"To enable server scripts, read the {0}.","To enable server scripts, read the {0}."
"To export this step as JSON, link it in a Onboarding document and save the document.","To export this step as JSON, link it in a Onboarding document and save the document."
"To get the updated report, click on {0}.","To get the updated report, click on {0}."
To manage your authorized third party apps,To manage your authorized third party apps
To print output use <code>print(text)</code>,To print output use <code>print(text)</code>
"To set the role {0} in the user {1}, kindly set the {2} field as {3} in one of the {4} record.","To set the role {0} in the user {1}, kindly set the {2} field as {3} in one of the {4} record."
"To use Google Calendar, enable {0}.","To use Google Calendar, enable {0}."
"To use Google Contacts, enable {0}.","To use Google Contacts, enable {0}."
"To use Google Drive, enable {0}.","To use Google Drive, enable {0}."
"To use Google Indexing, enable <a href=\""/app/google-settings\"">Google Settings</a>.","To use Google Indexing, enable <a href=\""/app/google-settings\"">Google Settings</a>."
"To use Slack Channel, add a <a href=\""#List/Slack%20Webhook%20URL/List\"">Slack Webhook URL</a>.","To use Slack Channel, add a <a href=\""#List/Slack%20Webhook%20URL/List\"">Slack Webhook URL</a>."
To version,To version
Toggle Grid View,Toggle Grid View
Toggle Section: {0},Toggle Section: {0}
Toggle Theme,Toggle Theme
Token,Token
Token Cache,Token Cache
Token Type,Token Type
Token URI,Token URI
Token is missing,Token is missing
Tomorrow,Tomorrow
Too Many Documents,Too Many Documents
Too Many Requests,Too Many Requests
Too many changes to database in single action.,Too many changes to database in single action.
Too many queued background jobs ({0}). Please retry after some time.,Too many queued background jobs ({0}). Please retry after some time.
"Too many users signed up recently, so the registration is disabled. Please try back in an hour","Too many users signed up recently, so the registration is disabled. Please try back in an hour"
Tools,Tools
Top,Top
Top 10,Top 10
Top Bar Item,Top Bar Item
Top Bar Items,Top Bar Items
Top Center,Top Center
Top Errors,Top Errors
Top Left,Top Left
Top Performer,Top Performer
Top Reviewer,Top Reviewer
Top Right,Top Right
Top {0},Top {0}
Topic,Topic
Total,Total
Total Background Workers,Total Background Workers
Total Errors (last 1 day),Total Errors (last 1 day)
Total Images,Total Images
Total Outgoing Emails,Total Outgoing Emails
Total Recipients,Total Recipients
Total Subscribers,Total Subscribers
Total Users,Total Users
Total Views,Total Views
Total Working Time,Total Working Time
Total number of emails to sync in initial sync process,Total number of emails to sync in initial sync process
Total:,Total:
Totals Row,Totals Row
Trace ID,Trace ID
Traceback,Traceback
Track Changes,Track Changes
Track Email Status,Track Email Status
Track Field,Track Field
Track Seen,Track Seen
Track Steps,Track Steps
Track Views,Track Views
Track milestones for any document,Track milestones for any document
Tracking URL generated and copied to clipboard,Tracking URL generated and copied to clipboard
Transaction Hash,Transaction Hash
Transaction Log,Transaction Log
Transaction Log Report,Transaction Log Report
Transgender,Transgender
Transition Properties,Transition Properties
Transition Rules,Transition Rules
Transitions,Transitions
Translatable,Translatable
Translate Data,Translate Data
Translate Link Fields,Translate Link Fields
Translate values,Translate values
Translate {0},Translate {0}
Translation,Translation
Translations,Translations
Translator,Translator
Trash,Trash
Tree,Tree
Tree structures are implemented using Nested Set,Tree structures are implemented using Nested Set
Tree view is not available for {0},Tree view is not available for {0}
Trigger Method,Trigger Method
Trigger Primary Action,Trigger Primary Action
Trigger caching,Trigger caching
"Trigger on valid methods like \""before_insert\"", \""after_update\"", etc (will depend on the DocType selected)","Trigger on valid methods like \""before_insert\"", \""after_update\"", etc (will depend on the DocType selected)"
Trim Table,Trim Table
Try Again,Try Again
Try a Naming Series,Try a Naming Series
Try to avoid repeated words and characters,Try to avoid repeated words and characters
Try to use a longer keyboard pattern with more turns,Try to use a longer keyboard pattern with more turns
Tuesday,Tuesday
Two Factor Authentication,Two Factor Authentication
Two Factor Authentication method,Two Factor Authentication method
Type,Type
Type Distribution,Type Distribution
Type something in the search box to search,Type something in the search box to search
Type title,Type title
Type your reply here...,Type your reply here...
Type:,Type:
UI Tour,UI Tour
UID,UID
UIDNEXT,UIDNEXT
UIDVALIDITY,UIDVALIDITY
UNSEEN,UNSEEN
URL,URL
URL for documentation or help,URL for documentation or help
URL must start with http:// or https://,URL must start with http:// or https://
URL of the page,URL of the page
URL to go to on clicking the slideshow image,URL to go to on clicking the slideshow image
Unable to find DocType {0},Unable to find DocType {0}
Unable to load camera.,Unable to load camera.
Unable to load: {0},Unable to load: {0}
Unable to open attached file. Did you export it as CSV?,Unable to open attached file. Did you export it as CSV?
Unable to read file format for {0},Unable to read file format for {0}
Unable to send mail because of a missing email account. Please setup default Email Account from Settings > Email Account,Unable to send mail because of a missing email account. Please setup default Email Account from Settings > Email Account
Unable to update event,Unable to update event
Unable to write file format for {0},Unable to write file format for {0}
Unassign Condition,Unassign Condition
Uncaught Server Exception,Uncaught Server Exception
Undo last action,Undo last action
Unhandled Email,Unhandled Email
Unhandled Emails,Unhandled Emails
Unhide Workspace,Unhide Workspace
Unique,Unique
Unknown,Unknown
Unknown Column: {0},Unknown Column: {0}
Unknown Rounding Method: {},Unknown Rounding Method: {}
Unknown User,Unknown User
"Unknown file encoding. Tried utf-8, windows-1250, windows-1252.","Unknown file encoding. Tried utf-8, windows-1250, windows-1252."
Unlock Reference Document,Unlock Reference Document
Unread,Unread
Unread Notification Sent,Unread Notification Sent
Unsafe SQL query,Unsafe SQL query
Unshared,Unshared
Unsubscribe,Unsubscribe
Unsubscribe Method,Unsubscribe Method
Unsubscribe Param,Unsubscribe Param
Unsubscribed,Unsubscribed
Untitled Column,Untitled Column
Unzip,Unzip
Unzipped {0} files,Unzipped {0} files
Unzipping files...,Unzipping files...
Upcoming Events for Today,Upcoming Events for Today
Update Amendment Naming,Update Amendment Naming
Update Details,Update Details
Update Field,Update Field
Update Hooks Resolution Order,Update Hooks Resolution Order
Update Order,Update Order
Update Password,Update Password
Update Series Counter,Update Series Counter
Update Series Number,Update Series Number
Update Settings,Update Settings
Update Translations,Update Translations
Update Value,Update Value
Update from Frappe Cloud,Update from Frappe Cloud
Updated,Updated
Updated Successfully,Updated Successfully
Updated To A New Version 🎉,Updated To A New Version 🎉
Updated successfully,Cập nhật thành công
Updates,Updates
Updating,Đang cập nhật
Updating Email Queue Statuses. The emails will be picked up in the next scheduled run.,Updating Email Queue Statuses. The emails will be picked up in the next scheduled run.
Updating counter may lead to document name conflicts if not done properly,Updating counter may lead to document name conflicts if not done properly
Updating global settings,Updating global settings
Updating naming series options,Updating naming series options
Updating related fields...,Updating related fields...
Updating {0},Updating {0}
"Updating {0} of {1}, {2}","Updating {0} of {1}, {2}"
Upgrade plan,Upgrade plan
Upgrade your support experience with Frappe Helpdesk,Upgrade your support experience with Frappe Helpdesk
Upload Image,Upload Image
Upload file,Upload file
Upload {0} files,Upload {0} files
Uploaded To Dropbox,Uploaded To Dropbox
Uploaded To Google Drive,Uploaded To Google Drive
Uploading backup to Google Drive.,Uploading backup to Google Drive.
Uploading successful.,Uploading successful.
Uploading to Google Drive,Uploading to Google Drive
Use % for any non empty value.,Use % for any non empty value.
Use ASCII encoding for password,Use ASCII encoding for password
Use First Day of Period,Use First Day of Period
Use HTML,Use HTML
Use IMAP,Use IMAP
Use Number Format from Currency,Use Number Format from Currency
Use POST,Use POST
Use Report Chart,Use Report Chart
Use SSL,Use SSL
Use STARTTLS,Use STARTTLS
Use TLS,Use TLS
"Use a few words, avoid common phrases.","Use a few words, avoid common phrases."
Use different Email ID,Use different Email ID
Use of function {0} in field is restricted,Use of function {0} in field is restricted
Use of sub-query or function is restricted,Use of sub-query or function is restricted
Use the new Print Format Builder,Use the new Print Format Builder
Use this fieldname to generate title,Use this fieldname to generate title
"Use this, for example, if all sent emails should also be send to an archive.","Use this, for example, if all sent emails should also be send to an archive."
Used OAuth,Used OAuth
User '{0}' already has the role '{1}',User '{0}' already has the role '{1}'
User Activity Report,User Activity Report
User Activity Report Without Sort,User Activity Report Without Sort
User Agent,User Agent
User Cannot Create,User Cannot Create
User Cannot Search,User Cannot Search
User Defaults,User Defaults
User Document Type,User Document Type
User Document Types Limit Exceeded,User Document Types Limit Exceeded
User Email,User Email
User Emails,User Emails
User Field,User Field
User Group,User Group
User Group Member,User Group Member
User Group Members,User Group Members
User ID Property,User ID Property
User ID of a Blogger,User ID of a Blogger
User Id,User Id
User Id Field,User Id Field
User Id Field is mandatory in the user type {0},User Id Field is mandatory in the user type {0}
User Image,User Image
User Menu,User Menu
User Name,User Name
User Permissions are used to limit users to specific records.,User Permissions are used to limit users to specific records.
User Permissions created sucessfully,User Permissions created sucessfully
User Profile,User Profile
User Role,User Role
User Select Document Type,User Select Document Type
User Social Login,User Social Login
User Tags,User Tags
User Type,User Type
User Type Module,User Type Module
User can login using Email id or Mobile number,User can login using Email id or Mobile number
User can login using Email id or User Name,User can login using Email id or User Name
User does not exist,User does not exist
User does not exist.,User does not exist.
User does not have permission to create the new {0},User does not have permission to create the new {0}
User is mandatory for Share,User is mandatory for Share
User must always select,User must always select
User not allowed to delete {0}: {1},User not allowed to delete {0}: {1}
User permission already exists,User permission already exists
User with email address {0} does not exist,User with email address {0} does not exist
User with email: {0} does not exist in the system. Please ask 'System Administrator' to create the user for you.,User with email: {0} does not exist in the system. Please ask 'System Administrator' to create the user for you.
User {0} cannot be deleted,User {0} cannot be deleted
User {0} cannot be disabled,User {0} cannot be disabled
User {0} cannot be renamed,User {0} cannot be renamed
User {0} does not have access to this document,User {0} does not have access to this document
User {0} does not have the permission to create a Workspace.,User {0} does not have the permission to create a Workspace.
User {0} has requested for data deletion,User {0} has requested for data deletion
User {0} impersonated as {1},User {0} impersonated as {1}
User {0} is disabled,User {0} is disabled
User {0} is disabled. Please contact your System Manager.,User {0} is disabled. Please contact your System Manager.
User {0} is not permitted to access this document.,User {0} is not permitted to access this document.
Userinfo URI,Userinfo URI
Username,Username
Username {0} already exists,Username {0} already exists
Users,Users
Users are only able to delete attached files if the document is either in draft or if the document is canceled and they are also able to delete the document.,Users are only able to delete attached files if the document is either in draft or if the document is canceled and they are also able to delete the document.
Users assigned to the reference document will get points.,Users assigned to the reference document will get points.
Users with role {0}:,Users with role {0}:
Uses system's theme to switch between light and dark mode,Uses system's theme to switch between light and dark mode
Using this console may allow attackers to impersonate you and steal your information. Do not enter or paste code that you do not understand.,Using this console may allow attackers to impersonate you and steal your information. Do not enter or paste code that you do not understand.
Utilization,Utilization
Utilization %,Utilization %
Valid,Valid
Valid Login id required.,Valid Login id required.
Valid email and name required,Valid email and name required
Validate Field,Validate Field
Validation Error,Validation Error
Validity,Validity
Value Based On,Value Based On
Value Change,Value Change
Value Changed,Value Changed
Value To Be Set,Value To Be Set
Value cannot be changed for {0},Value cannot be changed for {0}
Value cannot be negative for,Value cannot be negative for
Value cannot be negative for {0}: {1},Value cannot be negative for {0}: {1}
Value for a check field can be either 0 or 1,Value for a check field can be either 0 or 1
Value for field {0} is too long in {1}. Length should be lesser than {2} characters,Value for field {0} is too long in {1}. Length should be lesser than {2} characters
Value for {0} cannot be a list,Value for {0} cannot be a list
Value from this field will be set as the due date in the ToDo,Value from this field will be set as the due date in the ToDo
Value missing for,Value missing for
Value must be one of {0},Value must be one of {0}
Value to Validate,Value to Validate
Value too big,Value too big
Value {0} must be in the valid duration format: d h m s,Value {0} must be in the valid duration format: d h m s
Value {0} must in {1} format,Value {0} must in {1} format
Values Changed,Values Changed
Verdana,Verdana
Verification,Verification
Verification Code,Verification Code
Verification Link,Verification Link
Verification code email not sent. Please contact Administrator.,Verification code email not sent. Please contact Administrator.
Verification code has been sent to your registered email address.,Verification code has been sent to your registered email address.
Verified,Verified
Verify,Verify
Verify Password,Verify Password
Verifying...,Đang xác thực...
Version,Version
Version Updated,Version Updated
Video URL,Video URL
View All,View All
View Blog Post,View Blog Post
View Comment,View Comment
View File,View File
View Full Log,View Full Log
View Log,View Log
View Permitted Documents,View Permitted Documents
View Properties (via Customize Form),View Properties (via Customize Form)
View Ref,View Ref
View Report,View Report
View Settings,View Settings
View Switcher,View Switcher
View Website,View Website
View document,View document
View report in your browser,View report in your browser
View this in your browser,View this in your browser
View your response,View your response
View {0},View {0}
Viewed By,Viewed By
Views,Views
Virtual,Virtual
Virtual DocType {} requires a static method called {} found {},Virtual DocType {} requires a static method called {} found {}
Virtual DocType {} requires overriding an instance method called {} found {},Virtual DocType {} requires overriding an instance method called {} found {}
Visibility,Visibility
Visible to website/portal users.,Visible to website/portal users.
Visit,Visit
Visit Web Page,Visit Web Page
Visitor ID,Visitor ID
Want to discuss?,Want to discuss?
Warning,Warning
Warning: DATA LOSS IMMINENT! Proceeding will permanently delete following database columns from doctype {0}:,Warning: DATA LOSS IMMINENT! Proceeding will permanently delete following database columns from doctype {0}:
Warning: Unable to find {0} in any table related to {1},Warning: Unable to find {0} in any table related to {1}
Warning: Updating counter may lead to document name conflicts if not done properly,Warning: Updating counter may lead to document name conflicts if not done properly
Was this article helpful?,Was this article helpful?
Watch Tutorial,Watch Tutorial
Watch Video,Watch Video
We do not allow editing of this document. Simply click the Edit button on the workspace page to make your workspace editable and customize it as you wish,We do not allow editing of this document. Simply click the Edit button on the workspace page to make your workspace editable and customize it as you wish
We have received a request for deletion of {0} data associated with: {1},We have received a request for deletion of {0} data associated with: {1}
We have received a request from you to download your {0} data associated with: {1},We have received a request from you to download your {0} data associated with: {1}
We've received your query!,We've received your query!
Weak,Weak
Web Form,Web Form
Web Form Field,Web Form Field
Web Form Fields,Web Form Fields
Web Form List Column,Web Form List Column
Web Page,Web Page
Web Page Block,Web Page Block
Web Page URL,Web Page URL
Web Page View,Web Page View
Web Site,Web Site
Web Template,Web Template
Web Template Field,Web Template Field
Web Template Values,Web Template Values
Web Template is not specified,Web Template is not specified
Web View,Web View
Webhook,Webhook
Webhook Data,Webhook Data
Webhook Header,Webhook Header
Webhook Headers,Webhook Headers
Webhook Request,Webhook Request
Webhook Request Log,Webhook Request Log
Webhook Secret,Webhook Secret
Webhook Security,Webhook Security
Webhook Trigger,Webhook Trigger
Webhook URL,Webhook URL
Website,Website
Website Analytics,Website Analytics
Website Manager,Website Manager
Website Meta Tag,Website Meta Tag
Website Route Meta,Website Route Meta
Website Route Redirect,Website Route Redirect
Website Script,Website Script
Website Search Field,Website Search Field
Website Search Field must be a valid fieldname,Website Search Field must be a valid fieldname
Website Settings,Website Settings
Website Sidebar,Website Sidebar
Website Sidebar Item,Website Sidebar Item
Website Slideshow,Website Slideshow
Website Slideshow Item,Website Slideshow Item
Website Theme,Website Theme
Website Theme Ignore App,Website Theme Ignore App
Website Theme Image,Website Theme Image
Website Theme image link,Website Theme image link
Websocket,Websocket
Wednesday,Wednesday
Weekdays,Weekdays
Weekly Long,Weekly Long
Welcome,Welcome
Welcome Email Template,Welcome Email Template
Welcome URL,Welcome URL
Welcome Workspace,Welcome Workspace
Welcome email sent,Welcome email sent
Welcome to {0},Welcome to {0}
"When enabled this will allow guests to upload files to your application, You can enable this if you wish to collect files from user without having them to log in, for example in job applications web form.","When enabled this will allow guests to upload files to your application, You can enable this if you wish to collect files from user without having them to log in, for example in job applications web form."
"When sending document using email, store the PDF on Communication. Warning: This can increase your storage usage.","When sending document using email, store the PDF on Communication. Warning: This can increase your storage usage."
"When uploading files, force the use of the web-based image capture. If this is unchecked, the default behavior is to use the mobile native camera when use from a mobile is detected.","When uploading files, force the use of the web-based image capture. If this is unchecked, the default behavior is to use the mobile native camera when use from a mobile is detected."
"When you Amend a document after Cancel and save it, it will get a new number that is a version of the old number.","When you Amend a document after Cancel and save it, it will get a new number that is a version of the old number."
Which view of the associated DocType should this shortcut take you to?,Which view of the associated DocType should this shortcut take you to?
Width,Width
Widths can be set in px or %.,Widths can be set in px or %.
Wildcard Filter,Wildcard Filter
"Will add \""%\"" before and after the query","Will add \""%\"" before and after the query"
Will be used in url (usually first name).,Will be used in url (usually first name).
Will be your login ID,Will be your login ID
Will only be shown if section headings are enabled,Will only be shown if section headings are enabled
Will run scheduled jobs only once a day for inactive sites. Set it to 0 to avoid automatically disabling the scheduler.,Will run scheduled jobs only once a day for inactive sites. Set it to 0 to avoid automatically disabling the scheduler.
Worflow States Don't Exist,Worflow States Don't Exist
Worker Information,Worker Information
Worker Name,Worker Name
Workflow,Workflow
Workflow Action,Workflow Action
Workflow Action Master,Workflow Action Master
Workflow Action Name,Workflow Action Name
Workflow Action Permitted Role,Workflow Action Permitted Role
Workflow Action is not created for optional states,Workflow Action is not created for optional states
Workflow Builder,Workflow Builder
Workflow Builder ID,Workflow Builder ID
Workflow Builder allows you to create workflows visually. You can drag and drop states and link them to create transitions. Also you can update thieir properties from the sidebar.,Workflow Builder allows you to create workflows visually. You can drag and drop states and link them to create transitions. Also you can update thieir properties from the sidebar.
Workflow Data,Workflow Data
Workflow Details,Workflow Details
Workflow Document State,Workflow Document State
Workflow Name,Workflow Name
Workflow State,Workflow State
Workflow State Field,Workflow State Field
Workflow State not set,Workflow State not set
Workflow State transition not allowed from {0} to {1},Workflow State transition not allowed from {0} to {1}
Workflow Transition,Workflow Transition
Workflow state represents the current state of a document.,Workflow state represents the current state of a document.
Workflow updated successfully,Workflow updated successfully
Workflows allow you to define custom rules for the approval process of a particular document in ERPNext. You can also set complex Workflow Rules and set approval conditions.,Workflows allow you to define custom rules for the approval process of a particular document in ERPNext. You can also set complex Workflow Rules and set approval conditions.
Workspace,Workspace
Workspace <b>{0}</b> does not exist,Workspace <b>{0}</b> does not exist
Workspace Chart,Workspace Chart
Workspace Custom Block,Workspace Custom Block
Workspace Link,Workspace Link
Workspace Manager,Workspace Manager
Workspace Number Card,Workspace Number Card
Workspace Quick List,Workspace Quick List
Workspace Shortcut,Workspace Shortcut
Workspace not found,Workspace not found
Workspace {0} Created Successfully,Workspace {0} Created Successfully
Workspace {0} Deleted Successfully,Workspace {0} Deleted Successfully
Workspace {0} Edited Successfully,Workspace {0} Edited Successfully
Workspaces,Workspaces
Wrapping up,Wrapping up
Write,Write
Wrong Fetch From value,Wrong Fetch From value
X Axis Field,X Axis Field
X Field,X Field
XLSX,XLSX
Y Axis,Y Axis
Y Axis Fields,Y Axis Fields
Y Field,Y Field
Yahoo Mail,Yahoo Mail
Yandex.Mail,Yandex.Mail
Year,Year
Yearly,Yearly
Yellow,Yellow
Yesterday,Yesterday
You Liked,You Liked
You are connected to internet.,You are connected to internet.
You are impersonating as another user.,You are impersonating as another user.
You are not allowed to access this resource,You are not allowed to access this resource
You are not allowed to access this {0} record because it is linked to {1} '{2}' in field {3},You are not allowed to access this {0} record because it is linked to {1} '{2}' in field {3}
"You are not allowed to access this {0} record because it is linked to {1} '{2}' in row {3}, field {4}","You are not allowed to access this {0} record because it is linked to {1} '{2}' in row {3}, field {4}"
You are not allowed to create columns,You are not allowed to create columns
You are not allowed to delete Standard Report,You are not allowed to delete Standard Report
You are not allowed to delete a standard Website Theme,You are not allowed to delete a standard Website Theme
You are not allowed to edit the report.,You are not allowed to edit the report.
You are not allowed to export {} doctype,You are not allowed to export {} doctype
You are not allowed to print this report,You are not allowed to print this report
You are not allowed to send emails related to this document,You are not allowed to send emails related to this document
You are not allowed to update this Web Form Document,You are not allowed to update this Web Form Document
You are not connected to Internet. Retry after sometime.,You are not connected to Internet. Retry after sometime.
You are not permitted to access this page without login.,You are not permitted to access this page without login.
You are not permitted to access this page.,You are not permitted to access this page.
You are not permitted to access this resource. Login to access,You are not permitted to access this resource. Login to access
You are now following this document. You will receive daily updates via email. You can change this in User Settings.,You are now following this document. You will receive daily updates via email. You can change this in User Settings.
"You are only allowed to update order, do not remove or add apps.","You are only allowed to update order, do not remove or add apps."
"You are selecting Sync Option as ALL, It will resync all read as well as unread message from server. This may also cause the duplication of Communication (emails).","You are selecting Sync Option as ALL, It will resync all read as well as unread message from server. This may also cause the duplication of Communication (emails)."
You attached {0},You attached {0}
You can add dynamic properties from the document by using Jinja templating.,You can add dynamic properties from the document by using Jinja templating.
You can also access wkhtmltopdf variables (valid only in PDF print):,You can also access wkhtmltopdf variables (valid only in PDF print):
You can also copy-paste following link in your browser,You can also copy-paste following link in your browser
You can also copy-paste this,You can also copy-paste this
You can also copy-paste this {0} to your browser,You can also copy-paste this {0} to your browser
"You can change Submitted documents by cancelling them and then, amending them.","You can change Submitted documents by cancelling them and then, amending them."
You can change the retention policy from {0}.,You can change the retention policy from {0}.
You can continue with the onboarding after exploring this page,You can continue with the onboarding after exploring this page
You can increase the limit from System Settings.,You can increase the limit from System Settings.
You can manually remove the lock if you think it's safe: {},You can manually remove the lock if you think it's safe: {}
You can only insert images in Markdown fields,You can only insert images in Markdown fields
You can only print upto {0} documents at a time,You can only print upto {0} documents at a time
You can only set the 3 custom doctypes in the Document Types table.,You can only set the 3 custom doctypes in the Document Types table.
"You can only upload JPG, PNG, PDF, TXT, CSV or Microsoft documents.","You can only upload JPG, PNG, PDF, TXT, CSV or Microsoft documents."
You can only upload upto 5000 records in one go. (may be less in some cases),You can only upload upto 5000 records in one go. (may be less in some cases)
"You can select one from the following,","You can select one from the following,"
You can set a high value here if multiple users will be logging in from the same network.,You can set a high value here if multiple users will be logging in from the same network.
You can try changing the filters of your report.,You can try changing the filters of your report.
You can use Customize Form to set levels on fields.,You can use Customize Form to set levels on fields.
You can't set 'Options' for field {0},You can't set 'Options' for field {0}
You can't set 'Translatable' for field {0},You can't set 'Translatable' for field {0}
You cancelled this document,You cancelled this document
You cancelled this document {1},You cancelled this document {1}
You cannot create a dashboard chart from single DocTypes,You cannot create a dashboard chart from single DocTypes
You cannot give review points to yourself,You cannot give review points to yourself
You cannot unset 'Read Only' for field {0},You cannot unset 'Read Only' for field {0}
You changed the value of {0} {1},You changed the value of {0} {1}
You changed the values for {0},Bạn đã thay đổi giá trị của {0}
You changed the values for {0} {1},Bạn đã thay đổi giá trị của {0} {1}
You changed {0} to {1},You changed {0} to {1}
You do not have Read or Select Permissions for {},You do not have Read or Select Permissions for {}
You do not have enough permissions to complete the action,You do not have enough permissions to complete the action
You do not have enough points,You do not have enough points
You do not have enough review points,You do not have enough review points
You do not have permission to access {0}: {1}.,You do not have permission to access {0}: {1}.
You do not have permissions to cancel all linked documents.,You do not have permissions to cancel all linked documents.
You don't have access to Report: {0},You don't have access to Report: {0}
You don't have permission to access the {0} DocType.,You don't have permission to access the {0} DocType.
You don't have permission to access this file,You don't have permission to access this file
You don't have permission to get a report on: {0},You don't have permission to get a report on: {0}
You don't have the permissions to access this document,You don't have the permissions to access this document
You gained {0} point,You gained {0} point
You gained {0} points,You gained {0} points
You have a new message from:,You have a new message from:
You have been successfully logged out,You have been successfully logged out
You have hit the row size limit on database table: {0},You have hit the row size limit on database table: {0}
You have received a ❤️ like on your blog post,You have received a ❤️ like on your blog post
You have to enable Two Factor Auth from System Settings.,You have to enable Two Factor Auth from System Settings.
You have unsaved changes in this form. Please save before you continue.,You have unsaved changes in this form. Please save before you continue.
You have unseen notifications,You have unseen notifications
You have unseen {0},You have unseen {0}
You haven't added any Dashboard Charts or Number Cards yet.,You haven't added any Dashboard Charts or Number Cards yet.
You hit the rate limit because of too many requests. Please try after sometime.,You hit the rate limit because of too many requests. Please try after sometime.
You must add atleast one link.,You must add atleast one link.
You must be logged in to use this form.,You must be logged in to use this form.
You must login to submit this form,You must login to submit this form
You need the '{0}' permission on {1} {2} to perform this action.,You need the '{0}' permission on {1} {2} to perform this action.
You need to be Workspace Manager to delete a public workspace.,You need to be Workspace Manager to delete a public workspace.
You need to be Workspace Manager to edit this document,You need to be Workspace Manager to edit this document
You need to be in developer mode to edit a Standard Web Form,You need to be in developer mode to edit a Standard Web Form
You need to be logged in and have System Manager Role to be able to access backups.,You need to be logged in and have System Manager Role to be able to access backups.
You need to be logged in to access this page,You need to be logged in to access this page
You need to be logged in to access this {0}.,You need to be logged in to access this {0}.
You need to create these first:,You need to create these first:
You need to enable JavaScript for your app to work.,You need to enable JavaScript for your app to work.
"You need to have \""Share\"" permission","You need to have \""Share\"" permission"
You need to install pycups to use this feature!,You need to install pycups to use this feature!
You need to select indexes you want to add first.,You need to select indexes you want to add first.
You need to set one IMAP folder for {0},You need to set one IMAP folder for {0}
You need write permission on {0} {1} to merge,You need write permission on {0} {1} to merge
You need write permission on {0} {1} to rename,You need write permission on {0} {1} to rename
You need {0} permission to fetch values from {1} {2},You need {0} permission to fetch values from {1} {2}
You removed attachment {0},You removed attachment {0}
You seem good to go!,You seem good to go!
You seem to have written your name instead of your email. Please enter a valid email address so that we can get back.,You seem to have written your name instead of your email. Please enter a valid email address so that we can get back.
You selected Draft or Cancelled documents,You selected Draft or Cancelled documents
You submitted this document,Bạn đã xác nhận bản ghi này
You submitted this document {0},Bạn đã xác nhận bản ghi này {0}
You unfollowed this document,You unfollowed this document
You viewed this,You viewed this
"Your CSV file is being generated and will appear in the Attachments section once ready. Additionally, you will get notified when the file is available for download.","Your CSV file is being generated and will appear in the Attachments section once ready. Additionally, you will get notified when the file is available for download."
Your Country,Your Country
Your Language,Your Language
Your Name,Your Name
Your PDF is ready for download,Your PDF is ready for download
Your Shortcuts,Your Shortcuts
Your account has been deleted,Your account has been deleted
Your account has been locked and will resume after {0} seconds,Your account has been locked and will resume after {0} seconds
Your assignment on {0} {1} has been removed by {2},Your assignment on {0} {1} has been removed by {2}
Your browser does not support the audio element.,Your browser does not support the audio element.
Your browser does not support the video element.,Your browser does not support the video element.
Your connection request to Google Calendar was successfully accepted,Your connection request to Google Calendar was successfully accepted
Your email address,Your email address
Your form has been successfully updated,Your form has been successfully updated
Your login id is,Your login id is
Your new password has been set successfully.,Your new password has been set successfully.
Your old password is incorrect.,Your old password is incorrect.
Your organization name and address for the email footer.,Your organization name and address for the email footer.
"Your query has been received. We will reply back shortly. If you have any additional information, please reply to this mail.","Your query has been received. We will reply back shortly. If you have any additional information, please reply to this mail."
"Your session has expired, please login again to continue.","Your session has expired, please login again to continue."
Your site is undergoing maintenance or being updated.,Your site is undergoing maintenance or being updated.
Your verification code is {0},Your verification code is {0}
Your website is all set up!,Your website is all set up!
Zero,Zero
Zero means send records updated at anytime,Zero means send records updated at anytime
[Action taken by {0}],[Action taken by {0}]
_doctype,_doctype
_report,_report
`as_iterator` only works with `as_list=True` or `as_dict=True`,`as_iterator` only works with `as_list=True` or `as_dict=True`
`job_id` paramater is required for deduplication.,`job_id` paramater is required for deduplication.
added rows for {0},added rows for {0}
adjust,adjust
after_insert,after_insert
align-center,align-center
align-justify,align-justify
align-left,align-left
align-right,align-right
amend,amend
and,and
arrow-down,arrow-down
arrow-left,arrow-left
arrow-right,arrow-right
arrow-up,arrow-up
ascending,ascending
asterisk,asterisk
backward,backward
ban-circle,ban-circle
barcode,barcode
bell,bell
bold,bold
book,book
bookmark,bookmark
briefcase,briefcase
bullhorn,bullhorn
by Role,by Role
cProfile Output,cProfile Output
calendar,calendar
camera,camera
cancel,cancel
canceled,canceled
certificate,certificate
check,check
chevron-down,chevron-down
chevron-left,chevron-left
chevron-right,chevron-right
chevron-up,chevron-up
circle-arrow-down,circle-arrow-down
circle-arrow-left,circle-arrow-left
circle-arrow-right,circle-arrow-right
circle-arrow-up,circle-arrow-up
clear,clear
cog,cog
comment,comment
create,create
d,d
dashboard,dashboard
dd-mm-yyyy,dd-mm-yyyy
dd.mm.yyyy,dd.mm.yyyy
dd/mm/yyyy,dd/mm/yyyy
default,default
deferred,deferred
delete,delete
descending,descending
"document type..., e.g. customer","document type..., e.g. customer"
download,download
download-alt,download-alt
"e.g. \""Support\"", \""Sales\"", \""Jerry Yang\","e.g. \""Support\"", \""Sales\"", \""Jerry Yang\"
e.g. (55 + 434) / 4 or =Math.sin(Math.PI/2)...,e.g. (55 + 434) / 4 or =Math.sin(Math.PI/2)...
e.g. pop.gmail.com / imap.gmail.com,e.g. pop.gmail.com / imap.gmail.com
e.g. replies@yourcomany.com. All replies will come to this inbox.,e.g. replies@yourcomany.com. All replies will come to this inbox.
e.g. smtp.gmail.com,e.g. smtp.gmail.com
e.g.:,e.g.:
edit,edit
eject,eject
email,email
email inbox,email inbox
empty,empty
envelope,envelope
exclamation-sign,exclamation-sign
export,export
eye-close,eye-close
eye-open,eye-open
facebook,facebook
facetime-video,facetime-video
failed,failed
fairlogin,fairlogin
fast-backward,fast-backward
fast-forward,fast-forward
file,file
film,film
filter,filter
finished,finished
fire,fire
flag,flag
folder-close,folder-close
folder-open,folder-open
font,font
forward,forward
fullscreen,fullscreen
gained by {0} via automatic rule {1},gained by {0} via automatic rule {1}
gift,gift
glass,glass
globe,globe
gray,gray
gzip not found in PATH! This is required to take a backup.,gzip not found in PATH! This is required to take a backup.
h,h
hand-down,hand-down
hand-left,hand-left
hand-right,hand-right
hand-up,hand-up
hdd,hdd
headphones,headphones
heart,heart
home,home
hub,hub
icon,icon
import,import
in minutes,in minutes
inbox,inbox
indent-left,indent-left
indent-right,indent-right
info-sign,info-sign
italic,italic
jane@example.com,jane@example.com
label,label
leaf,leaf
link,link
linkedin,linkedin
list,list
list-alt,list-alt
lock,lock
logged in,logged in
login_required,login_required
long,long
m,m
magnet,magnet
map-marker,map-marker
merged {0} into {1},merged {0} into {1}
min read,min read
minus,minus
minus-sign,minus-sign
mm-dd-yyyy,mm-dd-yyyy
mm/dd/yyyy,mm/dd/yyyy
module,module
module name...,module name...
move,move
music,music
new,new
new type of document,new type of document
no failed attempts,no failed attempts
nonce,nonce
notified,notified
of,of
off,off
ok,ok
ok-circle,ok-circle
ok-sign,ok-sign
old_parent,old_parent
on_cancel,on_cancel
on_change,on_change
on_submit,on_submit
on_trash,on_trash
on_update,on_update
on_update_after_submit,on_update_after_submit
only.,only.
or,or
page,page
pause,pause
pencil,pencil
picture,picture
plain,plain
plane,plane
play,play
play-circle,play-circle
plus,plus
plus-sign,plus-sign
print,print
processlist,processlist
qrcode,qrcode
query-report,query-report
question-sign,question-sign
queued,queued
random,random
read,read
refresh,refresh
remove,remove
remove-circle,remove-circle
remove-sign,remove-sign
removed rows for {0},removed rows for {0}
renamed from {0} to {1},đã được đổi tên từ {0} sang {1}
repeat,repeat
report,report
resize-full,resize-full
resize-horizontal,resize-horizontal
resize-small,resize-small
resize-vertical,resize-vertical
response,response
restored {0} as {1},restored {0} as {1}
retweet,retweet
road,road
s,s
s256,s256
scheduled,scheduled
screenshot,screenshot
search,search
select,select
share,share
share-alt,share-alt
shopping-cart,shopping-cart
short,short
signal,signal
since last month,since last month
since last week,since last week
since last year,since last year
since yesterday,since yesterday
star,star
star-empty,star-empty
started,started
starting the setup...,starting the setup...
step-backward,step-backward
step-forward,step-forward
stop,stop
"string value, i.e. group","string value, i.e. group"
"string value, i.e. member","string value, i.e. member"
"string value, i.e. {0} or uid={0},ou=users,dc=example,dc=com","string value, i.e. {0} or uid={0},ou=users,dc=example,dc=com"
submit,submit
tag,tag
"tag name..., e.g. #tag","tag name..., e.g. #tag"
tags,tags
tasks,tasks
text in document type,text in document type
text-height,text-height
text-width,text-width
th,th
th-large,th-large
th-list,th-list
this form,this form
this shouldn't break,this shouldn't break
thumbs-down,thumbs-down
thumbs-up,thumbs-up
time,time
tint,tint
trash,trash
twitter,twitter
updated to {0},updated to {0}
upload,upload
user,user
version_table,version_table
via Assignment Rule,via Assignment Rule
via Auto Repeat,via Auto Repeat
via Data Import,via Data Import
via Google Meet,via Google Meet
via Notification,via Notification
via automatic rule {0} on {1},via automatic rule {0} on {1}
volume-down,volume-down
volume-off,volume-off
volume-up,volume-up
wants to access the following details from your account,wants to access the following details from your account
warning-sign,warning-sign
when clicked on element it will focus popover if present.,when clicked on element it will focus popover if present.
wkhtmltopdf,wkhtmltopdf
wkhtmltopdf 0.12.x (with patched qt).,wkhtmltopdf 0.12.x (with patched qt).
wrench,wrench
write,write
yyyy-mm-dd,yyyy-mm-dd
zoom-in,zoom-in
zoom-out,zoom-out
{0},{0}
"{0} ${skip_list ? \""\"" : type}","{0} ${skip_list ? \""\"" : type}"
{0} ${type},{0} ${type}
{0} ({1}),{0} ({1})
{0} ({1}) (1 row mandatory),{0} ({1}) (1 row mandatory)
{0} ({1}) - {2}%,{0} ({1}) - {2}%
{0} = {1},{0} = {1}
{0} Chart,{0} Chart
{0} Dashboard,{0} Dashboard
{0} Google Calendar Events synced.,{0} Google Calendar Events synced.
{0} Google Contacts synced.,{0} Google Contacts synced.
{0} Liked,{0} Liked
{0} M,{0} M
{0} Map,{0} Map
{0} Modules,{0} Modules
{0} Not allowed to change {1} after submission from {2} to {3},{0} Not allowed to change {1} after submission from {2} to {3}
{0} Report,{0} Report
{0} Reports,{0} Reports
{0} Settings,{0} Settings
{0} Web page views,{0} Web page views
{0} Workspace,{0} Workspace
{0} added,{0} added
{0} already exists. Select another name,{0} already exists. Select another name
{0} already unsubscribed,{0} already unsubscribed
{0} already unsubscribed for {1} {2},{0} already unsubscribed for {1} {2}
{0} and {1},{0} and {1}
{0} appreciated on {1},{0} appreciated on {1}
{0} appreciated your work on {1} with {2} point,{0} appreciated your work on {1} with {2} point
{0} appreciated your work on {1} with {2} points,{0} appreciated your work on {1} with {2} points
{0} appreciated {1},{0} appreciated {1}
{0} appreciation point for {1},{0} appreciation point for {1}
{0} appreciation points for {1},{0} appreciation points for {1}
{0} are currently {1},{0} are currently {1}
{0} are required,{0} are required
{0} assigned a new task {1} {2} to you,{0} assigned a new task {1} {2} to you
{0} assigned {1}: {2},{0} assigned {1}: {2}
{0} attached {1},{0} attached {1}
{0} can not be more than {1},{0} can not be more than {1}
{0} cancelled this document,{0} cancelled this document
{0} cancelled this document {1},{0} cancelled this document {1}
{0} cannot be amended because it is not cancelled. Please cancel the document before creating an amendment.,{0} cannot be amended because it is not cancelled. Please cancel the document before creating an amendment.
{0} cannot be hidden and mandatory without any default value,{0} cannot be hidden and mandatory without any default value
{0} changed the value of {1} {2},{0} changed the value of {1} {2}
{0} changed the values for {1},{0} changed the values for {1}
{0} changed the values for {1} {2},{0} changed the values for {1} {2}
{0} changed {1} to {2},{0} changed {1} to {2}
{0} comments,{0} comments
"{0} contains an invalid Fetch From expression, Fetch From can't be self-referential.","{0} contains an invalid Fetch From expression, Fetch From can't be self-referential."
{0} created successfully,{0} created successfully
{0} created this document {1},{0} created this document {1}
{0} criticism point for {1},{0} criticism point for {1}
{0} criticism points for {1},{0} criticism points for {1}
{0} criticized on {1},{0} criticized on {1}
{0} criticized your work on {1} with {2} point,{0} criticized your work on {1} with {2} point
{0} criticized your work on {1} with {2} points,{0} criticized your work on {1} with {2} points
{0} criticized {1},{0} criticized {1}
{0} does not exist in row {1},{0} does not exist in row {1}
"{0} field cannot be set as unique in {1}, as there are non-unique existing values","{0} field cannot be set as unique in {1}, as there are non-unique existing values"
{0} format could not be determined from the values in this column. Defaulting to {1}.,{0} format could not be determined from the values in this column. Defaulting to {1}.
{0} from {1} to {2},{0} from {1} to {2}
{0} from {1} to {2} in row #{3},{0} from {1} to {2} in row #{3}
{0} gained {1} point for {2} {3},{0} gained {1} point for {2} {3}
{0} gained {1} points,{0} gained {1} points
{0} gained {1} points for {2} {3},{0} gained {1} points for {2} {3}
{0} gave {1} points,{0} gave {1} points
{0} has already assigned default value for {1}.,{0} has already assigned default value for {1}.
{0} has been successfully added to the Email Group.,{0} has been successfully added to the Email Group.
{0} has left the conversation in {1} {2},{0} has left the conversation in {1} {2}
{0} has no versions tracked.,{0} has no versions tracked.
{0} if you are not redirected within {1} seconds,{0} if you are not redirected within {1} seconds
{0} in row {1} cannot have both URL and child items,{0} in row {1} cannot have both URL and child items
{0} is a mandatory field,{0} is a mandatory field
{0} is a not a valid zip file,{0} is a not a valid zip file
{0} is an invalid Data field.,{0} is an invalid Data field.
{0} is an invalid email address in 'Recipients',{0} is an invalid email address in 'Recipients'
{0} is between {1} and {2},{0} is between {1} and {2}
{0} is currently {1},{0} is currently {1}
{0} is equal to {1},{0} is equal to {1}
{0} is greater than or equal to {1},{0} is greater than or equal to {1}
{0} is greater than {1},{0} is greater than {1}
{0} is less than or equal to {1},{0} is less than or equal to {1}
{0} is less than {1},{0} is less than {1}
{0} is like {1},{0} is like {1}
{0} is mandatory,{0} is mandatory
{0} is not a field of doctype {1},{0} is not a field of doctype {1}
{0} is not a raw printing format.,{0} is not a raw printing format.
{0} is not a valid Calendar. Redirecting to default Calendar.,{0} is not a valid Calendar. Redirecting to default Calendar.
{0} is not a valid Cron expression.,{0} is not a valid Cron expression.
{0} is not a valid DocType for Dynamic Link,{0} is not a valid DocType for Dynamic Link
{0} is not a valid Email Address,{0} is not a valid Email Address
{0} is not a valid Name,{0} is not a valid Name
{0} is not a valid Phone Number,{0} is not a valid Phone Number
{0} is not a valid Workflow State. Please update your Workflow and try again.,{0} is not a valid Workflow State. Please update your Workflow and try again.
{0} is not a valid parent DocType for {1},{0} is not a valid parent DocType for {1}
{0} is not a valid parentfield for {1},{0} is not a valid parentfield for {1}
{0} is not a valid report format. Report format should one of the following {1},{0} is not a valid report format. Report format should one of the following {1}
{0} is not a zip file,{0} is not a zip file
{0} is not equal to {1},{0} is not equal to {1}
{0} is not like {1},{0} is not like {1}
{0} is not one of {1},{0} is not one of {1}
{0} is not set,{0} is not set
{0} is now default print format for {1} doctype,{0} is now default print format for {1} doctype
{0} is one of {1},{0} is one of {1}
{0} is required,{0} is required
{0} is set,{0} is set
{0} is within {1},{0} is within {1}
{0} just impersonated as you. They gave this reason: {1},{0} just impersonated as you. They gave this reason: {1}
{0} logged in,{0} logged in
{0} logged out: {1},{0} logged out: {1}
{0} mentioned you in a comment in {1} {2},{0} mentioned you in a comment in {1} {2}
{0} months ago,{0} months ago
{0} must be after {1},{0} must be after {1}
{0} must be beginning with '{1}',{0} must be beginning with '{1}'
{0} must be equal to '{1}',{0} must be equal to '{1}'
{0} must be none of {1},{0} must be none of {1}
{0} must be one of {1},{0} must be one of {1}
{0} must be set first,{0} must be set first
{0} must be unique,{0} must be unique
{0} must be {1} {2},{0} must be {1} {2}
{0} not a valid State,{0} not a valid State
{0} not allowed to be renamed,{0} not allowed to be renamed
{0} not found,{0} not found
{0} of {1} ({2} rows with children),{0} of {1} ({2} rows with children)
{0} of {1} sent,{0} of {1} sent
{0} or {1},{0} or {1}
{0} record deleted,{0} record deleted
{0} records are not automatically deleted.,{0} records are not automatically deleted.
{0} records are retained for {1} days.,{0} records are retained for {1} days.
{0} records deleted,{0} records deleted
{0} removed attachment {1},{0} removed attachment {1}
{0} removed their assignment.,{0} removed their assignment.
{0} reverted your point on {1},{0} reverted your point on {1}
{0} reverted your points on {1},{0} reverted your points on {1}
{0} reverted {1},{0} reverted {1}
{0} role does not have permission on any doctype,{0} role does not have permission on any doctype
{0} row #{1}:,{0} row #{1}:
{0} saved successfully,{0} saved successfully
{0} self assigned this task: {1},{0} self assigned this task: {1}
{0} shared a document {1} {2} with you,{0} shared a document {1} {2} with you
{0} shared this document with everyone,{0} shared this document with everyone
{0} shared this document with {1},{0} shared this document with {1}
{0} should be indexed because it's referred in dashboard connections,{0} should be indexed because it's referred in dashboard connections
{0} should not be same as {1},{0} should not be same as {1}
{0} submitted this document,{0} submitted this document
{0} submitted this document {1},{0} submitted this document {1}
{0} subscribers added,{0} subscribers added
{0} to stop receiving emails of this type,{0} to stop receiving emails of this type
{0} to {1},{0} to {1}
{0} un-shared this document with {1},{0} un-shared this document with {1}
{0} values selected,Đã chọn {0} giá trị 
{0} viewed this,{0} viewed this
{0} w,{0} w
{0} y,{0} y
{0} years ago,{0} years ago
{0} {1} added,{0} {1} added
{0} {1} added to Dashboard {2},{0} {1} added to Dashboard {2}
{0} {1} already exists,Đối tượng {0} {1} đã tồn tại
"{0} {1} cannot be \""{2}\"". It should be one of \""{3}\","{0} {1} cannot be \""{2}\"". It should be one of \""{3}\"
{0} {1} cannot be a leaf node as it has children,{0} {1} cannot be a leaf node as it has children
"{0} {1} does not exist, select a new target to merge","{0} {1} does not exist, select a new target to merge"
{0} {1} is linked with the following submitted documents: {2},{0} {1} is linked with the following submitted documents: {2}
"{0}, Row {1}","{0}, Row {1}"
{0}/{1} complete | Please leave this tab open until completion.,{0}/{1} complete | Please leave this tab open until completion.
"{0}: '{1}' ({3}) will get truncated, as max characters allowed is {2}","{0}: '{1}' ({3}) will get truncated, as max characters allowed is {2}"
{0}: Cannot set Amend without Cancel,{0}: Cannot set Amend without Cancel
{0}: Cannot set Assign Amend if not Submittable,{0}: Cannot set Assign Amend if not Submittable
{0}: Cannot set Assign Submit if not Submittable,{0}: Cannot set Assign Submit if not Submittable
{0}: Cannot set Cancel without Submit,{0}: Cannot set Cancel without Submit
{0}: Cannot set Import without Create,{0}: Cannot set Import without Create
"{0}: Cannot set Submit, Cancel, Amend without Write","{0}: Cannot set Submit, Cancel, Amend without Write"
{0}: Cannot set import as {1} is not importable,{0}: Cannot set import as {1} is not importable
"{0}: Failed to attach new recurring document. To enable attaching document in the auto repeat notification email, enable {1} in Print Settings","{0}: Failed to attach new recurring document. To enable attaching document in the auto repeat notification email, enable {1} in Print Settings"
{0}: Field '{1}' cannot be set as Unique as it has non-unique values,{0}: Field '{1}' cannot be set as Unique as it has non-unique values
{0}: Field {1} in row {2} cannot be hidden and mandatory without default,{0}: Field {1} in row {2} cannot be hidden and mandatory without default
{0}: Field {1} of type {2} cannot be mandatory,{0}: Field {1} of type {2} cannot be mandatory
{0}: Fieldname {1} appears multiple times in rows {2},{0}: Fieldname {1} appears multiple times in rows {2}
{0}: Fieldtype {1} for {2} cannot be unique,{0}: Fieldtype {1} for {2} cannot be unique
{0}: No basic permissions set,{0}: No basic permissions set
"{0}: Only one rule allowed with the same Role, Level and {1}","{0}: Only one rule allowed with the same Role, Level and {1}"
{0}: Options must be a valid DocType for field {1} in row {2},{0}: Options must be a valid DocType for field {1} in row {2}
{0}: Options required for Link or Table type field {1} in row {2},{0}: Options required for Link or Table type field {1} in row {2}
{0}: Options {1} must be the same as doctype name {2} for the field {3},{0}: Options {1} must be the same as doctype name {2} for the field {3}
{0}: Other permission rules may also apply,{0}: Other permission rules may also apply
{0}: Permission at level 0 must be set before higher levels are set,{0}: Permission at level 0 must be set before higher levels are set
{0}: You can increase the limit for the field if required via {1},{0}: You can increase the limit for the field if required via {1}
{0}: fieldname cannot be set to reserved keyword {1},{0}: fieldname cannot be set to reserved keyword {1}
{0}: {1},{0}: {1}
{0}: {1} is set to state {2},{0}: {1} is set to state {2}
{0}: {1} vs {2},{0}: {1} vs {2}
{0}:Fieldtype {1} for {2} cannot be indexed,{0}:Fieldtype {1} for {2} cannot be indexed
{count} cell copied,{count} cell copied
{count} cells copied,{count} cells copied
{count} row selected,{count} row selected
{count} rows selected,{count} rows selected
{{{0}}} is not a valid fieldname pattern. It should be {{field_name}}.,{{{0}}} is not a valid fieldname pattern. It should be {{field_name}}.
{} Active,{} Active
{} Complete,{} Complete
{} Invalid python code on line {},{} Invalid python code on line {}
{} Possibly invalid python code. <br>{},{} Possibly invalid python code. <br>{}
{} Published,{} Published
{} does not support automated log clearing.,{} does not support automated log clearing.
{} field cannot be empty.,{} field cannot be empty.
{} has been disabled. It can only be enabled if {} is checked.,{} has been disabled. It can only be enabled if {} is checked.
{} is not a valid date string.,{} is not a valid date string.
{} not found in PATH! This is required to access the console.,{} not found in PATH! This is required to access the console.
{} not found in PATH! This is required to restore the database.,{} not found in PATH! This is required to restore the database.
{} not found in PATH! This is required to take a backup.,{} not found in PATH! This is required to take a backup.
,
"\""Customer Provided Item\"" cannot be Purchase Item also","\""Customer Provided Item\"" cannot be Purchase Item also"
"\""Customer Provided Item\"" cannot have Valuation Rate","\""Customer Provided Item\"" cannot have Valuation Rate"
"\""Is Fixed Asset\"" cannot be unchecked, as Asset record exists against the item","\""Is Fixed Asset\"" cannot be unchecked, as Asset record exists against the item"
"\""SN-01::10\"" for \""SN-01\"" to \""SN-10\","\""SN-01::10\"" for \""SN-01\"" to \""SN-10\"
"# Account Settings\n\nIn ERPNext, Accounting features are configurable as per your business needs. Accounts Settings is the place to define some of your accounting preferences like:\n\n - Credit Limit and over billing settings\n - Taxation preferences\n - Deferred accounting preferences\n","# Account Settings\n\nIn ERPNext, Accounting features are configurable as per your business needs. Accounts Settings is the place to define some of your accounting preferences like:\n\n - Credit Limit and over billing settings\n - Taxation preferences\n - Deferred accounting preferences\n"
"# Account Settings\n\nThis is a crucial piece of configuration. There are various account settings in ERPNext to restrict and configure actions in the Accounting module.\n\nThe following settings are avaialble for you to configure\n\n1. Account Freezing \n2. Credit and Overbilling\n3. Invoicing and Tax Automations\n4. Balance Sheet configurations\n\nThere's much more, you can check it all out in this step","# Account Settings\n\nThis is a crucial piece of configuration. There are various account settings in ERPNext to restrict and configure actions in the Accounting module.\n\nThe following settings are avaialble for you to configure\n\n1. Account Freezing \n2. Credit and Overbilling\n3. Invoicing and Tax Automations\n4. Balance Sheet configurations\n\nThere's much more, you can check it all out in this step"
"# Add an Existing Asset\n\nIf you are just starting with ERPNext, you will need to enter Assets you already possess. You can add them as existing fixed assets in ERPNext. Please note that you will have to make a Journal Entry separately updating the opening balance in the fixed asset account.","# Add an Existing Asset\n\nIf you are just starting with ERPNext, you will need to enter Assets you already possess. You can add them as existing fixed assets in ERPNext. Please note that you will have to make a Journal Entry separately updating the opening balance in the fixed asset account."
"# All about sales invoice\n\nA Sales Invoice is a bill that you send to your Customers against which the Customer makes the payment. Sales Invoice is an accounting transaction. On submission of Sales Invoice, the system updates the receivable and books income against a Customer Account.","# All about sales invoice\n\nA Sales Invoice is a bill that you send to your Customers against which the Customer makes the payment. Sales Invoice is an accounting transaction. On submission of Sales Invoice, the system updates the receivable and books income against a Customer Account."
"# All about sales invoice\n\nA Sales Invoice is a bill that you send to your Customers against which the Customer makes the payment. Sales Invoice is an accounting transaction. On submission of Sales Invoice, the system updates the receivable and books income against a Customer Account.\n\nHere's the flow of how a sales invoice is generally created\n\n\n![Sales Flow](https://docs.erpnext.com/docs/assets/img/accounts/so-flow.png)","# All about sales invoice\n\nA Sales Invoice is a bill that you send to your Customers against which the Customer makes the payment. Sales Invoice is an accounting transaction. On submission of Sales Invoice, the system updates the receivable and books income against a Customer Account.\n\nHere's the flow of how a sales invoice is generally created\n\n\n![Sales Flow](https://docs.erpnext.com/docs/assets/img/accounts/so-flow.png)"
"# Asset Category\n\nAn Asset Category classifies different assets of a Company.\n\nYou can create an Asset Category based on the type of assets. For example, all your desktops and laptops can be part of an Asset Category named \""Electronic Equipments\"". Create a separate category for furniture. Also, you can update default properties for each category, like:\n - Depreciation type and duration\n - Fixed asset account\n - Depreciation account\n","# Asset Category\n\nAn Asset Category classifies different assets of a Company.\n\nYou can create an Asset Category based on the type of assets. For example, all your desktops and laptops can be part of an Asset Category named \""Electronic Equipments\"". Create a separate category for furniture. Also, you can update default properties for each category, like:\n - Depreciation type and duration\n - Fixed asset account\n - Depreciation account\n"
# Asset Item\n\nAsset items are created based on Asset Category. You can create one or multiple items against once Asset Category. The sales and purchase transaction for Asset is done via Asset Item.,# Asset Item\n\nAsset items are created based on Asset Category. You can create one or multiple items against once Asset Category. The sales and purchase transaction for Asset is done via Asset Item.
# Buying Settings\n\n\nBuying module’s features are highly configurable as per your business needs. Buying Settings is the place where you can set your preferences for:\n\n- Supplier naming and default values\n- Billing and shipping preference in buying transactions\n\n\n,# Buying Settings\n\n\nBuying module’s features are highly configurable as per your business needs. Buying Settings is the place where you can set your preferences for:\n\n- Supplier naming and default values\n- Billing and shipping preference in buying transactions\n\n\n
# CRM Settings\n\nCRM module’s features are configurable as per your business needs. CRM Settings is the place where you can set your preferences for:\n- Campaign\n- Lead\n- Opportunity\n- Quotation,# CRM Settings\n\nCRM module’s features are configurable as per your business needs. CRM Settings is the place where you can set your preferences for:\n- Campaign\n- Lead\n- Opportunity\n- Quotation
"# Chart Of Accounts\n\nERPNext sets up a simple chart of accounts for each Company you create, but you can modify it according to business and legal requirements.","# Chart Of Accounts\n\nERPNext sets up a simple chart of accounts for each Company you create, but you can modify it according to business and legal requirements."
"# Check Stock Reports\nBased on the various stock transactions, you can get a host of one-click Stock Reports in ERPNext like Stock Ledger, Stock Balance, Projected Quantity, and Ageing analysis.","# Check Stock Reports\nBased on the various stock transactions, you can get a host of one-click Stock Reports in ERPNext like Stock Ledger, Stock Balance, Projected Quantity, and Ageing analysis."
"# Cost Centers for Budgeting and Analysis\n\nWhile your Books of Accounts are framed to fulfill statutory requirements, you can set up Cost Center and Accounting Dimensions to address your companies reporting and budgeting requirements.\n\nClick here to learn more about how  <b>[Cost Center](https://docs.erpnext.com/docs/v13/user/manual/en/accounts/cost-center)</b> and <b> [Dimensions](https://docs.erpnext.com/docs/v13/user/manual/en/accounts/accounting-dimensions)</b> allow you to get advanced financial analytics reports from ERPNext.","# Cost Centers for Budgeting and Analysis\n\nWhile your Books of Accounts are framed to fulfill statutory requirements, you can set up Cost Center and Accounting Dimensions to address your companies reporting and budgeting requirements.\n\nClick here to learn more about how  <b>[Cost Center](https://docs.erpnext.com/docs/v13/user/manual/en/accounts/cost-center)</b> and <b> [Dimensions](https://docs.erpnext.com/docs/v13/user/manual/en/accounts/accounting-dimensions)</b> allow you to get advanced financial analytics reports from ERPNext."
"# Create Items for Bill of Materials\n\nOne of the prerequisites of a BOM is the creation of raw materials, sub-assembly, and finished items. Once these items are created, you will be able to proceed to the Bill of Materials master, which is composed of items and routing.\n","# Create Items for Bill of Materials\n\nOne of the prerequisites of a BOM is the creation of raw materials, sub-assembly, and finished items. Once these items are created, you will be able to proceed to the Bill of Materials master, which is composed of items and routing.\n"
"# Create Operations\n\nAn Operation refers to any manufacturing operation performed on the raw materials to process it further in the manufacturing path. As an example, if you are into garments manufacturing, you will create Operations like fabric cutting, stitching, and washing as some of the operations.","# Create Operations\n\nAn Operation refers to any manufacturing operation performed on the raw materials to process it further in the manufacturing path. As an example, if you are into garments manufacturing, you will create Operations like fabric cutting, stitching, and washing as some of the operations."
"# Create Workstations\n\nA Workstation stores information regarding the place where the workstation operations are performed. As an example, if you have ten sewing machines doing stitching jobs, each machine will be added as a workstation.","# Create Workstations\n\nA Workstation stores information regarding the place where the workstation operations are performed. As an example, if you have ten sewing machines doing stitching jobs, each machine will be added as a workstation."
"# Create a Bill of Materials\n\nA Bill of Materials (BOM) is a list of items and sub-assemblies with quantities required to manufacture an Item.\n\nBOM also provides cost estimation for the production of the item. It takes raw-materials cost based on valuation and operations to cost based on routing, which gives total costing for a BOM.","# Create a Bill of Materials\n\nA Bill of Materials (BOM) is a list of items and sub-assemblies with quantities required to manufacture an Item.\n\nBOM also provides cost estimation for the production of the item. It takes raw-materials cost based on valuation and operations to cost based on routing, which gives total costing for a BOM."
"# Create a Customer\n\nThe Customer master is at the heart of your sales transactions. Customers are linked in Quotations, Sales Orders, Invoices, and Payments. Customers can be either numbered or identified by name (you would typically do this based on the number of customers you have).\n\nThrough Customer’s master, you can effectively track essentials like:\n - Customer’s multiple address and contacts\n - Account Receivables\n - Credit Limit and Credit Period\n","# Create a Customer\n\nThe Customer master is at the heart of your sales transactions. Customers are linked in Quotations, Sales Orders, Invoices, and Payments. Customers can be either numbered or identified by name (you would typically do this based on the number of customers you have).\n\nThrough Customer’s master, you can effectively track essentials like:\n - Customer’s multiple address and contacts\n - Account Receivables\n - Credit Limit and Credit Period\n"
"# Create a Letter Head\n\nA Letter Head contains your organization's name, logo, address, etc which appears at the header and footer portion in documents. You can learn more about Setting up Letter Head in ERPNext here.\n","# Create a Letter Head\n\nA Letter Head contains your organization's name, logo, address, etc which appears at the header and footer portion in documents. You can learn more about Setting up Letter Head in ERPNext here.\n"
"# Create a Quotation\n\nLet’s get started with business transactions by creating your first Quotation. You can create a Quotation for an existing customer or a prospect. It will be an approved document, with items you sell and the proposed price + taxes applied. After completing the instructions, you will get a Quotation in a ready to share print format.","# Create a Quotation\n\nLet’s get started with business transactions by creating your first Quotation. You can create a Quotation for an existing customer or a prospect. It will be an approved document, with items you sell and the proposed price + taxes applied. After completing the instructions, you will get a Quotation in a ready to share print format."
"# Create a Supplier\n\nAlso known as Vendor, is a master at the center of your purchase transactions. Suppliers are linked in Request for Quotation, Purchase Orders, Receipts, and Payments. Suppliers can be either numbered or identified by name.\n\nThrough Supplier’s master, you can effectively track essentials like:\n - Supplier’s multiple address and contacts\n - Account Receivables\n - Credit Limit and Credit Period\n","# Create a Supplier\n\nAlso known as Vendor, is a master at the center of your purchase transactions. Suppliers are linked in Request for Quotation, Purchase Orders, Receipts, and Payments. Suppliers can be either numbered or identified by name.\n\nThrough Supplier’s master, you can effectively track essentials like:\n - Supplier’s multiple address and contacts\n - Account Receivables\n - Credit Limit and Credit Period\n"
# Create a Supplier\nIn this step we will create a **Supplier**. If you have already created a **Supplier** you can skip this step.,# Create a Supplier\nIn this step we will create a **Supplier**. If you have already created a **Supplier** you can skip this step.
"# Create a Work Order\n\nA Work Order or a Job order is given to the manufacturing shop floor by the Production Manager to initiate the manufacturing of a certain quantity of an item. Work Order carriers details of production Item, its BOM, quantities to be manufactured, and operations.\n\nThrough Work Order, you can track various production status like:\n\n- Issue of raw-material to shop material\n- Progress on each Workstation via Job Card\n- Manufactured Quantity against Work Order\n","# Create a Work Order\n\nA Work Order or a Job order is given to the manufacturing shop floor by the Production Manager to initiate the manufacturing of a certain quantity of an item. Work Order carriers details of production Item, its BOM, quantities to be manufactured, and operations.\n\nThrough Work Order, you can track various production status like:\n\n- Issue of raw-material to shop material\n- Progress on each Workstation via Job Card\n- Manufactured Quantity against Work Order\n"
"# Create an Item\n\nItem is a product or a service offered by your company, or something you buy as a part of your supplies or raw materials.\n\nItems are integral to everything you do in ERPNext - from billing, purchasing to managing inventory. Everything you buy or sell, whether it is a physical product or a service is an Item. Items can be stock, non-stock, variants, serialized, batched, assets, etc.\n","# Create an Item\n\nItem is a product or a service offered by your company, or something you buy as a part of your supplies or raw materials.\n\nItems are integral to everything you do in ERPNext - from billing, purchasing to managing inventory. Everything you buy or sell, whether it is a physical product or a service is an Item. Items can be stock, non-stock, variants, serialized, batched, assets, etc.\n"
# Create an Item\nThe Stock module deals with the movement of items.\n\nIn this step we will create an  [**Item**](https://docs.erpnext.com/docs/user/manual/en/stock/item).,# Create an Item\nThe Stock module deals with the movement of items.\n\nIn this step we will create an  [**Item**](https://docs.erpnext.com/docs/user/manual/en/stock/item).
"# Create first Purchase Order\n\nPurchase Order is at the heart of your buying transactions. In ERPNext, Purchase Order can can be created against a Purchase Material Request (indent) and Supplier Quotation as well.  Purchase Orders is also linked to Purchase Receipt and Purchase Invoices, allowing you to keep a birds-eye view on your purchase deals.\n\n","# Create first Purchase Order\n\nPurchase Order is at the heart of your buying transactions. In ERPNext, Purchase Order can can be created against a Purchase Material Request (indent) and Supplier Quotation as well.  Purchase Orders is also linked to Purchase Receipt and Purchase Invoices, allowing you to keep a birds-eye view on your purchase deals.\n\n"
# Create your first Purchase Invoice\n\nA Purchase Invoice is a bill received from a Supplier for a product(s) or service(s) delivery to your company. You can track payables through Purchase Invoice and process Payment Entries against it.\n\nPurchase Invoices can also be created against a Purchase Order or Purchase Receipt.,# Create your first Purchase Invoice\n\nA Purchase Invoice is a bill received from a Supplier for a product(s) or service(s) delivery to your company. You can track payables through Purchase Invoice and process Payment Entries against it.\n\nPurchase Invoices can also be created against a Purchase Order or Purchase Receipt.
"# Financial Statements\n\nIn ERPNext, you can get crucial financial reports like [Balance Sheet] and [Profit and Loss] statements with a click of a button. You can run in the report for a different period and plot analytics charts premised on statement data. For more reports, check sections like Financial Statements, General Ledger, and Profitability reports.\n\n<b>[Check Accounting reports](https://docs.erpnext.com/docs/v13/user/manual/en/accounts/accounting-reports)</b>","# Financial Statements\n\nIn ERPNext, you can get crucial financial reports like [Balance Sheet] and [Profit and Loss] statements with a click of a button. You can run in the report for a different period and plot analytics charts premised on statement data. For more reports, check sections like Financial Statements, General Ledger, and Profitability reports.\n\n<b>[Check Accounting reports](https://docs.erpnext.com/docs/v13/user/manual/en/accounts/accounting-reports)</b>"
"# Fixed Asset Accounts\n\nWith the company, a host of fixed asset accounts are pre-configured. To ensure your asset transactions are leading to correct accounting entries, you can review and set up following asset accounts as per your business  requirements.\n - Fixed asset accounts (Asset account)\n - Accumulated depreciation\n - Capital Work in progress (CWIP) account\n - Asset Depreciation account (Expense account)","# Fixed Asset Accounts\n\nWith the company, a host of fixed asset accounts are pre-configured. To ensure your asset transactions are leading to correct accounting entries, you can review and set up following asset accounts as per your business  requirements.\n - Fixed asset accounts (Asset account)\n - Accumulated depreciation\n - Capital Work in progress (CWIP) account\n - Asset Depreciation account (Expense account)"
# How Production Planning Works\n\nProduction Plan helps in production and material planning for the Items planned for manufacturing. These production items can be committed via Sales Order (to Customers) or Material Requests (internally).\n,# How Production Planning Works\n\nProduction Plan helps in production and material planning for the Items planned for manufacturing. These production items can be committed via Sales Order (to Customers) or Material Requests (internally).\n
"# Import Data from Spreadsheet\n\nIn ERPNext, you can easily migrate your historical data using spreadsheets. You can use it for migrating not just masters (like Customer, Supplier, Items), but also for transactions like (outstanding invoices, opening stock and accounting entries, etc).","# Import Data from Spreadsheet\n\nIn ERPNext, you can easily migrate your historical data using spreadsheets. You can use it for migrating not just masters (like Customer, Supplier, Items), but also for transactions like (outstanding invoices, opening stock and accounting entries, etc)."
# In Stock,# In Stock
# Introduction to Stock Entry\nThis video will give a quick introduction to [**Stock Entry**](https://docs.erpnext.com/docs/user/manual/en/stock/stock-entry).,# Introduction to Stock Entry\nThis video will give a quick introduction to [**Stock Entry**](https://docs.erpnext.com/docs/user/manual/en/stock/stock-entry).
"# Manage Stock Movements\nStock entry allows you to register the movement of stock for various purposes like transfer, received, issues, repacked, etc. To address issues related to theft and pilferages,  you can always ensure that the movement of goods happens against a document reference Stock Entry in ERPNext.\n\nLet’s get a quick walk-through on the various scenarios covered in Stock Entry by watching [*this video*](https://www.youtube.com/watch?v=Njt107hlY3I).","# Manage Stock Movements\nStock entry allows you to register the movement of stock for various purposes like transfer, received, issues, repacked, etc. To address issues related to theft and pilferages,  you can always ensure that the movement of goods happens against a document reference Stock Entry in ERPNext.\n\nLet’s get a quick walk-through on the various scenarios covered in Stock Entry by watching [*this video*](https://www.youtube.com/watch?v=Njt107hlY3I)."
"# Navigation in ERPNext\n\nEase of navigating and browsing around the ERPNext is one of our core strengths. In the following video, you will learn how to reach a specific feature in ERPNext via module page or AwesomeBar.","# Navigation in ERPNext\n\nEase of navigating and browsing around the ERPNext is one of our core strengths. In the following video, you will learn how to reach a specific feature in ERPNext via module page or AwesomeBar."
"# Purchase an Asset\n\nAssets purchases process if done following the standard Purchase cycle. If capital work in progress is enabled in Asset Category, Asset will be created as soon as Purchase Receipt is created for it. You can quickly create a Purchase Receipt for Asset and see its impact on books of accounts.","# Purchase an Asset\n\nAssets purchases process if done following the standard Purchase cycle. If capital work in progress is enabled in Asset Category, Asset will be created as soon as Purchase Receipt is created for it. You can quickly create a Purchase Receipt for Asset and see its impact on books of accounts."
# Req'd Items,# Req'd Items
"# Review Manufacturing Settings\n\nIn ERPNext, the Manufacturing module’s features are configurable as per your business needs. Manufacturing Settings is the place where you can set your preferences for:\n\n- Capacity planning for allocating jobs to workstations\n- Raw-material consumption based on BOM or actual\n- Default values and over-production allowance\n","# Review Manufacturing Settings\n\nIn ERPNext, the Manufacturing module’s features are configurable as per your business needs. Manufacturing Settings is the place where you can set your preferences for:\n\n- Capacity planning for allocating jobs to workstations\n- Raw-material consumption based on BOM or actual\n- Default values and over-production allowance\n"
"# Review Stock Settings\n\nIn ERPNext, the Stock module’s features are configurable as per your business needs. Stock Settings is the place where you can set your preferences for:\n- Default values for Item and Pricing\n- Default valuation method for inventory valuation\n- Set preference for serialization and batching of item\n- Set tolerance for over-receipt and delivery of items","# Review Stock Settings\n\nIn ERPNext, the Stock module’s features are configurable as per your business needs. Stock Settings is the place where you can set your preferences for:\n- Default values for Item and Pricing\n- Default valuation method for inventory valuation\n- Set preference for serialization and batching of item\n- Set tolerance for over-receipt and delivery of items"
"# Sales Order\n\nA Sales Order is a confirmation of an order from your customer. It is also referred to as Proforma Invoice.\n\nSales Order at the heart of your sales and purchase transactions. Sales Orders are linked in Delivery Note, Sales Invoices, Material Request, and Maintenance transactions. Through Sales Order, you can track fulfillment of the overall deal towards the customer.","# Sales Order\n\nA Sales Order is a confirmation of an order from your customer. It is also referred to as Proforma Invoice.\n\nSales Order at the heart of your sales and purchase transactions. Sales Orders are linked in Delivery Note, Sales Invoices, Material Request, and Maintenance transactions. Through Sales Order, you can track fulfillment of the overall deal towards the customer."
# Selling Settings\n\nCRM and Selling module’s features are configurable as per your business needs. Selling Settings is the place where you can set your preferences for:\n - Customer naming and default values\n - Billing and shipping preference in sales transactions\n,# Selling Settings\n\nCRM and Selling module’s features are configurable as per your business needs. Selling Settings is the place where you can set your preferences for:\n - Customer naming and default values\n - Billing and shipping preference in sales transactions\n
"# Set Up a Company\n\nA company is a legal entity for which you will set up your books of account and create accounting transactions. In ERPNext, you can create multiple companies, and establish relationships (group/subsidiary) among them.\n\nWithin the company master, you can capture various default accounts for that Company and set crucial settings related to the accounting methodology followed for a company.\n","# Set Up a Company\n\nA company is a legal entity for which you will set up your books of account and create accounting transactions. In ERPNext, you can create multiple companies, and establish relationships (group/subsidiary) among them.\n\nWithin the company master, you can capture various default accounts for that Company and set crucial settings related to the accounting methodology followed for a company.\n"
# Setting up Taxes\n\nERPNext lets you configure your taxes so that they are automatically applied in your buying and selling transactions. You can configure them globally or even on Items. ERPNext taxes are pre-configured for most regions.,# Setting up Taxes\n\nERPNext lets you configure your taxes so that they are automatically applied in your buying and selling transactions. You can configure them globally or even on Items. ERPNext taxes are pre-configured for most regions.
"# Setup Routing\n\nA Routing stores all Operations along with the description, hourly rate, operation time, batch size, etc. Click below to learn how the Routing template can be created, for quick selection in the BOM.","# Setup Routing\n\nA Routing stores all Operations along with the description, hourly rate, operation time, batch size, etc. Click below to learn how the Routing template can be created, for quick selection in the BOM."
"# Setup a Warehouse\nThe warehouse can be your location/godown/store where you maintain the item's inventory, and receive/deliver them to various parties.\n\nIn ERPNext, you can maintain a Warehouse in the tree structure, so that location and sub-location of an item can be tracked. Also, you can link a Warehouse to a specific Accounting ledger, where the real-time stock value of that warehouse’s item will be reflected.","# Setup a Warehouse\nThe warehouse can be your location/godown/store where you maintain the item's inventory, and receive/deliver them to various parties.\n\nIn ERPNext, you can maintain a Warehouse in the tree structure, so that location and sub-location of an item can be tracked. Also, you can link a Warehouse to a specific Accounting ledger, where the real-time stock value of that warehouse’s item will be reflected."
"# Track Material Request\n\n\nAlso known as Purchase Request or an Indent, is a document identifying a requirement of a set of items (products or services) for various purposes like procurement, transfer, issue, or manufacturing. Once the Material Request is validated, a purchase manager can take the next actions for purchasing items like requesting RFQ from a supplier or directly placing an order with an identified Supplier.\n\n","# Track Material Request\n\n\nAlso known as Purchase Request or an Indent, is a document identifying a requirement of a set of items (products or services) for various purposes like procurement, transfer, issue, or manufacturing. Once the Material Request is validated, a purchase manager can take the next actions for purchasing items like requesting RFQ from a supplier or directly placing an order with an identified Supplier.\n\n"
"# Update Stock Opening Balance\nIt’s an entry to update the stock balance of an item, in a warehouse, on a date and time you are going live on ERPNext.\n\nOnce opening stocks are updated, you can create transactions like manufacturing and stock deliveries, where this opening stock will be consumed.","# Update Stock Opening Balance\nIt’s an entry to update the stock balance of an item, in a warehouse, on a date and time you are going live on ERPNext.\n\nOnce opening stocks are updated, you can create transactions like manufacturing and stock deliveries, where this opening stock will be consumed."
"# Updating Opening Balances\n\nOnce you close the financial statement in previous accounting software, you can update the same as opening in your ERPNext's Balance Sheet accounts. This will allow you to get complete financial statements from ERPNext in the coming years, and discontinue the parallel accounting system right away.","# Updating Opening Balances\n\nOnce you close the financial statement in previous accounting software, you can update the same as opening in your ERPNext's Balance Sheet accounts. This will allow you to get complete financial statements from ERPNext in the coming years, and discontinue the parallel accounting system right away."
"# View Warehouse\nIn ERPNext the term 'warehouse' can be thought of as a storage location.\n\nWarehouses are arranged in ERPNext in a tree like structure, where multiple sub-warehouses can be grouped under a single warehouse.\n\nIn this step we will view the [**Warehouse Tree**](https://docs.erpnext.com/docs/user/manual/en/stock/warehouse#21-tree-view) to view the [**Warehouses**](https://docs.erpnext.com/docs/user/manual/en/stock/warehouse) that are set by default.","# View Warehouse\nIn ERPNext the term 'warehouse' can be thought of as a storage location.\n\nWarehouses are arranged in ERPNext in a tree like structure, where multiple sub-warehouses can be grouped under a single warehouse.\n\nIn this step we will view the [**Warehouse Tree**](https://docs.erpnext.com/docs/user/manual/en/stock/warehouse#21-tree-view) to view the [**Warehouses**](https://docs.erpnext.com/docs/user/manual/en/stock/warehouse) that are set by default."
"## Products and Services\n\nDepending on the nature of your business, you might be selling products or services to your clients or even both. \nERPNext is optimized for itemized management of your sales and purchase.\n\nThe **Item Master**  is where you can add all your sales items. If you are in services, you can create an Item for each service that you offer. If you run a manufacturing business, the same master is used for keeping a record of raw materials, sub-assemblies etc.\n\nCompleting the Item Master is very essential for the successful implementation of ERPNext. We have a brief video introducing the item master for you, you can watch it in the next step.","## Products and Services\n\nDepending on the nature of your business, you might be selling products or services to your clients or even both. \nERPNext is optimized for itemized management of your sales and purchase.\n\nThe **Item Master**  is where you can add all your sales items. If you are in services, you can create an Item for each service that you offer. If you run a manufacturing business, the same master is used for keeping a record of raw materials, sub-assemblies etc.\n\nCompleting the Item Master is very essential for the successful implementation of ERPNext. We have a brief video introducing the item master for you, you can watch it in the next step."
"## Who is a Customer?\n\nA customer, who is sometimes known as a client, buyer, or purchaser is the one who receives goods, services, products, or ideas, from a seller for a monetary consideration.\n\nEvery customer needs to be assigned a unique id. Customer name itself can be the id or you can set a naming series for ids to be generated in Selling Settings.\n\nJust like the supplier, let's quickly create a customer.","## Who is a Customer?\n\nA customer, who is sometimes known as a client, buyer, or purchaser is the one who receives goods, services, products, or ideas, from a seller for a monetary consideration.\n\nEvery customer needs to be assigned a unique id. Customer name itself can be the id or you can set a naming series for ids to be generated in Selling Settings.\n\nJust like the supplier, let's quickly create a customer."
"## Who is a Supplier?\n\nSuppliers are companies or individuals who provide you with products or services. ERPNext has comprehensive features for purchase cycles. \n\nLet's quickly create a supplier with the minimal details required. You need the name of the supplier, assign the supplier to a group, and select the type of the supplier, viz. Company or Individual.","## Who is a Supplier?\n\nSuppliers are companies or individuals who provide you with products or services. ERPNext has comprehensive features for purchase cycles. \n\nLet's quickly create a supplier with the minimal details required. You need the name of the supplier, assign the supplier to a group, and select the type of the supplier, viz. Company or Individual."
%  Delivered,%  Delivered
% Amount Billed,% Amount Billed
% Billed,% Billed
% Complete Method,% Complete Method
% Completed,% Completed
% Delivered,% Delivered
% Finished Item Quantity,% Finished Item Quantity
% Installed,% Installed
% Occupied,% Occupied
% Of Grand Total,% Of Grand Total
% Ordered,% Ordered
% Picked,% Picked
% Process Loss,% Process Loss
% Progress,% Progress
% Received,% Received
% Returned,% Returned
% of materials billed against this Sales Order,% of materials billed against this Sales Order
% of materials delivered against this Pick List,% of materials delivered against this Pick List
% of materials delivered against this Sales Order,% of materials delivered against this Sales Order
'Account' in the Accounting section of Customer {0},'Account' in the Accounting section of Customer {0}
'Allow Multiple Sales Orders Against a Customer's Purchase Order','Allow Multiple Sales Orders Against a Customer's Purchase Order'
'Based On' and 'Group By' can not be same,'Based On' and 'Group By' can not be same
'Days Since Last Order' must be greater than or equal to zero,'Days Since Last Order' must be greater than or equal to zero
'Default {0} Account' in Company {1},'Default {0} Account' in Company {1}
'Entries' cannot be empty,'Entries' cannot be empty
'From Date' is required,'From Date' is required
'From Date' must be after 'To Date','From Date' must be after 'To Date'
'Has Serial No' can not be 'Yes' for non-stock item,'Has Serial No' can not be 'Yes' for non-stock item
"'Inspection Required before Delivery' has disabled for the item {0}, no need to create the QI","'Inspection Required before Delivery' has disabled for the item {0}, no need to create the QI"
"'Inspection Required before Purchase' has disabled for the item {0}, no need to create the QI","'Inspection Required before Purchase' has disabled for the item {0}, no need to create the QI"
'Opening','Opening'
'To Date' is required,'To Date' is required
'To Package No.' cannot be less than 'From Package No.','To Package No.' cannot be less than 'From Package No.'
'Update Stock' can not be checked because items are not delivered via {0},'Update Stock' can not be checked because items are not delivered via {0}
'Update Stock' cannot be checked for fixed asset sale,'Update Stock' cannot be checked for fixed asset sale
'{0}' account is already used by {1}. Use another account.,'{0}' account is already used by {1}. Use another account.
'{0}' should be in company currency {1}.,'{0}' should be in company currency {1}.
(A) Qty After Transaction,(A) Qty After Transaction
(B) Expected Qty After Transaction,(B) Expected Qty After Transaction
(C) Total Qty in Queue,(C) Total Qty in Queue
(C) Total qty in queue,(C) Total qty in queue
(D) Balance Stock Value,(D) Balance Stock Value
(E) Balance Stock Value in Queue,(E) Balance Stock Value in Queue
(F) Change in Stock Value,(F) Change in Stock Value
(Forecast),(Forecast)
(G) Sum of Change in Stock Value,(G) Sum of Change in Stock Value
(H) Change in Stock Value (FIFO Queue),(H) Change in Stock Value (FIFO Queue)
(H) Valuation Rate,(H) Valuation Rate
(Hour Rate / 60) * Actual Operation Time,(Hour Rate / 60) * Actual Operation Time
(I) Valuation Rate,(I) Valuation Rate
(J) Valuation Rate as per FIFO,(J) Valuation Rate as per FIFO
(K) Valuation = Value (D) ÷ Qty (A),(K) Valuation = Value (D) ÷ Qty (A)
(including),(including)
* Will be calculated in the transaction.,* Will be calculated in the transaction.
0-30,0-30
0-30 Days,0-30 Days
1 Loyalty Points = How much base currency?,1 Loyalty Points = How much base currency?
1 hr,1 hr
1-10,1-10
1000+,1000+
11-50,11-50
1{0},1{0}
2 Yearly,2 Yearly
201-500,201-500
3 Yearly,3 Yearly
30 mins,30 mins
30-60,30-60
30-60 Days,30-60 Days
501-1000,501-1000
51-200,51-200
6 hrs,6 hrs
60-90,60-90
60-90 Days,60-90 Days
90 Above,90 Above
<b>From Time</b> cannot be later than <b>To Time</b> for {0},<b>From Time</b> cannot be later than <b>To Time</b> for {0}
"<br>\n<h4>Note</h4>\n<ul>\n<li>\nYou can use <a href=\""https://jinja.palletsprojects.com/en/2.11.x/\"" target=\""_blank\"">Jinja tags</a> in <b>Subject</b> and <b>Body</b> fields for dynamic values.\n</li><li>\n    All fields in this doctype are available under the <b>doc</b> object and all fields for the customer to whom the mail will go to is available under the  <b>customer</b> object.\n</li></ul>\n<h4> Examples</h4>\n<!-- {% raw %} -->\n<ul>\n    <li><b>Subject</b>:<br><br><pre><code>Statement Of Accounts for {{ customer.customer_name }}</code></pre><br></li>\n    <li><b>Body</b>: <br><br>\n<pre><code>Hello {{ customer.customer_name }},<br>PFA your Statement Of Accounts from {{ doc.from_date }} to {{ doc.to_date }}.</code> </pre></li>\n</ul>\n<!-- {% endraw %} -->","<br>\n<h4>Note</h4>\n<ul>\n<li>\nYou can use <a href=\""https://jinja.palletsprojects.com/en/2.11.x/\"" target=\""_blank\"">Jinja tags</a> in <b>Subject</b> and <b>Body</b> fields for dynamic values.\n</li><li>\n    All fields in this doctype are available under the <b>doc</b> object and all fields for the customer to whom the mail will go to is available under the  <b>customer</b> object.\n</li></ul>\n<h4> Examples</h4>\n<!-- {% raw %} -->\n<ul>\n    <li><b>Subject</b>:<br><br><pre><code>Statement Of Accounts for {{ customer.customer_name }}</code></pre><br></li>\n    <li><b>Body</b>: <br><br>\n<pre><code>Hello {{ customer.customer_name }},<br>PFA your Statement Of Accounts from {{ doc.from_date }} to {{ doc.to_date }}.</code> </pre></li>\n</ul>\n<!-- {% endraw %} -->"
"<div class=\""columnHeading\"">Other Details</div>","<div class=\""columnHeading\"">Other Details</div>"
"<div class=\""text-muted text-center\"">No Matching Bank Transactions Found</div>","<div class=\""text-muted text-center\"">No Matching Bank Transactions Found</div>"
"<div class=\""text-muted text-center\"">{0}</div>","<div class=\""text-muted text-center\"">{0}</div>"
<div>\n<h3> All dimensions in centimeter only </h3>\n</div>,<div>\n<h3> All dimensions in centimeter only </h3>\n</div>
"<h3>About Product Bundle</h3>\n\n<p>Aggregate group of <b>Items</b> into another <b>Item</b>. This is useful if you are bundling a certain <b>Items</b> into a package and you maintain stock of the packed <b>Items</b> and not the aggregate <b>Item</b>.</p>\n<p>The package <b>Item</b> will have <code>Is Stock Item</code> as <b>No</b> and <code>Is Sales Item</code> as <b>Yes</b>.</p>\n<h4>Example:</h4>\n<p>If you are selling Laptops and Backpacks separately and have a special price if the customer buys both, then the Laptop + Backpack will be a new Product Bundle Item.</p>","<h3>About Product Bundle</h3>\n\n<p>Aggregate group of <b>Items</b> into another <b>Item</b>. This is useful if you are bundling a certain <b>Items</b> into a package and you maintain stock of the packed <b>Items</b> and not the aggregate <b>Item</b>.</p>\n<p>The package <b>Item</b> will have <code>Is Stock Item</code> as <b>No</b> and <code>Is Sales Item</code> as <b>Yes</b>.</p>\n<h4>Example:</h4>\n<p>If you are selling Laptops and Backpacks separately and have a special price if the customer buys both, then the Laptop + Backpack will be a new Product Bundle Item.</p>"
"<h3>Currency Exchange Settings Help</h3>\n<p>There are 3 variables that could be used within the endpoint, result key and in values of the parameter.</p>\n<p>Exchange rate between {from_currency} and {to_currency} on {transaction_date} is fetched by the API.</p>\n<p>Example: If your endpoint is exchange.com/2021-08-01, then, you will have to input exchange.com/{transaction_date}</p>","<h3>Currency Exchange Settings Help</h3>\n<p>There are 3 variables that could be used within the endpoint, result key and in values of the parameter.</p>\n<p>Exchange rate between {from_currency} and {to_currency} on {transaction_date} is fetched by the API.</p>\n<p>Example: If your endpoint is exchange.com/2021-08-01, then, you will have to input exchange.com/{transaction_date}</p>"
"<h4>Body Text and Closing Text Example</h4>\n\n<div>We have noticed that you have not yet paid invoice {{sales_invoice}} for {{frappe.db.get_value(\""Currency\"", currency, \""symbol\"")}} {{outstanding_amount}}. This is a friendly reminder that the invoice was due on {{due_date}}. Please pay the amount due immediately to avoid any further dunning cost.</div>\n\n<h4>How to get fieldnames</h4>\n\n<p>The fieldnames you can use in your template are the fields in the document. You can find out the fields of any documents via Setup &gt; Customize Form View and selecting the document type (e.g. Sales Invoice)</p>\n\n<h4>Templating</h4>\n\n<p>Templates are compiled using the Jinja Templating Language. To learn more about Jinja, <a class=\""strong\"" href=\""http://jinja.pocoo.org/docs/dev/templates/\"">read this documentation.</a></p>","<h4>Body Text and Closing Text Example</h4>\n\n<div>We have noticed that you have not yet paid invoice {{sales_invoice}} for {{frappe.db.get_value(\""Currency\"", currency, \""symbol\"")}} {{outstanding_amount}}. This is a friendly reminder that the invoice was due on {{due_date}}. Please pay the amount due immediately to avoid any further dunning cost.</div>\n\n<h4>How to get fieldnames</h4>\n\n<p>The fieldnames you can use in your template are the fields in the document. You can find out the fields of any documents via Setup &gt; Customize Form View and selecting the document type (e.g. Sales Invoice)</p>\n\n<h4>Templating</h4>\n\n<p>Templates are compiled using the Jinja Templating Language. To learn more about Jinja, <a class=\""strong\"" href=\""http://jinja.pocoo.org/docs/dev/templates/\"">read this documentation.</a></p>"
"<h4>Contract Template Example</h4>\n\n<pre>Contract for Customer {{ party_name }}\n\n-Valid From : {{ start_date }} \n-Valid To : {{ end_date }}\n</pre>\n\n<h4>How to get fieldnames</h4>\n\n<p>The field names you can use in your Contract Template are the fields in the Contract for which you are creating the template. You can find out the fields of any documents via Setup &gt; Customize Form View and selecting the document type (e.g. Contract)</p>\n\n<h4>Templating</h4>\n\n<p>Templates are compiled using the Jinja Templating Language. To learn more about Jinja, <a class=\""strong\"" href=\""http://jinja.pocoo.org/docs/dev/templates/\"">read this documentation.</a></p>","<h4>Contract Template Example</h4>\n\n<pre>Contract for Customer {{ party_name }}\n\n-Valid From : {{ start_date }} \n-Valid To : {{ end_date }}\n</pre>\n\n<h4>How to get fieldnames</h4>\n\n<p>The field names you can use in your Contract Template are the fields in the Contract for which you are creating the template. You can find out the fields of any documents via Setup &gt; Customize Form View and selecting the document type (e.g. Contract)</p>\n\n<h4>Templating</h4>\n\n<p>Templates are compiled using the Jinja Templating Language. To learn more about Jinja, <a class=\""strong\"" href=\""http://jinja.pocoo.org/docs/dev/templates/\"">read this documentation.</a></p>"
"<h4>Standard Terms and Conditions Example</h4>\n\n<pre>Delivery Terms for Order number {{ name }}\n\n-Order Date : {{ transaction_date }} \n-Expected Delivery Date : {{ delivery_date }}\n</pre>\n\n<h4>How to get fieldnames</h4>\n\n<p>The fieldnames you can use in your email template are the fields in the document from which you are sending the email. You can find out the fields of any documents via Setup &gt; Customize Form View and selecting the document type (e.g. Sales Invoice)</p>\n\n<h4>Templating</h4>\n\n<p>Templates are compiled using the Jinja Templating Language. To learn more about Jinja, <a class=\""strong\"" href=\""http://jinja.pocoo.org/docs/dev/templates/\"">read this documentation.</a></p>","<h4>Standard Terms and Conditions Example</h4>\n\n<pre>Delivery Terms for Order number {{ name }}\n\n-Order Date : {{ transaction_date }} \n-Expected Delivery Date : {{ delivery_date }}\n</pre>\n\n<h4>How to get fieldnames</h4>\n\n<p>The fieldnames you can use in your email template are the fields in the document from which you are sending the email. You can find out the fields of any documents via Setup &gt; Customize Form View and selecting the document type (e.g. Sales Invoice)</p>\n\n<h4>Templating</h4>\n\n<p>Templates are compiled using the Jinja Templating Language. To learn more about Jinja, <a class=\""strong\"" href=\""http://jinja.pocoo.org/docs/dev/templates/\"">read this documentation.</a></p>"
"<label class=\""control-label\"" style=\""margin-bottom: 0px;\"">Account Number Settings</label>","<label class=\""control-label\"" style=\""margin-bottom: 0px;\"">Account Number Settings</label>"
"<label class=\""control-label\"" style=\""margin-bottom: 0px;\"">Amount In Words</label>","<label class=\""control-label\"" style=\""margin-bottom: 0px;\"">Amount In Words</label>"
"<label class=\""control-label\"" style=\""margin-bottom: 0px;\"">Date Settings</label>","<label class=\""control-label\"" style=\""margin-bottom: 0px;\"">Date Settings</label>"
<li>Item {0} in row(s) {1} billed more than {2}</li>,<li>Item {0} in row(s) {1} billed more than {2}</li>
<li>{}</li>,<li>{}</li>
<p>Cannot overbill for the following Items:</p>,<p>Cannot overbill for the following Items:</p>
<p>Following {0}s doesn't belong to Company {1} :</p>,<p>Following {0}s doesn't belong to Company {1} :</p>
"<p>In your <b>Email Template</b>, you can use the following special variables:\n</p>\n<ul>\n        <li>\n            <code>{{ update_password_link }}</code>: A link where your supplier can set a new password to log into your portal.\n        </li>\n        <li>\n            <code>{{ portal_link }}</code>: A link to this RFQ in your supplier portal.\n        </li>\n        <li>\n            <code>{{ supplier_name }}</code>: The company name of your supplier.\n        </li>\n        <li>\n            <code>{{ contact.salutation }} {{ contact.last_name }}</code>: The contact person of your supplier.\n        </li><li>\n            <code>{{ user_fullname }}</code>: Your full name.\n        </li>\n    </ul>\n<p></p>\n<p>Apart from these, you can access all values in this RFQ, like <code>{{ message_for_supplier }}</code> or <code>{{ terms }}</code>.</p>","<p>In your <b>Email Template</b>, you can use the following special variables:\n</p>\n<ul>\n        <li>\n            <code>{{ update_password_link }}</code>: A link where your supplier can set a new password to log into your portal.\n        </li>\n        <li>\n            <code>{{ portal_link }}</code>: A link to this RFQ in your supplier portal.\n        </li>\n        <li>\n            <code>{{ supplier_name }}</code>: The company name of your supplier.\n        </li>\n        <li>\n            <code>{{ contact.salutation }} {{ contact.last_name }}</code>: The contact person of your supplier.\n        </li><li>\n            <code>{{ user_fullname }}</code>: Your full name.\n        </li>\n    </ul>\n<p></p>\n<p>Apart from these, you can access all values in this RFQ, like <code>{{ message_for_supplier }}</code> or <code>{{ terms }}</code>.</p>"
"<p>Price List Rate has not been set as editable in Selling Settings. In this scenario, setting <strong>Update Price List Based On</strong> to <strong>Price List Rate</strong> will prevent auto-updation of Item Price.</p>Are you sure you want to continue?","<p>Price List Rate has not been set as editable in Selling Settings. In this scenario, setting <strong>Update Price List Based On</strong> to <strong>Price List Rate</strong> will prevent auto-updation of Item Price.</p>Are you sure you want to continue?"
"<p>To allow over-billing, please set allowance in Accounts Settings.</p>","<p>To allow over-billing, please set allowance in Accounts Settings.</p>"
"<pre><h5>Message Example</h5>\n\n&lt;p&gt; Thank You for being a part of {{ doc.company }}! We hope you are enjoying the service.&lt;/p&gt;\n\n&lt;p&gt; Please find enclosed the E Bill statement. The outstanding amount is {{ doc.grand_total }}.&lt;/p&gt;\n\n&lt;p&gt; We don't want you to be spending time running around in order to pay for your Bill.<br>After all, life is beautiful and the time you have in hand should be spent to enjoy it!<br>So here are our little ways to help you get more time for life! &lt;/p&gt;\n\n&lt;a href=\""{{ payment_url }}\""&gt; click here to pay &lt;/a&gt;\n\n</pre>\n","<pre><h5>Message Example</h5>\n\n&lt;p&gt; Thank You for being a part of {{ doc.company }}! We hope you are enjoying the service.&lt;/p&gt;\n\n&lt;p&gt; Please find enclosed the E Bill statement. The outstanding amount is {{ doc.grand_total }}.&lt;/p&gt;\n\n&lt;p&gt; We don't want you to be spending time running around in order to pay for your Bill.<br>After all, life is beautiful and the time you have in hand should be spent to enjoy it!<br>So here are our little ways to help you get more time for life! &lt;/p&gt;\n\n&lt;a href=\""{{ payment_url }}\""&gt; click here to pay &lt;/a&gt;\n\n</pre>\n"
"<pre><h5>Message Example</h5>\n\n&lt;p&gt;Dear {{ doc.contact_person }},&lt;/p&gt;\n\n&lt;p&gt;Requesting payment for {{ doc.doctype }}, {{ doc.name }} for {{ doc.grand_total }}.&lt;/p&gt;\n\n&lt;a href=\""{{ payment_url }}\""&gt; click here to pay &lt;/a&gt;\n\n</pre>\n","<pre><h5>Message Example</h5>\n\n&lt;p&gt;Dear {{ doc.contact_person }},&lt;/p&gt;\n\n&lt;p&gt;Requesting payment for {{ doc.doctype }}, {{ doc.name }} for {{ doc.grand_total }}.&lt;/p&gt;\n\n&lt;a href=\""{{ payment_url }}\""&gt; click here to pay &lt;/a&gt;\n\n</pre>\n"
"<span class=\""h4\""><b>Integrations</b></span>","<span class=\""h4\""><b>Integrations</b></span>"
"<span class=\""h4\""><b>Masters &amp; Reports</b></span>","<span class=\""h4\""><b>Masters &amp; Reports</b></span>"
"<span class=\""h4\""><b>Quick Access</b></span>","<span class=\""h4\""><b>Quick Access</b></span>"
"<span class=\""h4\""><b>Settings</b></span>","<span class=\""h4\""><b>Settings</b></span>"
"<span class=\""h4\""><b>Shortcuts</b></span>","<span class=\""h4\""><b>Shortcuts</b></span>"
"<span class=\""h4\""><b>Your Shortcuts\n\t\t\t\n\t\t\n\t\t\t\n\t\t\n\t\t\t\n\t\t</b></span>","<span class=\""h4\""><b>Your Shortcuts\n\t\t\t\n\t\t\n\t\t\t\n\t\t\n\t\t\t\n\t\t</b></span>"
<strong>Grand Total:</strong> {0},<strong>Grand Total:</strong> {0}
<strong>Outstanding Amount:</strong> {0},<strong>Outstanding Amount:</strong> {0}
"<table class=\""table table-bordered table-condensed\"">\n<thead>\n  <tr>\n         <th class=\""table-sr\"" style=\""width: 50%;\"">Child Document</th>\n         <th class=\""table-sr\"" style=\""width: 50%;\"">Non Child Document</th>\n   </tr>\n</thead>\n<tbody>\n<tr>\n         <td>\n                  <p> To access parent document field use parent.fieldname and to access child table document field use doc.fieldname </p>\n\n         </td>\n         <td>\n                    <p>To access document field use doc.fieldname </p>\n         </td>\n</tr>\n<tr>\n        <td>\n                   <p><b>Example: </b> parent.doctype == \""Stock Entry\"" and doc.item_code == \""Test\"" </p>\n\n        </td>\n         <td>\n                   <p><b>Example: </b> doc.doctype == \""Stock Entry\"" and doc.purpose == \""Manufacture\""</p>    \n          </td>\n</tr>\n\n</tbody>\n</table>\n\n\n\n\n\n\n","<table class=\""table table-bordered table-condensed\"">\n<thead>\n  <tr>\n         <th class=\""table-sr\"" style=\""width: 50%;\"">Child Document</th>\n         <th class=\""table-sr\"" style=\""width: 50%;\"">Non Child Document</th>\n   </tr>\n</thead>\n<tbody>\n<tr>\n         <td>\n                  <p> To access parent document field use parent.fieldname and to access child table document field use doc.fieldname </p>\n\n         </td>\n         <td>\n                    <p>To access document field use doc.fieldname </p>\n         </td>\n</tr>\n<tr>\n        <td>\n                   <p><b>Example: </b> parent.doctype == \""Stock Entry\"" and doc.item_code == \""Test\"" </p>\n\n        </td>\n         <td>\n                   <p><b>Example: </b> doc.doctype == \""Stock Entry\"" and doc.purpose == \""Manufacture\""</p>    \n          </td>\n</tr>\n\n</tbody>\n</table>\n\n\n\n\n\n\n"
A - B,A - B
A - C,A - C
A Customer Group exists with same name please change the Customer name or rename the Customer Group,A Customer Group exists with same name please change the Customer name or rename the Customer Group
A Holiday List can be added to exclude counting these days for the Workstation.,A Holiday List can be added to exclude counting these days for the Workstation.
A Lead requires either a person's name or an organization's name,A Lead requires either a person's name or an organization's name
A Packing Slip can only be created for Draft Delivery Note.,A Packing Slip can only be created for Draft Delivery Note.
"A Price List is a collection of Item Prices either Selling, Buying, or both","A Price List is a collection of Item Prices either Selling, Buying, or both"
A Reconciliation Job {0} is running for the same filters. Cannot reconcile now,A Reconciliation Job {0} is running for the same filters. Cannot reconcile now
"A Sales Order is a confirmation of an order from your customer. It is also referred to as Proforma Invoice.\n\nSales Order at the heart of your sales and purchase transactions. Sales Orders are linked in Delivery Note, Sales Invoices, Material Request, and Maintenance transactions. Through Sales Order, you can track fulfillment of the overall deal towards the customer.","A Sales Order is a confirmation of an order from your customer. It is also referred to as Proforma Invoice.\n\nSales Order at the heart of your sales and purchase transactions. Sales Orders are linked in Delivery Note, Sales Invoices, Material Request, and Maintenance transactions. Through Sales Order, you can track fulfillment of the overall deal towards the customer."
A Transaction Deletion Document: {0} is triggered for {0},A Transaction Deletion Document: {0} is triggered for {0}
A condition for a Shipping Rule,A condition for a Shipping Rule
A customer must have primary contact email.,A customer must have primary contact email.
A driver must be set to submit.,A driver must be set to submit.
A new appointment has been created for you with {0},A new appointment has been created for you with {0}
A template with tax category {0} already exists. Only one template is allowed with each tax category,A template with tax category {0} already exists. Only one template is allowed with each tax category
A third party distributor / dealer / commission agent / affiliate / reseller who sells the companies products for a commission.,A third party distributor / dealer / commission agent / affiliate / reseller who sells the companies products for a commission.
A+,A+
A-,A-
AB+,AB+
AB-,AB-
ACC-PINV-.YYYY.-,ACC-PINV-.YYYY.-
AMC Expiry Date,AMC Expiry Date
API Details,API Details
AWB Number,AWB Number
Abbr,Abbr
Abbreviation,Ký tự đại diện
Abbreviation already used for another company,Abbreviation already used for another company
Abbreviation is mandatory,Abbreviation is mandatory
Abbreviation: {0} must appear only once,Abbreviation: {0} must appear only once
Academics User,Academics User
Acceptance Criteria Formula,Acceptance Criteria Formula
Acceptance Criteria Value,Acceptance Criteria Value
Accepted,Accepted
Accepted Qty,Accepted Qty
Accepted Qty in Stock UOM,Accepted Qty in Stock UOM
Accepted Quantity,Accepted Quantity
Accepted Warehouse,Accepted Warehouse
Access Key,Access Key
Access Key is required for Service Provider: {0},Access Key is required for Service Provider: {0}
"According to the BOM {0}, the Item '{1}' is missing in the stock entry.","According to the BOM {0}, the Item '{1}' is missing in the stock entry."
Account Balance,Account Balance
Account Balance (From),Account Balance (From)
Account Balance (To),Account Balance (To)
Account Closing Balance,Account Closing Balance
Account Currency,Account Currency
Account Currency (From),Account Currency (From)
Account Currency (To),Account Currency (To)
Account Details,Account Details
Account Head,Account Head
Account Manager,Account Manager
Account Missing,Account Missing
Account Name,Account Name
Account Not Found,Account Not Found
Account Number,Account Number
Account Number {0} already used in account {1},Account Number {0} already used in account {1}
Account Opening Balance,Account Opening Balance
Account Paid From,Account Paid From
Account Paid To,Account Paid To
Account Pay Only,Account Pay Only
Account Subtype,Account Subtype
Account Type,Account Type
Account Value,Account Value
"Account balance already in Credit, you are not allowed to set 'Balance Must Be' as 'Debit'","Account balance already in Credit, you are not allowed to set 'Balance Must Be' as 'Debit'"
"Account balance already in Debit, you are not allowed to set 'Balance Must Be' as 'Credit'","Account balance already in Debit, you are not allowed to set 'Balance Must Be' as 'Credit'"
Account for Change Amount,Account for Change Amount
Account is mandatory to get payment entries,Account is mandatory to get payment entries
Account is not set for the dashboard chart {0},Account is not set for the dashboard chart {0}
Account not Found,Account not Found
Account with child nodes cannot be converted to ledger,Account with child nodes cannot be converted to ledger
Account with child nodes cannot be set as ledger,Account with child nodes cannot be set as ledger
Account with existing transaction can not be converted to group.,Account with existing transaction can not be converted to group.
Account with existing transaction can not be deleted,Account with existing transaction can not be deleted
Account with existing transaction cannot be converted to ledger,Account with existing transaction cannot be converted to ledger
Account {0} added multiple times,Account {0} added multiple times
Account {0} does not belong to company: {1},Account {0} does not belong to company: {1}
Account {0} does not belongs to company {1},Account {0} does not belongs to company {1}
Account {0} does not exist,Account {0} does not exist
Account {0} does not exists,Account {0} does not exists
Account {0} does not exists in the dashboard chart {1},Account {0} does not exists in the dashboard chart {1}
Account {0} does not match with Company {1} in Mode of Account: {2},Account {0} does not match with Company {1} in Mode of Account: {2}
Account {0} doesn't belong to Company {1},Account {0} doesn't belong to Company {1}
Account {0} exists in parent company {1}.,Account {0} exists in parent company {1}.
Account {0} has been entered multiple times,Account {0} has been entered multiple times
Account {0} is added in the child company {1},Account {0} is added in the child company {1}
Account {0} is frozen,Account {0} is frozen
Account {0} is invalid. Account Currency must be {1},Account {0} is invalid. Account Currency must be {1}
Account {0}: Parent account {1} can not be a ledger,Account {0}: Parent account {1} can not be a ledger
Account {0}: Parent account {1} does not belong to company: {2},Account {0}: Parent account {1} does not belong to company: {2}
Account {0}: Parent account {1} does not exist,Account {0}: Parent account {1} does not exist
Account {0}: You can not assign itself as parent account,Account {0}: You can not assign itself as parent account
Account: <b>{0}</b> is capital Work in progress and can not be updated by Journal Entry,Account: <b>{0}</b> is capital Work in progress and can not be updated by Journal Entry
Account: {0} can only be updated via Stock Transactions,Account: {0} can only be updated via Stock Transactions
Account: {0} is not permitted under Payment Entry,Account: {0} is not permitted under Payment Entry
Account: {0} with currency: {1} can not be selected,Account: {0} with currency: {1} can not be selected
Accounting,Accounting
Accounting Details,Accounting Details
Accounting Dimension,Accounting Dimension
Accounting Dimension <b>{0}</b> is required for 'Balance Sheet' account {1}.,Accounting Dimension <b>{0}</b> is required for 'Balance Sheet' account {1}.
Accounting Dimension <b>{0}</b> is required for 'Profit and Loss' account {1}.,Accounting Dimension <b>{0}</b> is required for 'Profit and Loss' account {1}.
Accounting Dimension Detail,Accounting Dimension Detail
Accounting Dimension Filter,Accounting Dimension Filter
Accounting Dimensions,Accounting Dimensions
Accounting Dimensions Filter,Accounting Dimensions Filter
Accounting Entries,Accounting Entries
Accounting Entry for Asset,Accounting Entry for Asset
Accounting Entry for Service,Accounting Entry for Service
Accounting Entry for Stock,Accounting Entry for Stock
Accounting Entry for {0},Accounting Entry for {0}
Accounting Entry for {0}: {1} can only be made in currency: {2},Accounting Entry for {0}: {1} can only be made in currency: {2}
Accounting Ledger,Accounting Ledger
Accounting Masters,Accounting Masters
Accounting Period,Accounting Period
Accounting Period overlaps with {0},Accounting Period overlaps with {0}
Accounting entries are frozen up to this date. Nobody can create or modify entries except users with the role specified below,Accounting entries are frozen up to this date. Nobody can create or modify entries except users with the role specified below
Accounts,Accounts
Accounts Closing,Accounts Closing
Accounts Frozen Till Date,Accounts Frozen Till Date
Accounts Missing Error,Accounts Missing Error
Accounts Payable,Accounts Payable
Accounts Payable Summary,Accounts Payable Summary
Accounts Receivable,Accounts Receivable
Accounts Receivable / Payable Tuning,Accounts Receivable / Payable Tuning
Accounts Receivable Credit Account,Accounts Receivable Credit Account
Accounts Receivable Discounted Account,Accounts Receivable Discounted Account
Accounts Receivable Summary,Accounts Receivable Summary
Accounts Receivable Unpaid Account,Accounts Receivable Unpaid Account
Accounts Receivable/Payable,Accounts Receivable/Payable
Accounts Settings,Accounts Settings
Accounts table cannot be blank.,Accounts table cannot be blank.
Accounts to Merge,Accounts to Merge
"Accounts, Invoices, Taxation, and more.","Accounts, Invoices, Taxation, and more."
Accumulated Depreciation,Accumulated Depreciation
Accumulated Depreciation Account,Accumulated Depreciation Account
Accumulated Depreciation Amount,Accumulated Depreciation Amount
Accumulated Depreciation as on,Accumulated Depreciation as on
Accumulated Monthly,Accumulated Monthly
Accumulated Values,Accumulated Values
Accumulated Values in Group Company,Accumulated Values in Group Company
Achieved ({}),Achieved ({})
Acquisition Date,Acquisition Date
Action If Quality Inspection Is Not Submitted,Action If Quality Inspection Is Not Submitted
Action If Quality Inspection Is Rejected,Action If Quality Inspection Is Rejected
Action If Same Rate is Not Maintained,Action If Same Rate is Not Maintained
Action Initialised,Action Initialised
Action if Accumulated Monthly Budget Exceeded on Actual,Action if Accumulated Monthly Budget Exceeded on Actual
Action if Accumulated Monthly Budget Exceeded on MR,Action if Accumulated Monthly Budget Exceeded on MR
Action if Accumulated Monthly Budget Exceeded on PO,Action if Accumulated Monthly Budget Exceeded on PO
Action if Annual Budget Exceeded on Actual,Action if Annual Budget Exceeded on Actual
Action if Annual Budget Exceeded on MR,Action if Annual Budget Exceeded on MR
Action if Annual Budget Exceeded on PO,Action if Annual Budget Exceeded on PO
Action if Same Rate is Not Maintained Throughout  Internal Transaction,Action if Same Rate is Not Maintained Throughout  Internal Transaction
Action if Same Rate is Not Maintained Throughout Sales Cycle,Action if Same Rate is Not Maintained Throughout Sales Cycle
Actions performed,Actions performed
Active Leads,Active Leads
Active Status,Active Status
Activities,Activities
Activity Cost,Activity Cost
Activity Cost exists for Employee {0} against Activity Type - {1},Activity Cost exists for Employee {0} against Activity Type - {1}
Activity Cost per Employee,Activity Cost per Employee
Activity Type,Activity Type
Actual,Actual
Actual Balance Qty,Actual Balance Qty
Actual Batch Quantity,Actual Batch Quantity
Actual Cost,Actual Cost
Actual Date,Actual Date
Actual Delivery Date,Actual Delivery Date
Actual End Date (via Timesheet),Actual End Date (via Timesheet)
Actual Expense,Actual Expense
Actual Posting,Actual Posting
Actual Qty,Actual Qty
Actual Qty (at source/target),Actual Qty (at source/target)
Actual Qty in Warehouse,Actual Qty in Warehouse
Actual Qty is mandatory,Actual Qty is mandatory
Actual Qty {0} / Waiting Qty {1},Actual Qty {0} / Waiting Qty {1}
Actual Qty: Quantity available in the warehouse.,Actual Qty: Quantity available in the warehouse.
Actual Quantity,Actual Quantity
Actual Start Date (via Timesheet),Actual Start Date (via Timesheet)
Actual Time and Cost,Actual Time and Cost
Actual Time in Hours (via Timesheet),Actual Time in Hours (via Timesheet)
Actual qty in stock,Actual qty in stock
Actual type tax cannot be included in Item rate in row {0},Actual type tax cannot be included in Item rate in row {0}
Add Columns in Transaction Currency,Add Columns in Transaction Currency
Add Comment,Add Comment
Add Corrective Operation Cost in Finished Good Valuation,Add Corrective Operation Cost in Finished Good Valuation
Add Customers,Add Customers
Add Discount,Add Discount
Add Employees,Add Employees
Add Item,Add Item
Add Items,Add Items
Add Items in the Purpose Table,Add Items in the Purpose Table
Add Lead to Prospect,Add Lead to Prospect
Add Leads,Add Leads
Add Local Holidays,Add Local Holidays
Add Manually,Add Manually
Add Multiple Tasks,Add Multiple Tasks
Add Or Deduct,Add Or Deduct
Add Order Discount,Add Order Discount
Add Quote,Add Quote
Add Sales Partners,Add Sales Partners
Add Serial / Batch Bundle,Add Serial / Batch Bundle
Add Serial / Batch No,Add Serial / Batch No
Add Serial / Batch No (Rejected Qty),Add Serial / Batch No (Rejected Qty)
Add Stock,Add Stock
Add Sub Assembly,Add Sub Assembly
Add Suppliers,Add Suppliers
Add Timesheets,Add Timesheets
Add Weekly Holidays,Add Weekly Holidays
Add a Note,Add a Note
Add an Existing Asset,Add an Existing Asset
Add an existing Asset,Add an existing Asset
Add details,Add details
Add items in the Item Locations table,Add items in the Item Locations table
Add or Deduct,Add or Deduct
Add the rest of your organization as your users. You can also add invite Customers to your portal by adding them from Contacts,Add the rest of your organization as your users. You can also add invite Customers to your portal by adding them from Contacts
Add to Holidays,Add to Holidays
Add to Prospect,Add to Prospect
Add to Transit,Add to Transit
Add/Edit Coupon Conditions,Add/Edit Coupon Conditions
Added By,Added By
Added On,Added On
Added Supplier Role to User {0}.,Added Supplier Role to User {0}.
Added {1} Role to User {0}.,Added {1} Role to User {0}.
Adding Lead to Prospect...,Adding Lead to Prospect...
Additional,Additional
Additional Asset Cost,Additional Asset Cost
Additional Cost,Additional Cost
Additional Cost Per Qty,Additional Cost Per Qty
Additional Costs,Additional Costs
Additional Data,Additional Data
Additional Details,Additional Details
Additional Discount,Additional Discount
Additional Discount Amount,Additional Discount Amount
Additional Discount Amount (Company Currency),Additional Discount Amount (Company Currency)
Additional Discount Percentage,Additional Discount Percentage
Additional Info,Additional Info
Additional Information,Additional Information
Additional Notes,Additional Notes
Additional information regarding the customer.,Additional information regarding the customer.
Address & Contact,Address & Contact
Address & Contacts,Address & Contacts
Address And Contacts,Address And Contacts
Address Desc,Address Desc
Address HTML,Address HTML
Address Name,Address Name
Address and Contact,Address and Contact
Address and Contacts,Address and Contacts
Address needs to be linked to a Company. Please add a row for Company in the Links table.,Address needs to be linked to a Company. Please add a row for Company in the Links table.
Address used to determine Tax Category in transactions,Address used to determine Tax Category in transactions
Adjust Asset Value,Adjust Asset Value
Adjustment Against,Adjustment Against
Adjustment based on Purchase Invoice rate,Adjustment based on Purchase Invoice rate
Administrative Expenses,Administrative Expenses
Advance Account,Advance Account
Advance Account: {0} must be in either customer billing currency: {1} or Company default currency: {2},Advance Account: {0} must be in either customer billing currency: {1} or Company default currency: {2}
Advance Amount,Advance Amount
Advance Paid,Advance Paid
Advance Payment,Advance Payment
Advance Payment Date,Advance Payment Date
Advance Payment Ledger Entry,Advance Payment Ledger Entry
Advance Payments,Advance Payments
Advance Tax,Advance Tax
Advance Taxes and Charges,Advance Taxes and Charges
Advance Voucher No,Advance Voucher No
Advance Voucher Type,Advance Voucher Type
Advance amount,Advance amount
Advance amount cannot be greater than {0} {1},Advance amount cannot be greater than {0} {1}
Advance paid against {0} {1} cannot be greater than Grand Total {2},Advance paid against {0} {1} cannot be greater than Grand Total {2}
Advance payments allocated against orders will only be fetched,Advance payments allocated against orders will only be fetched
Advances,Advances
Affected Transactions,Affected Transactions
Against,Against
Against Account,Against Account
Against Blanket Order,Against Blanket Order
Against Customer Order {0},Against Customer Order {0}
Against Default Supplier,Against Default Supplier
Against Delivery Note Item,Against Delivery Note Item
Against Docname,Against Docname
Against Doctype,Against Doctype
Against Document Detail No,Against Document Detail No
Against Document No,Against Document No
Against Expense Account,Against Expense Account
Against Income Account,Against Income Account
Against Journal Entry {0} does not have any unmatched {1} entry,Against Journal Entry {0} does not have any unmatched {1} entry
Against Journal Entry {0} is already adjusted against some other voucher,Against Journal Entry {0} is already adjusted against some other voucher
Against Pick List,Against Pick List
Against Sales Invoice,Against Sales Invoice
Against Sales Invoice Item,Against Sales Invoice Item
Against Sales Order,Against Sales Order
Against Sales Order Item,Against Sales Order Item
Against Stock Entry,Against Stock Entry
Against Supplier Invoice {0},Against Supplier Invoice {0}
Against Voucher,Against Voucher
Against Voucher No,Against Voucher No
Against Voucher Type,Against Voucher Type
Age,Age
Age (Days),Age (Days)
Age ({0}),Age ({0})
Ageing Based On,Ageing Based On
Ageing Range,Ageing Range
Ageing Report based on,Ageing Report based on
Agenda,Agenda
Agent Busy Message,Agent Busy Message
Agent Details,Agent Details
Agent Group,Agent Group
Agent Unavailable Message,Agent Unavailable Message
Agents,Agents
Aggregate a group of Items into another Item. This is useful if you are maintaining the stock of the packed items and not the bundled item,Aggregate a group of Items into another Item. This is useful if you are maintaining the stock of the packed items and not the bundled item
Agriculture Manager,Agriculture Manager
Agriculture User,Agriculture User
Algorithm,Algorithm
All Accounts,All Accounts
All Activities,All Activities
All Activities HTML,All Activities HTML
All BOMs,All BOMs
All Contact,All Contact
All Customer Contact,All Customer Contact
All Customer Groups,All Customer Groups
All Departments,Toàn bộ phòng ban
All Employee (Active),All Employee (Active)
All Item Groups,All Item Groups
All Items,All Items
All Lead (Open),All Lead (Open)
All Sales Partner Contact,All Sales Partner Contact
All Sales Person,All Sales Person
All Sales Transactions can be tagged against multiple Sales Persons so that you can set and monitor targets.,All Sales Transactions can be tagged against multiple Sales Persons so that you can set and monitor targets.
All Supplier Contact,All Supplier Contact
All Supplier Groups,All Supplier Groups
All Territories,All Territories
All Warehouses,All Warehouses
All allocations have been successfully reconciled,All allocations have been successfully reconciled
All communications including and above this shall be moved into the new Issue,All communications including and above this shall be moved into the new Issue
All items have already been Invoiced/Returned,All items have already been Invoiced/Returned
All items have already been received,All items have already been received
All items have already been transferred for this Work Order.,All items have already been transferred for this Work Order.
All items in this document already have a linked Quality Inspection.,All items in this document already have a linked Quality Inspection.
All the Comments and Emails will be copied from one document to another newly created document(Lead -> Opportunity -> Quotation) throughout the CRM documents.,All the Comments and Emails will be copied from one document to another newly created document(Lead -> Opportunity -> Quotation) throughout the CRM documents.
"All the required items (raw materials) will be fetched from BOM and populated in this table. Here you can also change the Source Warehouse for any item. And during the production, you can track transferred raw materials from this table.","All the required items (raw materials) will be fetched from BOM and populated in this table. Here you can also change the Source Warehouse for any item. And during the production, you can track transferred raw materials from this table."
All these items have already been Invoiced/Returned,All these items have already been Invoiced/Returned
Allocate,Allocate
Allocate Advances Automatically (FIFO),Allocate Advances Automatically (FIFO)
Allocate Payment Amount,Allocate Payment Amount
Allocate Payment Based On Payment Terms,Allocate Payment Based On Payment Terms
Allocate Payment Request,Allocate Payment Request
Allocated,Allocated
Allocated Amount,Allocated Amount
Allocated Entries,Allocated Entries
Allocated To:,Allocated To:
Allocated amount,Allocated amount
Allocated amount cannot be greater than unadjusted amount,Allocated amount cannot be greater than unadjusted amount
Allocated amount cannot be negative,Allocated amount cannot be negative
Allocation,Allocation
Allocations,Allocations
Allotted Qty,Allotted Qty
Allow Account Creation Against Child Company,Allow Account Creation Against Child Company
Allow Alternative Item must be checked on Item {},Allow Alternative Item must be checked on Item {}
Allow Continuous Material Consumption,Allow Continuous Material Consumption
Allow Excess Material Transfer,Allow Excess Material Transfer
Allow Implicit Pegged Currency Conversion,Allow Implicit Pegged Currency Conversion
Allow In Returns,Allow In Returns
Allow Internal Transfers at Arm's Length Price,Allow Internal Transfers at Arm's Length Price
Allow Item To Be Added Multiple Times in a Transaction,Allow Item To Be Added Multiple Times in a Transaction
Allow Item to Be Added Multiple Times in a Transaction,Allow Item to Be Added Multiple Times in a Transaction
Allow Item to be Added Multiple Times in a Transaction,Allow Item to be Added Multiple Times in a Transaction
Allow Lead Duplication based on Emails,Allow Lead Duplication based on Emails
Allow Material Transfer from Delivery Note to Sales Invoice,Allow Material Transfer from Delivery Note to Sales Invoice
Allow Material Transfer from Purchase Receipt to Purchase Invoice,Allow Material Transfer from Purchase Receipt to Purchase Invoice
Allow Multiple Material Consumption,Allow Multiple Material Consumption
Allow Multiple Sales Orders Against a Customer's Purchase Order,Allow Multiple Sales Orders Against a Customer's Purchase Order
Allow Negative Stock,Allow Negative Stock
Allow Negative rates for Items,Allow Negative rates for Items
Allow Or Restrict Dimension,Allow Or Restrict Dimension
Allow Overtime,Allow Overtime
Allow Partial Payment,Allow Partial Payment
Allow Partial Reservation,Allow Partial Reservation
Allow Production on Holidays,Allow Production on Holidays
Allow Purchase,Allow Purchase
Allow Purchase Invoice Creation Without Purchase Order,Allow Purchase Invoice Creation Without Purchase Order
Allow Purchase Invoice Creation Without Purchase Receipt,Allow Purchase Invoice Creation Without Purchase Receipt
Allow Purchase Order with Zero Quantity,Allow Purchase Order with Zero Quantity
Allow Quotation with Zero Quantity,Allow Quotation with Zero Quantity
Allow Rename Attribute Value,Allow Rename Attribute Value
Allow Request for Quotation with Zero Quantity,Allow Request for Quotation with Zero Quantity
Allow Resetting Service Level Agreement,Allow Resetting Service Level Agreement
Allow Resetting Service Level Agreement from Support Settings.,Allow Resetting Service Level Agreement from Support Settings.
Allow Sales,Allow Sales
Allow Sales Invoice Creation Without Delivery Note,Allow Sales Invoice Creation Without Delivery Note
Allow Sales Invoice Creation Without Sales Order,Allow Sales Invoice Creation Without Sales Order
Allow Sales Order Creation For Expired Quotation,Allow Sales Order Creation For Expired Quotation
Allow Sales Order with Zero Quantity,Allow Sales Order with Zero Quantity
Allow Stale Exchange Rates,Allow Stale Exchange Rates
Allow Supplier Quotation with Zero Quantity,Allow Supplier Quotation with Zero Quantity
Allow UOM with Conversion Rate Defined in Item,Allow UOM with Conversion Rate Defined in Item
Allow User to Edit Discount,Allow User to Edit Discount
Allow User to Edit Price List Rate in Transactions,Allow User to Edit Price List Rate in Transactions
Allow User to Edit Rate,Allow User to Edit Rate
Allow Zero Rate,Allow Zero Rate
Allow Zero Valuation Rate,Allow Zero Valuation Rate
Allow existing Serial No to be Manufactured/Received again,Allow existing Serial No to be Manufactured/Received again
Allow material consumptions without immediately manufacturing finished goods against a Work Order,Allow material consumptions without immediately manufacturing finished goods against a Work Order
Allow multi-currency invoices against single party account,Allow multi-currency invoices against single party account
Allow to Edit Stock UOM Qty for Purchase Documents,Allow to Edit Stock UOM Qty for Purchase Documents
Allow to Edit Stock UOM Qty for Sales Documents,Allow to Edit Stock UOM Qty for Sales Documents
Allow to Make Quality Inspection after Purchase / Delivery,Allow to Make Quality Inspection after Purchase / Delivery
Allow transferring raw materials even after the Required Quantity is fulfilled,Allow transferring raw materials even after the Required Quantity is fulfilled
Allowed Dimension,Allowed Dimension
Allowed Doctypes,Allowed Doctypes
Allowed Items,Allowed Items
Allowed To Transact With,Allowed To Transact With
Allowed primary roles are 'Customer' and 'Supplier'. Please select one of these roles only.,Allowed primary roles are 'Customer' and 'Supplier'. Please select one of these roles only.
Allows to keep aside a specific quantity of inventory for a particular order.,Allows to keep aside a specific quantity of inventory for a particular order.
Allows users to submit Purchase Orders with zero quantity. Useful when rates are fixed but the quantities are not. Eg. Rate Contracts.,Allows users to submit Purchase Orders with zero quantity. Useful when rates are fixed but the quantities are not. Eg. Rate Contracts.
Allows users to submit Quotations with zero quantity. Useful when rates are fixed but the quantities are not. Eg. Rate Contracts.,Allows users to submit Quotations with zero quantity. Useful when rates are fixed but the quantities are not. Eg. Rate Contracts.
Allows users to submit Request for Quotations with zero quantity. Useful when rates are fixed but the quantities are not. Eg. Rate Contracts.,Allows users to submit Request for Quotations with zero quantity. Useful when rates are fixed but the quantities are not. Eg. Rate Contracts.
Allows users to submit Sales Orders with zero quantity. Useful when rates are fixed but the quantities are not. Eg. Rate Contracts.,Allows users to submit Sales Orders with zero quantity. Useful when rates are fixed but the quantities are not. Eg. Rate Contracts.
Allows users to submit Supplier Quotations with zero quantity. Useful when rates are fixed but the quantities are not. Eg. Rate Contracts.,Allows users to submit Supplier Quotations with zero quantity. Useful when rates are fixed but the quantities are not. Eg. Rate Contracts.
Already Picked,Already Picked
Already record exists for the item {0},Already record exists for the item {0}
"Already set default in pos profile {0} for user {1}, kindly disabled default","Already set default in pos profile {0} for user {1}, kindly disabled default"
Also you can't switch back to FIFO after setting the valuation method to Moving Average for this item.,Also you can't switch back to FIFO after setting the valuation method to Moving Average for this item.
Alternate Item,Alternate Item
Alternative Item Code,Alternative Item Code
Alternative Item Name,Alternative Item Name
Alternative Items,Alternative Items
Alternative item must not be same as item code,Alternative item must not be same as item code
"Alternatively, you can download the template and fill your data in.","Alternatively, you can download the template and fill your data in."
Amount (AED),Amount (AED)
Amount (Company Currency),Amount (Company Currency)
Amount Delivered,Amount Delivered
Amount Difference,Amount Difference
Amount Difference with Purchase Invoice,Amount Difference with Purchase Invoice
Amount Eligible for Commission,Amount Eligible for Commission
Amount In Figure,Amount In Figure
Amount in Account Currency,Amount in Account Currency
Amount in Words,Amount in Words
Amount in party's bank account currency,Amount in party's bank account currency
Amount in transaction currency,Amount in transaction currency
Amount to Bill,Amount to Bill
Amount {0} {1} against {2} {3},Amount {0} {1} against {2} {3}
Amount {0} {1} deducted against {2},Amount {0} {1} deducted against {2}
Amount {0} {1} transferred from {2} to {3},Amount {0} {1} transferred from {2} to {3}
Amount {0} {1} {2} {3},Amount {0} {1} {2} {3}
Amounts,Amounts
Amt,Amt
An error has been appeared while reposting item valuation via {0},An error has been appeared while reposting item valuation via {0}
An error occured for certain Items while creating Material Requests based on Re-order level. Please rectify these issues :,An error occured for certain Items while creating Material Requests based on Re-order level. Please rectify these issues :
An error occurred during the update process,An error occurred during the update process
Analysis Chart,Analysis Chart
Annual Billing: {0},Annual Billing: {0}
Annual Expenses,Annual Expenses
Annual Income,Annual Income
Annual Revenue,Annual Revenue
Another Budget record '{0}' already exists against {1} '{2}' and account '{3}' for fiscal year {4},Another Budget record '{0}' already exists against {1} '{2}' and account '{3}' for fiscal year {4}
"Another Cost Center Allocation record {0} applicable from {1}, hence this allocation will be applicable upto {2}","Another Cost Center Allocation record {0} applicable from {1}, hence this allocation will be applicable upto {2}"
Another Payment Request is already processed,Another Payment Request is already processed
Another Sales Person {0} exists with the same Employee id,Another Sales Person {0} exists with the same Employee id
"Any one of following filters required: warehouse, Item Code, Item Group","Any one of following filters required: warehouse, Item Code, Item Group"
Applicable Charges,Applicable Charges
Applicable Dimension,Applicable Dimension
Applicable Holiday List,Applicable Holiday List
Applicable Modules,Applicable Modules
Applicable On Account,Applicable On Account
Applicable To (Designation),Applicable To (Designation)
Applicable To (Employee),Applicable To (Employee)
Applicable To (Role),Applicable To (Role)
Applicable To (User),Applicable To (User)
Applicable for Countries,Applicable for Countries
Applicable for Users,Applicable for Users
Applicable for external driver,Applicable for external driver
"Applicable if the company is SpA, SApA or SRL","Applicable if the company is SpA, SApA or SRL"
Applicable if the company is a limited liability company,Applicable if the company is a limited liability company
Applicable if the company is an Individual or a Proprietorship,Applicable if the company is an Individual or a Proprietorship
Applicable on Material Request,Applicable on Material Request
Applicable on Purchase Order,Applicable on Purchase Order
Applicable on booking actual expenses,Applicable on booking actual expenses
Application of Funds (Assets),Application of Funds (Assets)
Applied Coupon Code,Applied Coupon Code
Applied on each reading.,Applied on each reading.
Applied putaway rules.,Applied putaway rules.
Applies To,Applies To
Apply Additional Discount On,Apply Additional Discount On
Apply Discount On,Apply Discount On
Apply Discount on Discounted Rate,Apply Discount on Discounted Rate
Apply Discount on Rate,Apply Discount on Rate
Apply Multiple Pricing Rules,Apply Multiple Pricing Rules
Apply On,Apply On
Apply Putaway Rule,Apply Putaway Rule
Apply Recursion Over (As Per Transaction UOM),Apply Recursion Over (As Per Transaction UOM)
Apply Rule On Brand,Apply Rule On Brand
Apply Rule On Item Code,Apply Rule On Item Code
Apply Rule On Item Group,Apply Rule On Item Group
Apply Rule On Other,Apply Rule On Other
Apply SLA for Resolution Time,Apply SLA for Resolution Time
Apply TDS,Apply TDS
Apply Tax Withholding Amount,Apply Tax Withholding Amount
Apply restriction on dimension values,Apply restriction on dimension values
Apply to All Inventory Documents,Apply to All Inventory Documents
Apply to Document,Apply to Document
Appointment,Appointment
Appointment Booking Settings,Appointment Booking Settings
Appointment Booking Slots,Appointment Booking Slots
Appointment Confirmation,Appointment Confirmation
Appointment Created Successfully,Appointment Created Successfully
Appointment Details,Appointment Details
Appointment Duration (In Minutes),Appointment Duration (In Minutes)
Appointment Scheduling Disabled,Appointment Scheduling Disabled
Appointment Scheduling has been disabled for this site,Appointment Scheduling has been disabled for this site
Appointment With,Appointment With
Appointment was created. But no lead was found. Please check the email to confirm,Appointment was created. But no lead was found. Please check the email to confirm
Approving Role (above authorized value),Approving Role (above authorized value)
Approving Role cannot be same as role the rule is Applicable To,Approving Role cannot be same as role the rule is Applicable To
Approving User  (above authorized value),Approving User  (above authorized value)
Approving User cannot be same as user the rule is Applicable To,Approving User cannot be same as user the rule is Applicable To
Approximately match the description/party name against parties,Approximately match the description/party name against parties
Are you sure you want to clear all demo data?,Are you sure you want to clear all demo data?
Are you sure you want to delete this Item?,Are you sure you want to delete this Item?
Are you sure you want to delete {0}?<p>This action will also delete all associated Common Code documents.</p>,Are you sure you want to delete {0}?<p>This action will also delete all associated Common Code documents.</p>
Are you sure you want to restart this subscription?,Are you sure you want to restart this subscription?
Area,Area
Area UOM,Area UOM
Arrival Quantity,Arrival Quantity
As On Date,As On Date
As on Date,As on Date
As per Stock UOM,As per Stock UOM
"As the field {0} is enabled, the field {1} is mandatory.","As the field {0} is enabled, the field {1} is mandatory."
"As the field {0} is enabled, the value of the field {1} should be more than 1.","As the field {0} is enabled, the value of the field {1} should be more than 1."
"As there are existing submitted transactions against item {0}, you can not change the value of {1}.","As there are existing submitted transactions against item {0}, you can not change the value of {1}."
"As there are negative stock, you can not enable {0}.","As there are negative stock, you can not enable {0}."
"As there are reserved stock, you cannot disable {0}.","As there are reserved stock, you cannot disable {0}."
"As there are sufficient Sub Assembly Items, Work Order is not required for Warehouse {0}.","As there are sufficient Sub Assembly Items, Work Order is not required for Warehouse {0}."
"As there are sufficient raw materials, Material Request is not required for Warehouse {0}.","As there are sufficient raw materials, Material Request is not required for Warehouse {0}."
"As {0} is enabled, you can not enable {1}.","As {0} is enabled, you can not enable {1}."
Assembly Items,Assembly Items
Asset,Asset
Asset Account,Asset Account
Asset Activity,Asset Activity
Asset Capitalization,Asset Capitalization
Asset Capitalization Asset Item,Asset Capitalization Asset Item
Asset Capitalization Service Item,Asset Capitalization Service Item
Asset Capitalization Stock Item,Asset Capitalization Stock Item
Asset Category Account,Asset Category Account
Asset Category Name,Asset Category Name
Asset Category is mandatory for Fixed Asset item,Asset Category is mandatory for Fixed Asset item
Asset Depreciation Cost Center,Asset Depreciation Cost Center
Asset Depreciation Details,Asset Depreciation Details
Asset Depreciation Ledger,Asset Depreciation Ledger
Asset Depreciation Schedule,Asset Depreciation Schedule
Asset Depreciation Schedule for Asset {0} and Finance Book {1} is not using shift based depreciation,Asset Depreciation Schedule for Asset {0} and Finance Book {1} is not using shift based depreciation
Asset Depreciation Schedule not found for Asset {0} and Finance Book {1},Asset Depreciation Schedule not found for Asset {0} and Finance Book {1}
Asset Depreciation Schedule {0} for Asset {1} already exists.,Asset Depreciation Schedule {0} for Asset {1} already exists.
Asset Depreciation Schedule {0} for Asset {1} and Finance Book {2} already exists.,Asset Depreciation Schedule {0} for Asset {1} and Finance Book {2} already exists.
"Asset Depreciation Schedules created:<br>{0}<br><br>Please check, edit if needed, and submit the Asset.","Asset Depreciation Schedules created:<br>{0}<br><br>Please check, edit if needed, and submit the Asset."
Asset Depreciations and Balances,Asset Depreciations and Balances
Asset Details,Asset Details
Asset Finance Book,Asset Finance Book
Asset ID,Asset ID
Asset Location,Asset Location
Asset Maintenance,Asset Maintenance
Asset Maintenance Log,Asset Maintenance Log
Asset Maintenance Task,Asset Maintenance Task
Asset Maintenance Team,Asset Maintenance Team
Asset Movement,Asset Movement
Asset Movement Item,Asset Movement Item
Asset Movement record {0} created,Asset Movement record {0} created
Asset Name,Asset Name
Asset Naming Series,Asset Naming Series
Asset Owner,Asset Owner
Asset Owner Company,Asset Owner Company
Asset Quantity,Asset Quantity
Asset Received But Not Billed,Asset Received But Not Billed
Asset Repair,Asset Repair
Asset Repair Consumed Item,Asset Repair Consumed Item
Asset Settings,Asset Settings
Asset Shift Allocation,Asset Shift Allocation
Asset Shift Factor,Asset Shift Factor
Asset Shift Factor {0} is set as default currently. Please change it first.,Asset Shift Factor {0} is set as default currently. Please change it first.
Asset Status,Asset Status
Asset Value,Asset Value
Asset Value Adjustment,Asset Value Adjustment
Asset Value Adjustment cannot be posted before Asset's purchase date <b>{0}</b>.,Asset Value Adjustment cannot be posted before Asset's purchase date <b>{0}</b>.
Asset Value Analytics,Asset Value Analytics
Asset cancelled,Asset cancelled
"Asset cannot be cancelled, as it is already {0}","Asset cannot be cancelled, as it is already {0}"
Asset capitalized after Asset Capitalization {0} was submitted,Asset capitalized after Asset Capitalization {0} was submitted
Asset created,Asset created
Asset created after Asset Capitalization {0} was submitted,Asset created after Asset Capitalization {0} was submitted
Asset created after being split from Asset {0},Asset created after being split from Asset {0}
Asset deleted,Asset deleted
Asset issued to Employee {0},Asset issued to Employee {0}
Asset out of order due to Asset Repair {0},Asset out of order due to Asset Repair {0}
Asset received at Location {0} and issued to Employee {1},Asset received at Location {0} and issued to Employee {1}
Asset restored,Asset restored
Asset restored after Asset Capitalization {0} was cancelled,Asset restored after Asset Capitalization {0} was cancelled
Asset returned,Asset returned
Asset scrapped,Asset scrapped
Asset scrapped via Journal Entry {0},Asset scrapped via Journal Entry {0}
Asset sold,Asset sold
Asset submitted,Asset submitted
Asset transferred to Location {0},Asset transferred to Location {0}
Asset updated after being split into Asset {0},Asset updated after being split into Asset {0}
Asset updated after cancellation of Asset Repair {0},Asset updated after cancellation of Asset Repair {0}
Asset updated after completion of Asset Repair {0},Asset updated after completion of Asset Repair {0}
"Asset {0} cannot be scrapped, as it is already {1}","Asset {0} cannot be scrapped, as it is already {1}"
Asset {0} does not belong to Item {1},Asset {0} does not belong to Item {1}
Asset {0} does not belong to company {1},Asset {0} does not belong to company {1}
Asset {0} does not belongs to the custodian {1},Asset {0} does not belongs to the custodian {1}
Asset {0} does not belongs to the location {1},Asset {0} does not belongs to the location {1}
Asset {0} does not exist,Asset {0} does not exist
Asset {0} has been created. Please set the depreciation details if any and submit it.,Asset {0} has been created. Please set the depreciation details if any and submit it.
Asset {0} has been updated. Please set the depreciation details if any and submit it.,Asset {0} has been updated. Please set the depreciation details if any and submit it.
Asset {0} is in {1} status and cannot be repaired.,Asset {0} is in {1} status and cannot be repaired.
Asset {0} is not set to calculate depreciation.,Asset {0} is not set to calculate depreciation.
Asset {0} is not submitted. Please submit the asset before proceeding.,Asset {0} is not submitted. Please submit the asset before proceeding.
Asset {0} must be submitted,Asset {0} must be submitted
Asset's depreciation schedule updated after Asset Shift Allocation {0},Asset's depreciation schedule updated after Asset Shift Allocation {0}
Asset's value adjusted after cancellation of Asset Value Adjustment {0},Asset's value adjusted after cancellation of Asset Value Adjustment {0}
Asset's value adjusted after submission of Asset Value Adjustment {0},Asset's value adjusted after submission of Asset Value Adjustment {0}
Assets,Assets
Assets not created for {0}. You will have to create asset manually.,Assets not created for {0}. You will have to create asset manually.
"Assets, Depreciations, Repairs, and more.","Assets, Depreciations, Repairs, and more."
Asset{is_plural} {assets_link} created for {item_code},Asset{is_plural} {assets_link} created for {item_code}
Assign Job to Employee,Assign Job to Employee
Assign to Name,Assign to Name
Assignment Conditions,Assignment Conditions
At Row #{0}: The picked quantity {1} for the item {2} is greater than available stock {3} for the batch {4} in the warehouse {5}. Please restock the item.,At Row #{0}: The picked quantity {1} for the item {2} is greater than available stock {3} for the batch {4} in the warehouse {5}. Please restock the item.
At Row #{0}: The picked quantity {1} for the item {2} is greater than available stock {3} in the warehouse {4}.,At Row #{0}: The picked quantity {1} for the item {2} is greater than available stock {3} in the warehouse {4}.
At least one account with exchange gain or loss is required,At least one account with exchange gain or loss is required
At least one mode of payment is required for POS invoice.,At least one mode of payment is required for POS invoice.
At least one of the Applicable Modules should be selected,At least one of the Applicable Modules should be selected
"At row #{0}: the Difference Account must not be a Stock type account, please change the Account Type for the account {1} or select a different account","At row #{0}: the Difference Account must not be a Stock type account, please change the Account Type for the account {1} or select a different account"
At row #{0}: the sequence id {1} cannot be less than previous row sequence id {2},At row #{0}: the sequence id {1} cannot be less than previous row sequence id {2}
"At row #{0}: you have selected the Difference Account {1}, which is a Cost of Goods Sold type account. Please select a different account","At row #{0}: you have selected the Difference Account {1}, which is a Cost of Goods Sold type account. Please select a different account"
At row {0}: Batch No is mandatory for Item {1},At row {0}: Batch No is mandatory for Item {1}
At row {0}: Parent Row No cannot be set for item {1},At row {0}: Parent Row No cannot be set for item {1}
At row {0}: Qty is mandatory for the batch {1},At row {0}: Qty is mandatory for the batch {1}
At row {0}: Serial No is mandatory for Item {1},At row {0}: Serial No is mandatory for Item {1}
At row {0}: Serial and Batch Bundle {1} has already created. Please remove the values from the serial no or batch no fields.,At row {0}: Serial and Batch Bundle {1} has already created. Please remove the values from the serial no or batch no fields.
At row {0}: set Parent Row No for item {1},At row {0}: set Parent Row No for item {1}
Atleast one asset has to be selected.,Atleast one asset has to be selected.
Atleast one invoice has to be selected.,Atleast one invoice has to be selected.
Atleast one item should be entered with negative quantity in return document,Atleast one item should be entered with negative quantity in return document
Atleast one of the Selling or Buying must be selected,Atleast one of the Selling or Buying must be selected
Atleast one warehouse is mandatory,Atleast one warehouse is mandatory
"Attach .csv file with two columns, one for the old name and one for the new name","Attach .csv file with two columns, one for the old name and one for the new name"
Attach CSV File,Attach CSV File
Attach custom Chart of Accounts file,Attach custom Chart of Accounts file
Attendance & Leaves,Attendance & Leaves
Attendance Device ID (Biometric/RF tag ID),Attendance Device ID (Biometric/RF tag ID)
Attribute,Thuộc tính
Attribute Name,Tên thuộc tính
Attribute Value,Giá trị thuộc tính
Attribute table is mandatory,Attribute table is mandatory
Attribute value: {0} must appear only once,Attribute value: {0} must appear only once
Attribute {0} selected multiple times in Attributes Table,Attribute {0} selected multiple times in Attributes Table
Attributes,Thuộc tính
Auditor,Auditor
Authentication Failed,Authentication Failed
Authorised By,Authorised By
Authorization Control,Authorization Control
Authorization Rule,Authorization Rule
Authorized Signatory,Authorized Signatory
Authorized Value,Authorized Value
Auto Create Assets on Purchase,Auto Create Assets on Purchase
Auto Create Exchange Rate Revaluation,Auto Create Exchange Rate Revaluation
Auto Create Purchase Receipt,Auto Create Purchase Receipt
Auto Create Serial and Batch Bundle For Outward,Auto Create Serial and Batch Bundle For Outward
Auto Create Subcontracting Order,Auto Create Subcontracting Order
Auto Created,Auto Created
Auto Created Serial and Batch Bundle,Auto Created Serial and Batch Bundle
Auto Creation of Contact,Auto Creation of Contact
Auto Fetch,Auto Fetch
Auto Fetch Serial Numbers,Auto Fetch Serial Numbers
Auto Insert Item Price If Missing,Auto Insert Item Price If Missing
Auto Material Request,Auto Material Request
Auto Material Requests Generated,Auto Material Requests Generated
Auto Opt In (For all customers),Auto Opt In (For all customers)
Auto Reconcile,Auto Reconcile
Auto Reconcile Payments,Auto Reconcile Payments
Auto Reconciliation,Auto Reconciliation
Auto Reconciliation Job Trigger,Auto Reconciliation Job Trigger
Auto Reconciliation has started in the background,Auto Reconciliation has started in the background
Auto Reconciliation of Payments has been disabled. Enable it through {0},Auto Reconciliation of Payments has been disabled. Enable it through {0}
Auto Repeat Detail,Auto Repeat Detail
Auto Reserve Serial and Batch Nos,Auto Reserve Serial and Batch Nos
Auto Reserve Stock for Sales Order on Purchase,Auto Reserve Stock for Sales Order on Purchase
Auto Tax Settings Error,Auto Tax Settings Error
Auto close Opportunity Replied after the no. of days mentioned above,Auto close Opportunity Replied after the no. of days mentioned above
Auto match and set the Party in Bank Transactions,Auto match and set the Party in Bank Transactions
Auto re-order,Auto re-order
Auto repeat document updated,Auto repeat document updated
Auto write off precision loss while consolidation,Auto write off precision loss while consolidation
Automatically Add Filtered Item To Cart,Automatically Add Filtered Item To Cart
Automatically Add Taxes and Charges from Item Tax Template,Automatically Add Taxes and Charges from Item Tax Template
Automatically Add Taxes from Taxes and Charges Template,Automatically Add Taxes from Taxes and Charges Template
Automatically Create New Batch,Automatically Create New Batch
Automatically Fetch Payment Terms from Order,Automatically Fetch Payment Terms from Order
Automatically Process Deferred Accounting Entry,Automatically Process Deferred Accounting Entry
Automatically post balancing accounting entry,Automatically post balancing accounting entry
Availability Of Slots,Availability Of Slots
Available,Available
Available Batch Qty at From Warehouse,Available Batch Qty at From Warehouse
Available Batch Qty at Warehouse,Available Batch Qty at Warehouse
Available Batch Report,Available Batch Report
Available For Use Date,Available For Use Date
Available Qty,Available Qty
Available Qty For Consumption,Available Qty For Consumption
Available Qty at Company,Available Qty at Company
Available Qty at Target Warehouse,Available Qty at Target Warehouse
Available Qty at Warehouse,Available Qty at Warehouse
Available Qty to Reserve,Available Qty to Reserve
Available Quantity,Available Quantity
Available Serial No,Available Serial No
Available Stock,Available Stock
Available Stock for Packing Items,Available Stock for Packing Items
Available for use date is required,Available for use date is required
"Available quantity is {0}, you need {1}","Available quantity is {0}, you need {1}"
Available {0},Available {0}
Available-for-use Date,Available-for-use Date
Available-for-use Date should be after purchase date,Available-for-use Date should be after purchase date
Average Age,Average Age
Average Completion,Average Completion
Average Discount,Average Discount
Average Rate,Average Rate
Average Response Time,Average Response Time
Average time taken by the supplier to deliver,Average time taken by the supplier to deliver
Avg Daily Outgoing,Avg Daily Outgoing
Avg Rate,Avg Rate
Avg Rate (Balance Stock),Avg Rate (Balance Stock)
Avg. Buying Price List Rate,Avg. Buying Price List Rate
Avg. Selling Price List Rate,Avg. Selling Price List Rate
Avg. Selling Rate,Avg. Selling Rate
B+,B+
B-,B-
BFS,BFS
BIN Qty,BIN Qty
BOM 1,BOM 1
BOM 1 {0} and BOM 2 {1} should not be same,BOM 1 {0} and BOM 2 {1} should not be same
BOM 2,BOM 2
BOM Comparison Tool,BOM Comparison Tool
BOM Created,BOM Created
BOM Creator,BOM Creator
BOM Creator Item,BOM Creator Item
BOM Detail No,BOM Detail No
BOM Explorer,BOM Explorer
BOM Explosion Item,BOM Explosion Item
BOM ID,BOM ID
BOM Info,BOM Info
BOM Item,BOM Item
BOM Level,BOM Level
BOM No. for a Finished Good Item,BOM No. for a Finished Good Item
BOM Operations Time,BOM Operations Time
BOM Qty,BOM Qty
BOM Rate,BOM Rate
BOM Scrap Item,BOM Scrap Item
BOM Search,BOM Search
BOM Stock Calculated,BOM Stock Calculated
BOM Stock Report,BOM Stock Report
BOM Tree,BOM Tree
BOM UoM,BOM UoM
BOM Update Batch,BOM Update Batch
BOM Update Initiated,BOM Update Initiated
BOM Update Log,BOM Update Log
BOM Update Tool,BOM Update Tool
BOM Update Tool Log with job status maintained,BOM Update Tool Log with job status maintained
BOM Updation already in progress. Please wait until {0} is complete.,BOM Updation already in progress. Please wait until {0} is complete.
BOM Updation is queued and may take a few minutes. Check {0} for progress.,BOM Updation is queued and may take a few minutes. Check {0} for progress.
BOM Variance Report,BOM Variance Report
BOM Website Item,BOM Website Item
BOM Website Operation,BOM Website Operation
BOM and Manufacturing Quantity are required,BOM and Manufacturing Quantity are required
BOM and Production,BOM and Production
BOM does not contain any stock item,BOM does not contain any stock item
BOM recursion: {0} cannot be child of {1},BOM recursion: {0} cannot be child of {1}
BOM recursion: {1} cannot be parent or child of {0},BOM recursion: {1} cannot be parent or child of {0}
BOM {0} does not belong to Item {1},BOM {0} does not belong to Item {1}
BOM {0} must be active,BOM {0} must be active
BOM {0} must be submitted,BOM {0} must be submitted
BOMs Updated,BOMs Updated
BOMs created successfully,BOMs created successfully
BOMs creation failed,BOMs creation failed
"BOMs creation has been enqueued, kindly check the status after some time","BOMs creation has been enqueued, kindly check the status after some time"
Backdated Stock Entry,Backdated Stock Entry
Backflush Raw Materials,Backflush Raw Materials
Backflush Raw Materials Based On,Backflush Raw Materials Based On
Backflush Raw Materials of Subcontract Based On,Backflush Raw Materials of Subcontract Based On
Balance,Balance
Balance (Dr - Cr),Balance (Dr - Cr)
Balance ({0}),Balance ({0})
Balance In Account Currency,Balance In Account Currency
Balance In Base Currency,Balance In Base Currency
Balance Qty (Stock),Balance Qty (Stock)
Balance Serial No,Balance Serial No
Balance Sheet,Balance Sheet
Balance Sheet Summary,Balance Sheet Summary
Balance Stock Value,Balance Stock Value
Balance Value,Balance Value
Balance for Account {0} must always be {1},Balance for Account {0} must always be {1}
Balance must be,Balance must be
Bank,Bank
Bank / Cash Account,Bank / Cash Account
Bank A/C No.,Bank A/C No.
Bank Account,Bank Account
Bank Account Details,Bank Account Details
Bank Account Info,Bank Account Info
Bank Account No,Bank Account No
Bank Account Subtype,Bank Account Subtype
Bank Account Type,Bank Account Type
Bank Account {} in Bank Transaction {} is not matching with Bank Account {},Bank Account {} in Bank Transaction {} is not matching with Bank Account {}
Bank Accounts,Bank Accounts
Bank Balance,Bank Balance
Bank Charges,Bank Charges
Bank Charges Account,Bank Charges Account
Bank Clearance,Bank Clearance
Bank Clearance Detail,Bank Clearance Detail
Bank Clearance Summary,Bank Clearance Summary
Bank Credit Balance,Bank Credit Balance
Bank Details,Bank Details
Bank Draft,Bank Draft
Bank Entry,Bank Entry
Bank Guarantee,Bank Guarantee
Bank Guarantee Number,Bank Guarantee Number
Bank Guarantee Type,Bank Guarantee Type
Bank Name,Bank Name
Bank Overdraft Account,Bank Overdraft Account
Bank Reconciliation Statement,Bank Reconciliation Statement
Bank Reconciliation Tool,Bank Reconciliation Tool
Bank Statement Import,Bank Statement Import
Bank Statement balance as per General Ledger,Bank Statement balance as per General Ledger
Bank Transaction,Bank Transaction
Bank Transaction Mapping,Bank Transaction Mapping
Bank Transaction Payments,Bank Transaction Payments
Bank Transaction {0} Matched,Bank Transaction {0} Matched
Bank Transaction {0} added as Journal Entry,Bank Transaction {0} added as Journal Entry
Bank Transaction {0} added as Payment Entry,Bank Transaction {0} added as Payment Entry
Bank Transaction {0} is already fully reconciled,Bank Transaction {0} is already fully reconciled
Bank Transaction {0} updated,Bank Transaction {0} updated
Bank account cannot be named as {0},Bank account cannot be named as {0}
Bank account {0} already exists and could not be created again,Bank account {0} already exists and could not be created again
Bank accounts added,Bank accounts added
Bank transaction creation error,Bank transaction creation error
Bank/Cash Account,Bank/Cash Account
Bank/Cash Account {0} doesn't belong to company {1},Bank/Cash Account {0} doesn't belong to company {1}
Banking,Banking
Barcode Type,Barcode Type
Barcode {0} already used in Item {1},Barcode {0} already used in Item {1}
Barcode {0} is not a valid {1} code,Barcode {0} is not a valid {1} code
Barcodes,Barcodes
Base Amount,Base Amount
Base Amount (Company Currency),Base Amount (Company Currency)
Base Change Amount (Company Currency),Base Change Amount (Company Currency)
Base Cost Per Unit,Base Cost Per Unit
Base Hour Rate(Company Currency),Base Hour Rate(Company Currency)
Base Rate,Base Rate
Base Tax Withholding Net Total,Base Tax Withholding Net Total
Base Total,Base Total
Base Total Billable Amount,Base Total Billable Amount
Base Total Billed Amount,Base Total Billed Amount
Base Total Costing Amount,Base Total Costing Amount
Based On Data ( in years ),Based On Data ( in years )
Based On Document,Based On Document
Based On Payment Terms,Based On Payment Terms
Based On Price List,Based On Price List
Based On Value,Based On Value
"Based on your HR Policy, select your leave allocation period's end date","Based on your HR Policy, select your leave allocation period's end date"
"Based on your HR Policy, select your leave allocation period's start date","Based on your HR Policy, select your leave allocation period's start date"
Basic Amount,Basic Amount
Basic Amount (Company Currency),Basic Amount (Company Currency)
Basic Rate (Company Currency),Basic Rate (Company Currency)
Basic Rate (as per Stock UOM),Basic Rate (as per Stock UOM)
Batch,Batch
Batch Description,Batch Description
Batch Details,Batch Details
Batch Expiry Date,Batch Expiry Date
Batch ID,Batch ID
Batch ID is mandatory,Batch ID is mandatory
Batch Item Expiry Status,Batch Item Expiry Status
Batch No is mandatory,Batch No is mandatory
Batch No {0} does not exists,Batch No {0} does not exists
Batch No {0} is linked with Item {1} which has serial no. Please scan serial no instead.,Batch No {0} is linked with Item {1} which has serial no. Please scan serial no instead.
"Batch No {0} is not present in the original {1} {2}, hence you can't return it against the {1} {2}","Batch No {0} is not present in the original {1} {2}, hence you can't return it against the {1} {2}"
Batch No.,Batch No.
Batch Nos,Batch Nos
Batch Nos are created successfully,Batch Nos are created successfully
Batch Not Available for Return,Batch Not Available for Return
Batch Number Series,Batch Number Series
Batch Qty,Batch Qty
Batch Quantity,Batch Quantity
Batch UOM,Batch UOM
Batch and Serial No,Batch and Serial No
Batch not created for item {} since it does not have a batch series.,Batch not created for item {} since it does not have a batch series.
Batch {0} and Warehouse,Batch {0} and Warehouse
Batch {0} is not available in warehouse {1},Batch {0} is not available in warehouse {1}
Batch {0} of Item {1} has expired.,Batch {0} of Item {1} has expired.
Batch {0} of Item {1} is disabled.,Batch {0} of Item {1} is disabled.
Batch-Wise Balance History,Batch-Wise Balance History
Batchwise Valuation,Batchwise Valuation
Before reconciliation,Before reconciliation
Begin On (Days),Begin On (Days)
Beginning of the current subscription period,Beginning of the current subscription period
Below Subscription Plans are of different currency to the party default billing currency/Company currency: {0},Below Subscription Plans are of different currency to the party default billing currency/Company currency: {0}
Bill Date,Bill Date
Bill No,Bill No
Bill for Rejected Quantity in Purchase Invoice,Bill for Rejected Quantity in Purchase Invoice
Bill of Materials,Bill of Materials
Billable Hours,Billable Hours
Billed,Billed
Billed Amount,Billed Amount
Billed Amt,Billed Amt
Billed Items To Be Received,Billed Items To Be Received
Billed Qty,Billed Qty
"Billed, Received & Returned","Billed, Received & Returned"
Billing Address,Billing Address
Billing Address Details,Billing Address Details
Billing Address Name,Billing Address Name
Billing Address does not belong to the {0},Billing Address does not belong to the {0}
Billing Amount,Billing Amount
Billing City,Billing City
Billing Country,Billing Country
Billing County,Billing County
Billing Currency,Billing Currency
Billing Date,Billing Date
Billing Details,Billing Details
Billing Email,Billing Email
Billing Hours,Billing Hours
Billing Interval,Billing Interval
Billing Interval Count,Billing Interval Count
Billing Interval Count cannot be less than 1,Billing Interval Count cannot be less than 1
Billing Interval in Subscription Plan must be Month to follow calendar months,Billing Interval in Subscription Plan must be Month to follow calendar months
Billing Rate,Billing Rate
Billing State,Billing State
Billing Status,Billing Status
Billing Zipcode,Billing Zipcode
Billing currency must be equal to either default company's currency or party account currency,Billing currency must be equal to either default company's currency or party account currency
Bin,Bin
Bin Qty Recalculated,Bin Qty Recalculated
Bio / Cover Letter,Bio / Cover Letter
Bisect Accounting Statements,Bisect Accounting Statements
Bisect Left,Bisect Left
Bisect Nodes,Bisect Nodes
Bisect Right,Bisect Right
Bisecting From,Bisecting From
Bisecting Left ...,Bisecting Left ...
Bisecting Right ...,Bisecting Right ...
Bisecting To,Bisecting To
Black,Black
Blanket Order,Blanket Order
Blanket Order Allowance (%),Blanket Order Allowance (%)
Blanket Order Item,Blanket Order Item
Blanket Order Rate,Blanket Order Rate
Block Invoice,Block Invoice
Block Supplier,Block Supplier
Blog Subscriber,Blog Subscriber
Blood Group,Blood Group
Body,Body
Body Text,Body Text
Body and Closing Text Help,Body and Closing Text Help
Bom No,Bom No
Book Advance Payments as Liability option is chosen. Paid From account changed from {0} to {1}.,Book Advance Payments as Liability option is chosen. Paid From account changed from {0} to {1}.
Book Advance Payments in Separate Party Account,Book Advance Payments in Separate Party Account
Book Appointment,Book Appointment
Book Asset Depreciation Entry Automatically,Book Asset Depreciation Entry Automatically
Book Deferred Entries Based On,Book Deferred Entries Based On
Book Deferred Entries Via Journal Entry,Book Deferred Entries Via Journal Entry
Book Tax Loss on Early Payment Discount,Book Tax Loss on Early Payment Discount
Book an appointment,Book an appointment
Booked,Booked
Booked Fixed Asset,Booked Fixed Asset
Booking stock value across multiple accounts will make it harder to track stock and account value.,Booking stock value across multiple accounts will make it harder to track stock and account value.
Books have been closed till the period ending on {0},Books have been closed till the period ending on {0}
Both,Both
Both Payable Account: {0} and Advance Account: {1} must be of same currency for company: {2},Both Payable Account: {0} and Advance Account: {1} must be of same currency for company: {2}
Both Receivable Account: {0} and Advance Account: {1} must be of same currency for company: {2},Both Receivable Account: {0} and Advance Account: {1} must be of same currency for company: {2}
Both Trial Period Start Date and Trial Period End Date must be set,Both Trial Period Start Date and Trial Period End Date must be set
Both {0} Account: {1} and Advance Account: {2} must be of same currency for company: {3},Both {0} Account: {1} and Advance Account: {2} must be of same currency for company: {3}
Branch,Branch
Branch Code,Branch Code
Brand Defaults,Brand Defaults
Brand Name,Brand Name
Breakdown,Breakdown
Browse Apps,Browse Apps
Budget,Budget
Budget Account,Budget Account
Budget Accounts,Budget Accounts
Budget Against,Budget Against
Budget Amount,Budget Amount
Budget Detail,Budget Detail
Budget Exceeded,Budget Exceeded
Budget List,Budget List
Budget Variance Report,Budget Variance Report
Budget cannot be assigned against Group Account {0},Budget cannot be assigned against Group Account {0}
"Budget cannot be assigned against {0}, as it's not an Income or Expense account","Budget cannot be assigned against {0}, as it's not an Income or Expense account"
Budgets,Budgets
Buffered Cursor,Buffered Cursor
Build All?,Build All?
Build Tree,Build Tree
Buildable Qty,Buildable Qty
Buildings,Buildings
Bulk Rename Jobs,Bulk Rename Jobs
Bulk Transaction Log,Bulk Transaction Log
Bulk Transaction Log Detail,Bulk Transaction Log Detail
Bundle Items,Bundle Items
Bundle Qty,Bundle Qty
Busy,Busy
Buy,Buy
Buyer of Goods and Services.,Buyer of Goods and Services.
Buying,Buying
Buying & Selling Settings,Buying & Selling Settings
Buying Amount,Buying Amount
Buying Price List,Buying Price List
Buying Rate,Buying Rate
Buying Settings,Buying Settings
Buying and Selling,Buying and Selling
"Buying must be checked, if Applicable For is selected as {0}","Buying must be checked, if Applicable For is selected as {0}"
"By default, the Supplier Name is set as per the Supplier Name entered. If you want Suppliers to be named by a <a href='https://docs.erpnext.com/docs/user/manual/en/setting-up/settings/naming-series' target='_blank'>Naming Series</a> choose the 'Naming Series' option.","By default, the Supplier Name is set as per the Supplier Name entered. If you want Suppliers to be named by a <a href='https://docs.erpnext.com/docs/user/manual/en/setting-up/settings/naming-series' target='_blank'>Naming Series</a> choose the 'Naming Series' option."
By {0},By {0}
Bypass Credit Limit Check at Sales Order,Bypass Credit Limit Check at Sales Order
Bypass credit check at Sales Order,Bypass credit check at Sales Order
CC To,CC To
CODE-39,CODE-39
COGS By Item Group,COGS By Item Group
COGS Debit,COGS Debit
CRM,CRM
CRM Note,CRM Note
CRM Settings,CRM Settings
CWIP Account,CWIP Account
Calculate Ageing With,Calculate Ageing With
Calculate Based On,Calculate Based On
Calculate Depreciation,Calculate Depreciation
Calculate Estimated Arrival Times,Calculate Estimated Arrival Times
Calculate Product Bundle Price based on Child Items' Rates,Calculate Product Bundle Price based on Child Items' Rates
Calculate daily depreciation using total days in depreciation period,Calculate daily depreciation using total days in depreciation period
Calculated Bank Statement balance,Calculated Bank Statement balance
Calculated Discount Mismatch,Calculated Discount Mismatch
Calculations,Calculations
Calendar Event,Calendar Event
Calibration,Calibration
Call Again,Call Again
Call Connected,Call Connected
Call Details,Call Details
Call Duration in seconds,Call Duration in seconds
Call Ended,Call Ended
Call Handling Schedule,Call Handling Schedule
Call Log,Call Log
Call Missed,Call Missed
Call Received By,Call Received By
Call Receiving Device,Call Receiving Device
Call Routing,Call Routing
Call Schedule Row {0}: To time slot should always be ahead of From time slot.,Call Schedule Row {0}: To time slot should always be ahead of From time slot.
Call Summary,Call Summary
Call Summary Saved,Call Summary Saved
Call Type,Call Type
Callback,Callback
Campaign Efficiency,Campaign Efficiency
Campaign Email Schedule,Campaign Email Schedule
Campaign Item,Campaign Item
Campaign Name,Campaign Name
Campaign Naming By,Campaign Naming By
Campaign Schedules,Campaign Schedules
Can be approved by {0},Can be approved by {0}
Can not close Work Order. Since {0} Job Cards are in Work In Progress state.,Can not close Work Order. Since {0} Job Cards are in Work In Progress state.
"Can not filter based on Cashier, if grouped by Cashier","Can not filter based on Cashier, if grouped by Cashier"
"Can not filter based on Child Account, if grouped by Account","Can not filter based on Child Account, if grouped by Account"
"Can not filter based on Customer, if grouped by Customer","Can not filter based on Customer, if grouped by Customer"
"Can not filter based on POS Profile, if grouped by POS Profile","Can not filter based on POS Profile, if grouped by POS Profile"
"Can not filter based on Payment Method, if grouped by Payment Method","Can not filter based on Payment Method, if grouped by Payment Method"
"Can not filter based on Voucher No, if grouped by Voucher","Can not filter based on Voucher No, if grouped by Voucher"
Can only make payment against unbilled {0},Can only make payment against unbilled {0}
Can refer row only if the charge type is 'On Previous Row Amount' or 'Previous Row Total',Can refer row only if the charge type is 'On Previous Row Amount' or 'Previous Row Total'
"Can't change the valuation method, as there are transactions against some items which do not have its own valuation method","Can't change the valuation method, as there are transactions against some items which do not have its own valuation method"
Cancel At End Of Period,Cancel At End Of Period
Cancel Material Visit {0} before cancelling this Warranty Claim,Cancel Material Visit {0} before cancelling this Warranty Claim
Cancel Material Visits {0} before cancelling this Maintenance Visit,Cancel Material Visits {0} before cancelling this Maintenance Visit
Cancel Subscription,Cancel Subscription
Cancel Subscription After Grace Period,Cancel Subscription After Grace Period
Cancelation Date,Cancelation Date
Cannot Calculate Arrival Time as Driver Address is Missing.,Cannot Calculate Arrival Time as Driver Address is Missing.
Cannot Create Return,Cannot Create Return
Cannot Merge,Cannot Merge
Cannot Optimize Route as Driver Address is Missing.,Cannot Optimize Route as Driver Address is Missing.
Cannot Relieve Employee,Cannot Relieve Employee
Cannot Resubmit Ledger entries for vouchers in Closed fiscal year.,Cannot Resubmit Ledger entries for vouchers in Closed fiscal year.
"Cannot amend {0} {1}, please create a new one instead.","Cannot amend {0} {1}, please create a new one instead."
Cannot apply TDS against multiple parties in one entry,Cannot apply TDS against multiple parties in one entry
Cannot be a fixed asset item as Stock Ledger is created.,Cannot be a fixed asset item as Stock Ledger is created.
Cannot cancel Asset Depreciation Schedule {0} as it has a draft journal entry {1}.,Cannot cancel Asset Depreciation Schedule {0} as it has a draft journal entry {1}.
Cannot cancel as processing of cancelled documents is pending.,Cannot cancel as processing of cancelled documents is pending.
Cannot cancel because submitted Stock Entry {0} exists,Cannot cancel because submitted Stock Entry {0} exists
Cannot cancel the transaction. Reposting of item valuation on submission is not completed yet.,Cannot cancel the transaction. Reposting of item valuation on submission is not completed yet.
Cannot cancel this document as it is linked with submitted asset {0}. Please cancel it to continue.,Cannot cancel this document as it is linked with submitted asset {0}. Please cancel it to continue.
Cannot cancel transaction for Completed Work Order.,Cannot cancel transaction for Completed Work Order.
Cannot change Attributes after stock transaction. Make a new Item and transfer stock to the new Item,Cannot change Attributes after stock transaction. Make a new Item and transfer stock to the new Item
Cannot change Fiscal Year Start Date and Fiscal Year End Date once the Fiscal Year is saved.,Cannot change Fiscal Year Start Date and Fiscal Year End Date once the Fiscal Year is saved.
Cannot change Reference Document Type.,Cannot change Reference Document Type.
Cannot change Service Stop Date for item in row {0},Cannot change Service Stop Date for item in row {0}
Cannot change Variant properties after stock transaction. You will have to make a new Item to do this.,Cannot change Variant properties after stock transaction. You will have to make a new Item to do this.
"Cannot change company's default currency, because there are existing transactions. Transactions must be cancelled to change the default currency.","Cannot change company's default currency, because there are existing transactions. Transactions must be cancelled to change the default currency."
Cannot complete task {0} as its dependant task {1} are not completed / cancelled.,Cannot complete task {0} as its dependant task {1} are not completed / cancelled.
Cannot convert Cost Center to ledger as it has child nodes,Cannot convert Cost Center to ledger as it has child nodes
Cannot convert Task to non-group because the following child Tasks exist: {0}.,Cannot convert Task to non-group because the following child Tasks exist: {0}.
Cannot convert to Group because Account Type is selected.,Cannot convert to Group because Account Type is selected.
Cannot covert to Group because Account Type is selected.,Cannot covert to Group because Account Type is selected.
Cannot create Stock Reservation Entries for future dated Purchase Receipts.,Cannot create Stock Reservation Entries for future dated Purchase Receipts.
Cannot create a Delivery Trip from Draft documents.,Cannot create a Delivery Trip from Draft documents.
Cannot create a pick list for Sales Order {0} because it has reserved stock. Please unreserve the stock in order to create a pick list.,Cannot create a pick list for Sales Order {0} because it has reserved stock. Please unreserve the stock in order to create a pick list.
Cannot create accounting entries against disabled accounts: {0},Cannot create accounting entries against disabled accounts: {0}
Cannot create return for consolidated invoice {0}.,Cannot create return for consolidated invoice {0}.
Cannot create root account.,Cannot create root account.
Cannot deactivate or cancel BOM as it is linked with other BOMs,Cannot deactivate or cancel BOM as it is linked with other BOMs
"Cannot declare as lost, because Quotation has been made.","Cannot declare as lost, because Quotation has been made."
Cannot deduct when category is for 'Valuation' or 'Valuation and Total',Cannot deduct when category is for 'Valuation' or 'Valuation and Total'
Cannot delete Exchange Gain/Loss row,Cannot delete Exchange Gain/Loss row
"Cannot delete Serial No {0}, as it is used in stock transactions","Cannot delete Serial No {0}, as it is used in stock transactions"
Cannot disassemble more than produced quantity.,Cannot disassemble more than produced quantity.
Cannot enqueue multi docs for one company. {0} is already queued/running for company: {1},Cannot enqueue multi docs for one company. {0} is already queued/running for company: {1}
Cannot ensure delivery by Serial No as Item {0} is added with and without Ensure Delivery by Serial No.,Cannot ensure delivery by Serial No as Item {0} is added with and without Ensure Delivery by Serial No.
Cannot find Item with this Barcode,Cannot find Item with this Barcode
Cannot find a default warehouse for item {0}. Please set one in the Item Master or in Stock Settings.,Cannot find a default warehouse for item {0}. Please set one in the Item Master or in Stock Settings.
Cannot make any transactions until the deletion job is completed,Cannot make any transactions until the deletion job is completed
Cannot produce more Item {0} than Sales Order quantity {1},Cannot produce more Item {0} than Sales Order quantity {1}
Cannot produce more item for {0},Cannot produce more item for {0}
Cannot produce more than {0} items for {1},Cannot produce more than {0} items for {1}
Cannot receive from customer against negative outstanding,Cannot receive from customer against negative outstanding
Cannot refer row number greater than or equal to current row number for this Charge type,Cannot refer row number greater than or equal to current row number for this Charge type
Cannot retrieve link token for update. Check Error Log for more information,Cannot retrieve link token for update. Check Error Log for more information
Cannot retrieve link token. Check Error Log for more information,Cannot retrieve link token. Check Error Log for more information
Cannot select charge type as 'On Previous Row Amount' or 'On Previous Row Total' for first row,Cannot select charge type as 'On Previous Row Amount' or 'On Previous Row Total' for first row
Cannot set as Lost as Sales Order is made.,Cannot set as Lost as Sales Order is made.
Cannot set authorization on basis of Discount for {0},Cannot set authorization on basis of Discount for {0}
Cannot set multiple Item Defaults for a company.,Cannot set multiple Item Defaults for a company.
Cannot set quantity less than delivered quantity,Cannot set quantity less than delivered quantity
Cannot set quantity less than received quantity,Cannot set quantity less than received quantity
Cannot set the field <b>{0}</b> for copying in variants,Cannot set the field <b>{0}</b> for copying in variants
Cannot {0} from {1} without any negative outstanding invoice,Cannot {0} from {1} without any negative outstanding invoice
Canonical URI,Canonical URI
Capacity,Capacity
Capacity (Stock UOM),Capacity (Stock UOM)
Capacity Planning,Capacity Planning
"Capacity Planning Error, planned start time can not be same as end time","Capacity Planning Error, planned start time can not be same as end time"
Capacity Planning For (Days),Capacity Planning For (Days)
Capacity in Stock UOM,Capacity in Stock UOM
Capacity must be greater than 0,Capacity must be greater than 0
Capital Equipments,Capital Equipments
Capital Stock,Capital Stock
Capital Work In Progress Account,Capital Work In Progress Account
Capital Work in Progress,Capital Work in Progress
Capitalization Method,Capitalization Method
Capitalize Asset,Capitalize Asset
Capitalize Repair Cost,Capitalize Repair Cost
Capitalized,Capitalized
Carrier,Carrier
Carrier Service,Carrier Service
Carry Forward Communication and Comments,Carry Forward Communication and Comments
Cash,Cash
Cash Entry,Cash Entry
Cash Flow,Cash Flow
Cash Flow Statement,Cash Flow Statement
Cash Flow from Financing,Cash Flow from Financing
Cash Flow from Investing,Cash Flow from Investing
Cash Flow from Operations,Cash Flow from Operations
Cash In Hand,Cash In Hand
Cash or Bank Account is mandatory for making payment entry,Cash or Bank Account is mandatory for making payment entry
Cash/Bank Account,Cash/Bank Account
Cashier,Cashier
Cashier Closing,Cashier Closing
Cashier Closing Payments,Cashier Closing Payments
Catch All,Catch All
Categorize By,Categorize By
Categorize by,Categorize by
Categorize by Account,Categorize by Account
Categorize by Item,Categorize by Item
Categorize by Party,Categorize by Party
Categorize by Supplier,Categorize by Supplier
Categorize by Voucher,Categorize by Voucher
Categorize by Voucher (Consolidated),Categorize by Voucher (Consolidated)
Category Details,Category Details
Category-wise Asset Value,Category-wise Asset Value
Caution,Caution
Caution: This might alter frozen accounts.,Caution: This might alter frozen accounts.
Cellphone Number,Cellphone Number
Certificate,Certificate
Certificate Details,Certificate Details
Certificate Limit,Certificate Limit
Certificate No,Certificate No
Certificate Required,Certificate Required
Change Amount,Change Amount
Change Release Date,Change Release Date
Change in Stock Value,Change in Stock Value
Change the account type to Receivable or select a different account.,Change the account type to Receivable or select a different account.
Change this date manually to setup the next synchronization start date,Change this date manually to setup the next synchronization start date
Changed customer name to '{}' as '{}' already exists.,Changed customer name to '{}' as '{}' already exists.
Changes,Changes
Changes in {0},Changes in {0}
Changing Customer Group for the selected Customer is not allowed.,Changing Customer Group for the selected Customer is not allowed.
"Changing the valuation method to Moving Average will affect new transactions. If backdated entries are added, earlier FIFO-based entries will be reposted, which may change closing balances.","Changing the valuation method to Moving Average will affect new transactions. If backdated entries are added, earlier FIFO-based entries will be reposted, which may change closing balances."
Channel Partner,Channel Partner
Charge of type 'Actual' in row {0} cannot be included in Item Rate or Paid Amount,Charge of type 'Actual' in row {0} cannot be included in Item Rate or Paid Amount
Chargeable,Chargeable
Chargeble,Chargeble
Charges Incurred,Charges Incurred
Charges are updated in Purchase Receipt against each item,Charges are updated in Purchase Receipt against each item
"Charges will be distributed proportionately based on item qty or amount, as per your selection","Charges will be distributed proportionately based on item qty or amount, as per your selection"
Chart Of Accounts,Chart Of Accounts
Chart Of Accounts Template,Chart Of Accounts Template
Chart Preview,Chart Preview
Chart Tree,Chart Tree
Chart of Accounts,Chart of Accounts
Chart of Accounts Importer,Chart of Accounts Importer
Chart of Cost Centers,Chart of Cost Centers
Charts Based On,Charts Based On
Chassis No,Chassis No
Check Stock Ledger,Check Stock Ledger
Check Stock Projected Qty,Check Stock Projected Qty
Check Supplier Invoice Number Uniqueness,Check Supplier Invoice Number Uniqueness
Check help to setup Routing,Check help to setup Routing
Check if Asset requires Preventive Maintenance or Calibration,Check if Asset requires Preventive Maintenance or Calibration
Check if it is a hydroponic unit,Check if it is a hydroponic unit
Check in (group),Check in (group)
Check this to disallow fractions. (for Nos),Check this to disallow fractions. (for Nos)
Checked On,Checked On
Checking this will round off the tax amount to the nearest integer,Checking this will round off the tax amount to the nearest integer
Checkout,Checkout
Checkout Order / Submit Order / New Order,Checkout Order / Submit Order / New Order
Cheque,Cheque
Cheque Date,Cheque Date
Cheque Height,Cheque Height
Cheque Number,Cheque Number
Cheque Print Template,Cheque Print Template
Cheque Size,Cheque Size
Cheque Width,Cheque Width
Cheque/Reference Date,Cheque/Reference Date
Cheque/Reference No,Cheque/Reference No
Cheques Required,Cheques Required
Cheques and Deposits Incorrectly cleared,Cheques and Deposits Incorrectly cleared
Cheques and Deposits incorrectly cleared,Cheques and Deposits incorrectly cleared
Child Docname,Child Docname
Child Row Reference,Child Row Reference
Child Task exists for this Task. You can not delete this Task.,Child Task exists for this Task. You can not delete this Task.
Child nodes can be only created under 'Group' type nodes,Child nodes can be only created under 'Group' type nodes
Child warehouse exists for this warehouse. You can not delete this warehouse.,Child warehouse exists for this warehouse. You can not delete this warehouse.
Choose a WIP composite asset,Choose a WIP composite asset
Circular Reference Error,Circular Reference Error
Class / Percentage,Class / Percentage
Classification of Customers by region,Classification of Customers by region
Clauses and Conditions,Clauses and Conditions
Clear Demo Data,Clear Demo Data
Clear Notifications,Clear Notifications
Clear Table,Clear Table
Clearance Date,Clearance Date
Clearance Date not mentioned,Clearance Date not mentioned
Clearance Date updated,Clearance Date updated
Clearing Demo Data...,Clearing Demo Data...
Click on 'Get Finished Goods for Manufacture' to fetch the items from the above Sales Orders. Items only for which a BOM is present will be fetched.,Click on 'Get Finished Goods for Manufacture' to fetch the items from the above Sales Orders. Items only for which a BOM is present will be fetched.
Click on Add to Holidays. This will populate the holidays table with all the dates that fall on the selected weekly off. Repeat the process for populating the dates for all your weekly holidays,Click on Add to Holidays. This will populate the holidays table with all the dates that fall on the selected weekly off. Repeat the process for populating the dates for all your weekly holidays
Click on Get Sales Orders to fetch sales orders based on the above filters.,Click on Get Sales Orders to fetch sales orders based on the above filters.
Click on Import Invoices button once the zip file has been attached to the document. Any errors related to processing will be shown in the Error Log.,Click on Import Invoices button once the zip file has been attached to the document. Any errors related to processing will be shown in the Error Log.
Click on the link below to verify your email and confirm the appointment,Click on the link below to verify your email and confirm the appointment
Click to add email / phone,Click to add email / phone
Close Issue After Days,Close Issue After Days
Close Loan,Close Loan
Close Replied Opportunity After Days,Close Replied Opportunity After Days
Close the POS,Close the POS
Closed Document,Closed Document
Closed Documents,Closed Documents
Closed Work Order can not be stopped or Re-opened,Closed Work Order can not be stopped or Re-opened
Closed order cannot be cancelled. Unclose to cancel.,Closed order cannot be cancelled. Unclose to cancel.
Closing,Closing
Closing (Cr),Closing (Cr)
Closing (Dr),Closing (Dr)
Closing (Opening + Total),Closing (Opening + Total)
Closing Account Head,Closing Account Head
Closing Account {0} must be of type Liability / Equity,Closing Account {0} must be of type Liability / Equity
Closing Amount,Closing Amount
Closing Balance,Closing Balance
Closing Balance as per Bank Statement,Closing Balance as per Bank Statement
Closing Balance as per ERP,Closing Balance as per ERP
Closing Date,Closing Date
Closing Stock Balance,Closing Stock Balance
Closing Text,Closing Text
Code List,Code List
Collect Progress,Collect Progress
Collection Factor (=1 LP),Collection Factor (=1 LP)
Collection Rules,Collection Rules
Collection Tier,Collection Tier
Colour,Colour
Column in Bank File,Column in Bank File
Columns are not according to template. Please compare the uploaded file with standard template,Columns are not according to template. Please compare the uploaded file with standard template
Combined invoice portion must equal 100%,Combined invoice portion must equal 100%
Commercial,Commercial
Commission,Commission
Commission Rate,Commission Rate
Commission Rate %,Commission Rate %
Commission Rate (%),Commission Rate (%)
Commission on Sales,Commission on Sales
Common Code,Common Code
Communication Channel,Communication Channel
Communication Channels,Communication Channels
Communication Medium,Communication Medium
Communication Medium Timeslot,Communication Medium Timeslot
Communication Medium Type,Communication Medium Type
Compact Item Print,Compact Item Print
Companies,Companies
Company Abbreviation,Company Abbreviation
Company Abbreviation cannot have more than 5 characters,Company Abbreviation cannot have more than 5 characters
Company Account,Company Account
Company Address,Company Address
Company Address Display,Company Address Display
Company Address Name,Company Address Name
Company Bank Account,Company Bank Account
Company Billing Address,Company Billing Address
Company Contact Person,Company Contact Person
Company Description,Company Description
Company Description for website homepage,Company Description for website homepage
Company Details,Company Details
Company Email,Email công ty
Company Logo,Company Logo
Company Name cannot be Company,Company Name cannot be Company
Company Not Linked,Company Not Linked
Company Shipping Address,Company Shipping Address
Company Tagline for website homepage,Company Tagline for website homepage
Company Tax ID,Company Tax ID
Company and Posting Date is mandatory,Company and Posting Date is mandatory
Company currencies of both the companies should match for Inter Company Transactions.,Company currencies of both the companies should match for Inter Company Transactions.
Company field is required,Company field is required
Company is manadatory for company account,Company is manadatory for company account
Company is mandatory,Company is mandatory
Company is mandatory for generating an invoice. Please set a default company in Global Defaults.,Company is mandatory for generating an invoice. Please set a default company in Global Defaults.
Company name not same,Company name not same
Company of asset {0} and purchase document {1} doesn't matches.,Company of asset {0} and purchase document {1} doesn't matches.
Company registration numbers for your reference. Tax numbers etc.,Company registration numbers for your reference. Tax numbers etc.
Company which internal customer represents,Company which internal customer represents
Company which internal customer represents.,Company which internal customer represents.
Company which internal supplier represents,Company which internal supplier represents
Company {0} added multiple times,Company {0} added multiple times
Company {0} does not exist,Company {0} does not exist
Company {0} is added more than once,Company {0} is added more than once
Company {} does not exist yet. Taxes setup aborted.,Company {} does not exist yet. Taxes setup aborted.
Company {} does not match with POS Profile Company {},Company {} does not match with POS Profile Company {}
Competitor,Competitor
Competitor Detail,Competitor Detail
Competitor Name,Competitor Name
Competitors,Competitors
Complete Job,Complete Job
Complete Order,Complete Order
Completed By,Completed By
Completed On,Completed On
Completed On cannot be greater than Today,Completed On cannot be greater than Today
Completed Operation,Completed Operation
Completed Qty cannot be greater than 'Qty to Manufacture',Completed Qty cannot be greater than 'Qty to Manufacture'
Completed Quantity,Completed Quantity
Completed Tasks,Completed Tasks
Completed Time,Completed Time
Completed Work Orders,Completed Work Orders
Completion,Completion
Completion By,Completion By
Completion Date,Completion Date
Completion Date can not be before Failure Date. Please adjust the dates accordingly.,Completion Date can not be before Failure Date. Please adjust the dates accordingly.
Completion Status,Completion Status
Comprehensive Insurance,Comprehensive Insurance
Computer,Computer
Conditional Rule,Conditional Rule
Conditional Rule Examples,Conditional Rule Examples
Conditions will be applied on all the selected items combined.,Conditions will be applied on all the selected items combined.
Configure Account Settings,Configure Account Settings
Configure Buying Settings.,Configure Buying Settings.
Configure Product Assembly,Configure Product Assembly
Configure the action to stop the transaction or just warn if the same rate is not maintained.,Configure the action to stop the transaction or just warn if the same rate is not maintained.
Configure the default Price List when creating a new Purchase transaction. Item prices will be fetched from this Price List.,Configure the default Price List when creating a new Purchase transaction. Item prices will be fetched from this Price List.
Confirmation Date,Confirmation Date
Consider Accounting Dimensions,Consider Accounting Dimensions
Consider Entire Party Ledger Amount,Consider Entire Party Ledger Amount
Consider Minimum Order Qty,Consider Minimum Order Qty
Consider Process Loss,Consider Process Loss
Consider Rejected Warehouses,Consider Rejected Warehouses
Consider Tax or Charge for,Consider Tax or Charge for
Considered In Paid Amount,Considered In Paid Amount
Consolidate Sales Order Items,Consolidate Sales Order Items
Consolidate Sub Assembly Items,Consolidate Sub Assembly Items
Consolidated,Consolidated
Consolidated Credit Note,Consolidated Credit Note
Consolidated Financial Statement,Consolidated Financial Statement
Consolidated Sales Invoice,Consolidated Sales Invoice
Consumable,Consumable
Consumed,Consumed
Consumed Amount,Consumed Amount
Consumed Asset Total Value,Consumed Asset Total Value
Consumed Assets,Consumed Assets
Consumed Items,Consumed Items
Consumed Quantity,Consumed Quantity
Consumed Stock Items,Consumed Stock Items
Consumed Stock Items or Consumed Asset Items are mandatory for creating new composite asset,Consumed Stock Items or Consumed Asset Items are mandatory for creating new composite asset
"Consumed Stock Items, Consumed Asset Items or Consumed Service Items is mandatory for Capitalization","Consumed Stock Items, Consumed Asset Items or Consumed Service Items is mandatory for Capitalization"
Consumed Stock Total Value,Consumed Stock Total Value
Consumption Rate,Consumption Rate
Contact Desc,Contact Desc
Contact HTML,Contact HTML
Contact Info,Contact Info
Contact Information,Contact Information
Contact List,Contact List
Contact Mobile,Contact Mobile
Contact Mobile No,Contact Mobile No
Contact Name,Contact Name
Contact No.,Contact No.
Contact Person,Contact Person
Contact Person does not belong to the {0},Contact Person does not belong to the {0}
Contact:,Contact:
Contacts,Contacts
Contra Entry,Contra Entry
Contract,Contract
Contract Details,Contract Details
Contract End Date,Contract End Date
Contract Fulfilment Checklist,Contract Fulfilment Checklist
Contract Period,Contract Period
Contract Template,Contract Template
Contract Template Fulfilment Terms,Contract Template Fulfilment Terms
Contract Template Help,Contract Template Help
Contract Terms,Contract Terms
Contract Terms and Conditions,Contract Terms and Conditions
Contribution %,Contribution %
Contribution (%),Contribution (%)
Contribution Amount,Contribution Amount
Contribution Qty,Contribution Qty
Contribution to Net Total,Contribution to Net Total
Control Action,Control Action
Control Historical Stock Transactions,Control Historical Stock Transactions
Conversion Factor,Conversion Factor
Conversion factor for default Unit of Measure must be 1 in row {0},Conversion factor for default Unit of Measure must be 1 in row {0}
Conversion factor for item {0} has been reset to 1.0 as the uom {1} is same as stock uom {2}.,Conversion factor for item {0} has been reset to 1.0 as the uom {1} is same as stock uom {2}.
Conversion rate cannot be 0,Conversion rate cannot be 0
"Conversion rate is 1.00, but document currency is different from company currency","Conversion rate is 1.00, but document currency is different from company currency"
Conversion rate must be 1.00 if document currency is same as company currency,Conversion rate must be 1.00 if document currency is same as company currency
Convert Item Description to Clean HTML in Transactions,Convert Item Description to Clean HTML in Transactions
Convert to Item Based Reposting,Convert to Item Based Reposting
Convert to Ledger,Convert to Ledger
Convert to Non-Group,Convert to Non-Group
Converted,Converted
Copied From,Copied From
Copy Fields to Variant,Copy Fields to Variant
Core,Core
Corrective,Corrective
Corrective Action,Corrective Action
Corrective Job Card,Corrective Job Card
Corrective/Preventive,Corrective/Preventive
Cost,Cost
Cost Center,Cost Center
Cost Center Allocation,Cost Center Allocation
Cost Center Allocation Percentage,Cost Center Allocation Percentage
Cost Center Allocation Percentages,Cost Center Allocation Percentages
Cost Center Name,Cost Center Name
Cost Center Number,Cost Center Number
Cost Center and Budgeting,Cost Center and Budgeting
Cost Center for Item rows has been updated to {0},Cost Center for Item rows has been updated to {0}
"Cost Center is a part of Cost Center Allocation, hence cannot be converted to a group","Cost Center is a part of Cost Center Allocation, hence cannot be converted to a group"
Cost Center is required in row {0} in Taxes table for type {1},Cost Center is required in row {0} in Taxes table for type {1}
Cost Center with Allocation records can not be converted to a group,Cost Center with Allocation records can not be converted to a group
Cost Center with existing transactions can not be converted to group,Cost Center with existing transactions can not be converted to group
Cost Center with existing transactions can not be converted to ledger,Cost Center with existing transactions can not be converted to ledger
Cost Center {0} cannot be used for allocation as it is used as main cost center in other allocation record.,Cost Center {0} cannot be used for allocation as it is used as main cost center in other allocation record.
Cost Center {} doesn't belong to Company {},Cost Center {} doesn't belong to Company {}
Cost Center {} is a group cost center and group cost centers cannot be used in transactions,Cost Center {} is a group cost center and group cost centers cannot be used in transactions
Cost Center: {0} does not exist,Cost Center: {0} does not exist
Cost Centers,Cost Centers
Cost Centers for Budgeting and Analysis,Cost Centers for Budgeting and Analysis
Cost Configuration,Cost Configuration
Cost Per Unit,Cost Per Unit
Cost of Delivered Items,Cost of Delivered Items
Cost of Goods Sold,Cost of Goods Sold
Cost of Goods Sold Account in Items Table,Cost of Goods Sold Account in Items Table
Cost of Issued Items,Cost of Issued Items
Cost of Poor Quality Report,Cost of Poor Quality Report
Cost of Purchased Items,Cost of Purchased Items
Cost of various activities,Cost of various activities
Cost to Company (CTC),Cost to Company (CTC)
Costing,Costing
Costing Amount,Costing Amount
Costing Details,Costing Details
Costing Rate,Costing Rate
Costing and Billing,Costing and Billing
Costing and Billing fields has been updated,Costing and Billing fields has been updated
Could Not Delete Demo Data,Could Not Delete Demo Data
Could not auto create Customer due to the following missing mandatory field(s):,Could not auto create Customer due to the following missing mandatory field(s):
Could not auto update shifts. Shift with shift factor {0} needed.,Could not auto update shifts. Shift with shift factor {0} needed.
"Could not create Credit Note automatically, please uncheck 'Issue Credit Note' and submit again","Could not create Credit Note automatically, please uncheck 'Issue Credit Note' and submit again"
Could not detect the Company for updating Bank Accounts,Could not detect the Company for updating Bank Accounts
Could not find path for,Could not find path for
Could not retrieve information for {0}.,Could not retrieve information for {0}.
Could not solve criteria score function for {0}. Make sure the formula is valid.,Could not solve criteria score function for {0}. Make sure the formula is valid.
Could not solve weighted score function. Make sure the formula is valid.,Could not solve weighted score function. Make sure the formula is valid.
"Could not update stock, invoice contains drop shipping item.","Could not update stock, invoice contains drop shipping item."
Country Code in File does not match with country code set up in the system,Country Code in File does not match with country code set up in the system
Country of Origin,Country of Origin
Coupon Code,Coupon Code
Coupon Code Based,Coupon Code Based
Coupon Description,Coupon Description
Coupon Name,Coupon Name
Coupon Type,Coupon Type
Create Chart Of Accounts Based On,Create Chart Of Accounts Based On
Create Delivery Note,Create Delivery Note
Create Delivery Trip,Create Delivery Trip
Create Depreciation Entry,Create Depreciation Entry
Create Employee,Create Employee
Create Employee Records,Create Employee Records
Create Employee records.,Create Employee records.
Create Grouped Asset,Create Grouped Asset
Create Inter Company Journal Entry,Create Inter Company Journal Entry
Create Invoices,Create Invoices
Create Job Card,Tạo LSX công đoạn
Create Job Card based on Batch Size,Create Job Card based on Batch Size
Create Journal Entries,Create Journal Entries
Create Journal Entry,Create Journal Entry
Create Lead,Create Lead
Create Leads,Create Leads
Create Ledger Entries for Change Amount,Create Ledger Entries for Change Amount
Create Link,Create Link
Create Missing Party,Create Missing Party
Create Multi-level BOM,Create Multi-level BOM
Create New Contact,Create New Contact
Create New Customer,Create New Customer
Create New Lead,Create New Lead
Create Opportunity,Create Opportunity
Create POS Opening Entry,Create POS Opening Entry
Create Payment Entry,Create Payment Entry
Create Pick List,Create Pick List
Create Print Format,Create Print Format
Create Prospect,Create Prospect
Create Purchase Order,Create Purchase Order
Create Purchase Orders,Create Purchase Orders
Create Quotation,Create Quotation
Create Raw Materials,Create Raw Materials
Create Receiver List,Create Receiver List
Create Reposting Entries,Create Reposting Entries
Create Reposting Entry,Create Reposting Entry
Create Sales Invoice,Create Sales Invoice
Create Sales Order,Create Sales Order
Create Sales Orders to help you plan your work and deliver on-time,Create Sales Orders to help you plan your work and deliver on-time
Create Sample Retention Stock Entry,Create Sample Retention Stock Entry
Create Stock Entry,Create Stock Entry
Create Supplier Quotation,Create Supplier Quotation
Create Tax Template,Create Tax Template
Create Timesheet,Create Timesheet
Create User,Create User
Create User Permission,Create User Permission
Create Users,Create Users
Create Variant,Tạo mẫu mã mới
Create Variants,Tạo mẫu mã mới
Create Workstation,Create Workstation
Create Your First Purchase Invoice,Create Your First Purchase Invoice
Create Your First Sales Invoice,Create Your First Sales Invoice
Create a Customer,Create a Customer
Create a Finished Good,Create a Finished Good
Create a Fixed Asset Item,Create a Fixed Asset Item
Create a Material Transfer Entry,Create a Material Transfer Entry
Create a Product,Create a Product
Create a Quotation,Create a Quotation
Create a Sales Item,Create a Sales Item
Create a Sales Order,Create a Sales Order
Create a Supplier,Thêm nhà cung cấp
Create a Warehouse,Create a Warehouse
Create a new Item,Create a new Item
Create a new composite asset,Create a new composite asset
Create a variant with the template image.,Create a variant with the template image.
Create an Asset,Create an Asset
Create an Asset Category,Create an Asset Category
Create an Asset Item,Create an Asset Item
Create an Item,Create an Item
Create an incoming stock transaction for the Item.,Create an incoming stock transaction for the Item.
Create and Send Quotation,Create and Send Quotation
Create customer quotes,Create customer quotes
Create first Purchase Order,Create first Purchase Order
Create in Draft Status,Create in Draft Status
Create missing customer or supplier.,Create missing customer or supplier.
Create your first Bill of Materials,Create your first Bill of Materials
Create your first Quotation,Create your first Quotation
Create your first Sales Order,Create your first Sales Order
Create your first Work Order,Create your first Work Order
Create {0} {1} ?,Create {0} {1} ?
Created {0} scorecards for {1} between:,Created {0} scorecards for {1} between:
Creating Accounts...,Creating Accounts...
Creating Delivery Note ...,Creating Delivery Note ...
Creating Dimensions...,Creating Dimensions...
Creating Journal Entries...,Creating Journal Entries...
Creating Packing Slip ...,Creating Packing Slip ...
Creating Purchase Invoices ...,Creating Purchase Invoices ...
Creating Purchase Order ...,Creating Purchase Order ...
Creating Purchase Receipt ...,Creating Purchase Receipt ...
Creating Sales Invoices ...,Creating Sales Invoices ...
Creating Stock Entry,Creating Stock Entry
Creating Subcontracting Order ...,Creating Subcontracting Order ...
Creating Subcontracting Receipt ...,Creating Subcontracting Receipt ...
Creating User...,Creating User...
Creating {} out of {} {},Creating {} out of {} {}
Creation,Creation
Creation Document No,Creation Document No
Creation of <b><a href='/app/{0}'>{1}(s)</a></b> successful,Creation of <b><a href='/app/{0}'>{1}(s)</a></b> successful
"Creation of {0} failed.\n\t\t\t\tCheck <b><a href=\""/app/bulk-transaction-log\"">Bulk Transaction Log</a></b>","Creation of {0} failed.\n\t\t\t\tCheck <b><a href=\""/app/bulk-transaction-log\"">Bulk Transaction Log</a></b>"
"Creation of {0} partially successful.\n\t\t\t\tCheck <b><a href=\""/app/bulk-transaction-log\"">Bulk Transaction Log</a></b>","Creation of {0} partially successful.\n\t\t\t\tCheck <b><a href=\""/app/bulk-transaction-log\"">Bulk Transaction Log</a></b>"
Credit,Credit
Credit (Transaction),Credit (Transaction)
Credit ({0}),Credit ({0})
Credit Account,Credit Account
Credit Amount,Credit Amount
Credit Amount in Account Currency,Credit Amount in Account Currency
Credit Amount in Transaction Currency,Credit Amount in Transaction Currency
Credit Balance,Credit Balance
Credit Card,Credit Card
Credit Card Entry,Credit Card Entry
Credit Days,Credit Days
Credit Limit,Credit Limit
Credit Limit Crossed,Credit Limit Crossed
Credit Limit Settings,Credit Limit Settings
Credit Limit and Payment Terms,Credit Limit and Payment Terms
Credit Limits,Credit Limits
Credit Months,Credit Months
Credit Note,Credit Note
Credit Note Amount,Credit Note Amount
Credit Note Issued,Credit Note Issued
"Credit Note will update it's own outstanding amount, even if 'Return Against' is specified.","Credit Note will update it's own outstanding amount, even if 'Return Against' is specified."
Credit Note {0} has been created automatically,Credit Note {0} has been created automatically
Credit To,Credit To
Credit in Company Currency,Credit in Company Currency
Credit limit has been crossed for customer {0} ({1}/{2}),Credit limit has been crossed for customer {0} ({1}/{2})
Credit limit is already defined for the Company {0},Credit limit is already defined for the Company {0}
Credit limit reached for customer {0},Credit limit reached for customer {0}
Creditors,Creditors
Criteria,Criteria
Criteria Formula,Criteria Formula
Criteria Name,Criteria Name
Criteria Setup,Criteria Setup
Criteria Weight,Criteria Weight
Criteria weights must add up to 100%,Criteria weights must add up to 100%
Cron Interval should be between 1 and 59 Min,Cron Interval should be between 1 and 59 Min
Cross Listing of Item in multiple groups,Cross Listing of Item in multiple groups
Cumulative Transaction Threshold,Cumulative Transaction Threshold
Currency Exchange,Currency Exchange
Currency Exchange Settings,Currency Exchange Settings
Currency Exchange Settings Details,Currency Exchange Settings Details
Currency Exchange Settings Result,Currency Exchange Settings Result
Currency Exchange must be applicable for Buying or for Selling.,Currency Exchange must be applicable for Buying or for Selling.
Currency and Price List,Currency and Price List
Currency can not be changed after making entries using some other currency,Currency can not be changed after making entries using some other currency
Currency for {0} must be {1},Currency for {0} must be {1}
Currency of the Closing Account must be {0},Currency of the Closing Account must be {0}
Currency of the price list {0} must be {1} or {2},Currency of the price list {0} must be {1} or {2}
Currency should be same as Price List Currency: {0},Currency should be same as Price List Currency: {0}
Current Address,Current Address
Current Address Is,Current Address Is
Current Amount,Current Amount
Current Asset,Current Asset
Current Asset Value,Current Asset Value
Current Assets,Current Assets
Current BOM,Current BOM
Current BOM and New BOM can not be same,Current BOM and New BOM can not be same
Current Exchange Rate,Current Exchange Rate
Current Index,Current Index
Current Invoice End Date,Current Invoice End Date
Current Invoice Start Date,Current Invoice Start Date
Current Level,Current Level
Current Liabilities,Current Liabilities
Current Liability,Current Liability
Current Node,Current Node
Current Qty,Current Qty
Current Serial / Batch Bundle,Current Serial / Batch Bundle
Current Serial No,Current Serial No
Current State,Current State
Current Status,Current Status
Current Stock,Current Stock
Current Valuation Rate,Current Valuation Rate
Custodian,Custodian
Custody,Custody
Custom Remarks,Custom Remarks
Custom delimiters,Custom delimiters
Customer,Customer
Customer / Item / Item Group,Customer / Item / Item Group
Customer / Lead Address,Customer / Lead Address
Customer Acquisition and Loyalty,Customer Acquisition and Loyalty
Customer Address,Customer Address
Customer Addresses And Contacts,Customer Addresses And Contacts
Customer Code,Customer Code
Customer Contact,Customer Contact
Customer Contact Email,Customer Contact Email
Customer Credit Balance,Customer Credit Balance
Customer Credit Limit,Customer Credit Limit
Customer Defaults,Customer Defaults
Customer Details,Customer Details
Customer Feedback,Customer Feedback
Customer Group,Customer Group
Customer Group Item,Customer Group Item
Customer Group Name,Customer Group Name
Customer Group: {0} does not exist,Customer Group: {0} does not exist
Customer Groups,Customer Groups
Customer Item,Customer Item
Customer Items,Customer Items
Customer LPO,Customer LPO
Customer LPO No.,Customer LPO No.
Customer Ledger Summary,Customer Ledger Summary
Customer Mobile No,Customer Mobile No
Customer Name,Customer Name
Customer Name:,Customer Name:
Customer Naming By,Customer Naming By
Customer PO,Customer PO
Customer PO Details,Customer PO Details
Customer POS Id,Customer POS Id
Customer POS id,Customer POS id
Customer Portal Users,Customer Portal Users
Customer Primary Address,Customer Primary Address
Customer Primary Contact,Customer Primary Contact
Customer Provided,Customer Provided
Customer Service,Customer Service
Customer Territory,Customer Territory
Customer Type,Customer Type
Customer Warehouse (Optional),Customer Warehouse (Optional)
Customer contact updated successfully.,Customer contact updated successfully.
Customer is required,Customer is required
Customer isn't enrolled in any Loyalty Program,Customer isn't enrolled in any Loyalty Program
Customer or Item,Customer or Item
Customer required for 'Customerwise Discount',Customer required for 'Customerwise Discount'
Customer {0} does not belong to project {1},Customer {0} does not belong to project {1}
Customer's Item Code,Customer's Item Code
Customer's Purchase Order,Customer's Purchase Order
Customer's Purchase Order Date,Customer's Purchase Order Date
Customer's Purchase Order No,Customer's Purchase Order No
Customer-wise Item Price,Customer-wise Item Price
Customer/Lead Name,Customer/Lead Name
Customer:,Customer:
Customers,Customers
Customers Without Any Sales Transactions,Customers Without Any Sales Transactions
Customers not selected.,Customers not selected.
Customerwise Discount,Customerwise Discount
Customize Homepage Sections,Customize Homepage Sections
Customs Tariff Number,Customs Tariff Number
D - E,D - E
DFS,DFS
Daily Project Summary for {0},Daily Project Summary for {0}
Daily Reminders,Daily Reminders
Daily Time to send,Daily Time to send
Daily Timesheet Summary,Daily Timesheet Summary
Data Based On,Data Based On
Data Fetch Method,Data Fetch Method
Data Import Configuration,Data Import Configuration
Data Import and Settings,Data Import and Settings
Date Based On,Date Based On
Date Of Retirement,Date Of Retirement
Date Settings,Date Settings
Date must be between {0} and {1},Date must be between {0} and {1}
Date of Birth cannot be greater than today.,Date of Birth cannot be greater than today.
Date of Commencement,Date of Commencement
Date of Commencement should be greater than Date of Incorporation,Date of Commencement should be greater than Date of Incorporation
Date of Establishment,Date of Establishment
Date of Incorporation,Date of Incorporation
Date of Issue,Date of Issue
Date of Transaction,Date of Transaction
Date:,Date:
Dates,Dates
Day Of Week,Day Of Week
Day to Send,Day to Send
Day(s) after invoice date,Day(s) after invoice date
Day(s) after the end of the invoice month,Day(s) after the end of the invoice month
Days Since Last Order,Days Since Last Order
Days Since Last order,Days Since Last order
Days Until Due,Days Until Due
Days before the current subscription period,Days before the current subscription period
DeLinked,DeLinked
Deal Owner,Deal Owner
Debit,Debit
Debit (Transaction),Debit (Transaction)
Debit ({0}),Debit ({0})
Debit Account,Debit Account
Debit Amount,Debit Amount
Debit Amount in Account Currency,Debit Amount in Account Currency
Debit Amount in Transaction Currency,Debit Amount in Transaction Currency
Debit Note,Debit Note
Debit Note Amount,Debit Note Amount
Debit Note Issued,Debit Note Issued
"Debit Note will update it's own outstanding amount, even if 'Return Against' is specified.","Debit Note will update it's own outstanding amount, even if 'Return Against' is specified."
Debit To,Debit To
Debit To is required,Debit To is required
Debit and Credit not equal for {0} #{1}. Difference is {2}.,Debit and Credit not equal for {0} #{1}. Difference is {2}.
Debit in Company Currency,Debit in Company Currency
Debit to,Debit to
Debit-Credit Mismatch,Debit-Credit Mismatch
Debit-Credit mismatch,Debit-Credit mismatch
Debtors,Debtors
Declare Lost,Declare Lost
Deduct,Deduct
Deductee Details,Deductee Details
Deductions or Loss,Deductions or Loss
Default Account,Default Account
Default Accounts,Default Accounts
Default Activity Cost exists for Activity Type - {0},Default Activity Cost exists for Activity Type - {0}
Default Advance Account,Default Advance Account
Default Advance Paid Account,Default Advance Paid Account
Default Advance Received Account,Default Advance Received Account
Default BOM,Default BOM
Default BOM ({0}) must be active for this item or its template,Default BOM ({0}) must be active for this item or its template
Default BOM for {0} not found,Default BOM for {0} not found
Default BOM not found for FG Item {0},Default BOM not found for FG Item {0}
Default BOM not found for Item {0} and Project {1},Default BOM not found for Item {0} and Project {1}
Default Bank Account,Default Bank Account
Default Billing Rate,Default Billing Rate
Default Buying Cost Center,Default Buying Cost Center
Default Buying Price List,Default Buying Price List
Default Buying Terms,Default Buying Terms
Default Cash Account,Default Cash Account
Default Common Code,Default Common Code
Default Company,Default Company
Default Company Bank Account,Default Company Bank Account
Default Cost Center,Default Cost Center
Default Cost of Goods Sold Account,Default Cost of Goods Sold Account
Default Costing Rate,Default Costing Rate
Default Currency,Default Currency
Default Customer Group,Default Customer Group
Default Deferred Expense Account,Default Deferred Expense Account
Default Deferred Revenue Account,Default Deferred Revenue Account
Default Dimension,Default Dimension
Default Discount Account,Default Discount Account
Default Distance Unit,Default Distance Unit
Default Expense Account,Default Expense Account
Default Finance Book,Default Finance Book
Default Finished Goods Warehouse,Default Finished Goods Warehouse
Default Holiday List,Default Holiday List
Default Income Account,Default Income Account
Default Inventory Account,Default Inventory Account
Default Item Group,Default Item Group
Default Item Manufacturer,Default Item Manufacturer
Default Manufacturer Part No,Default Manufacturer Part No
Default Material Request Type,Default Material Request Type
Default Operating Cost Account,Default Operating Cost Account
Default Payable Account,Default Payable Account
Default Payment Discount Account,Default Payment Discount Account
Default Payment Request Message,Default Payment Request Message
Default Payment Terms Template,Default Payment Terms Template
Default Price List,Default Price List
Default Priority,Default Priority
Default Provisional Account,Default Provisional Account
Default Purchase Unit of Measure,Default Purchase Unit of Measure
Default Quotation Validity Days,Default Quotation Validity Days
Default Receivable Account,Default Receivable Account
Default Sales Unit of Measure,Default Sales Unit of Measure
Default Scrap Warehouse,Default Scrap Warehouse
Default Selling Cost Center,Default Selling Cost Center
Default Selling Terms,Default Selling Terms
Default Service Level Agreement,Default Service Level Agreement
Default Service Level Agreement for {0} already exists.,Default Service Level Agreement for {0} already exists.
Default Stock UOM,Default Stock UOM
Default Supplier,Default Supplier
Default Supplier Group,Default Supplier Group
Default Territory,Default Territory
Default Unit of Measure for Item {0} cannot be changed directly because you have already made some transaction(s) with another UOM. You need to either cancel the linked documents or create a new Item.,Default Unit of Measure for Item {0} cannot be changed directly because you have already made some transaction(s) with another UOM. You need to either cancel the linked documents or create a new Item.
Default Unit of Measure for Item {0} cannot be changed directly because you have already made some transaction(s) with another UOM. You will need to create a new Item to use a different Default UOM.,Default Unit of Measure for Item {0} cannot be changed directly because you have already made some transaction(s) with another UOM. You will need to create a new Item to use a different Default UOM.
Default Unit of Measure for Variant '{0}' must be same as in Template '{1}',Default Unit of Measure for Variant '{0}' must be same as in Template '{1}'
Default Valuation Method,Default Valuation Method
Default Warehouse for Sales Return,Default Warehouse for Sales Return
Default Warehouses for Production,Default Warehouses for Production
Default Work In Progress Warehouse,Default Work In Progress Warehouse
Default account will be automatically updated in POS Invoice when this mode is selected.,Default account will be automatically updated in POS Invoice when this mode is selected.
Default settings for your stock-related transactions,Default settings for your stock-related transactions
"Default tax templates for sales, purchase and items are created.","Default tax templates for sales, purchase and items are created."
Default: 10 mins,Default: 10 mins
Deferred Accounting,Deferred Accounting
Deferred Accounting Defaults,Deferred Accounting Defaults
Deferred Accounting Settings,Deferred Accounting Settings
Deferred Expense,Deferred Expense
Deferred Expense Account,Deferred Expense Account
Deferred Revenue,Deferred Revenue
Deferred Revenue Account,Deferred Revenue Account
Deferred Revenue and Expense,Deferred Revenue and Expense
Deferred accounting failed for some invoices:,Deferred accounting failed for some invoices:
Define Asset Category,Define Asset Category
Define Project type.,Define Project type.
Delay (In Days),Delay (In Days)
Delay (in Days),Delay (in Days)
Delay between Delivery Stops,Delay between Delivery Stops
Delay in payment (Days),Delay in payment (Days)
Delayed Days,Delayed Days
Delayed Item Report,Delayed Item Report
Delayed Order Report,Delayed Order Report
Delayed Tasks Summary,Delayed Tasks Summary
Delete Accounting and Stock Ledger Entries on deletion of Transaction,Delete Accounting and Stock Ledger Entries on deletion of Transaction
Delete Bins,Delete Bins
Delete Cancelled Ledger Entries,Delete Cancelled Ledger Entries
Delete Dimension,Delete Dimension
Delete Leads and Addresses,Delete Leads and Addresses
Delete Transactions,Delete Transactions
Delete all the Transactions for this Company,Delete all the Transactions for this Company
Deleting {0} and all associated Common Code documents...,Deleting {0} and all associated Common Code documents...
Deletion in Progress!,Deletion in Progress!
Deletion is not permitted for country {0},Deletion is not permitted for country {0}
Delimiter options,Delimiter options
Delivered,Delivered
Delivered Amount,Delivered Amount
Delivered By Supplier,Delivered By Supplier
Delivered Items To Be Billed,Delivered Items To Be Billed
Delivered Qty,Delivered Qty
Delivered Qty (in Stock UOM),Delivered Qty (in Stock UOM)
Delivered Quantity,Delivered Quantity
Delivered by Supplier (Drop Ship),Delivered by Supplier (Drop Ship)
Delivered: {0},Delivered: {0}
Delivery,Delivery
Delivery Date,Delivery Date
Delivery Details,Delivery Details
Delivery Manager,Delivery Manager
Delivery Note,Delivery Note
Delivery Note Item,Delivery Note Item
Delivery Note No,Delivery Note No
Delivery Note Packed Item,Delivery Note Packed Item
Delivery Note Trends,Delivery Note Trends
Delivery Note {0} is not submitted,Delivery Note {0} is not submitted
Delivery Note(s) created for the Pick List,Delivery Note(s) created for the Pick List
Delivery Notes,Delivery Notes
Delivery Notes {0} updated,Delivery Notes {0} updated
Delivery Settings,Delivery Settings
Delivery Stop,Delivery Stop
Delivery Stops,Delivery Stops
Delivery To,Delivery To
Delivery Trip,Delivery Trip
Delivery User,Delivery User
Delivery Warehouse,Delivery Warehouse
Delivery to,Delivery to
Delivery warehouse required for stock item {0},Delivery warehouse required for stock item {0}
Demand,Demand
Demo Company,Demo Company
Demo data cleared,Demo data cleared
Departure Time,Departure Time
Dependant SLE Voucher Detail No,Dependant SLE Voucher Detail No
Dependent Task,Dependent Task
Dependent Task {0} is not a Template Task,Dependent Task {0} is not a Template Task
Dependent Tasks,Dependent Tasks
Depends on Tasks,Depends on Tasks
Deposit,Deposit
Depreciate based on daily pro-rata,Depreciate based on daily pro-rata
Depreciate based on shifts,Depreciate based on shifts
Depreciated Amount,Depreciated Amount
Depreciatied Amount,Depreciatied Amount
Depreciation,Depreciation
Depreciation Amount,Depreciation Amount
Depreciation Amount during the period,Depreciation Amount during the period
Depreciation Date,Depreciation Date
Depreciation Details,Depreciation Details
Depreciation Eliminated due to disposal of assets,Depreciation Eliminated due to disposal of assets
Depreciation Entry,Depreciation Entry
Depreciation Entry Posting Status,Depreciation Entry Posting Status
Depreciation Entry against asset {0},Depreciation Entry against asset {0}
Depreciation Entry against {0} worth {1},Depreciation Entry against {0} worth {1}
Depreciation Expense Account,Depreciation Expense Account
Depreciation Expense Account should be an Income or Expense Account.,Depreciation Expense Account should be an Income or Expense Account.
Depreciation Method,Depreciation Method
Depreciation Options,Depreciation Options
Depreciation Posting Date,Depreciation Posting Date
Depreciation Posting Date cannot be before Available-for-use Date,Depreciation Posting Date cannot be before Available-for-use Date
Depreciation Row {0}: Depreciation Posting Date cannot be before Available-for-use Date,Depreciation Row {0}: Depreciation Posting Date cannot be before Available-for-use Date
Depreciation Row {0}: Expected value after useful life must be greater than or equal to {1},Depreciation Row {0}: Expected value after useful life must be greater than or equal to {1}
Depreciation Row {0}: Next Depreciation Date cannot be before Available-for-use Date,Depreciation Row {0}: Next Depreciation Date cannot be before Available-for-use Date
Depreciation Row {0}: Next Depreciation Date cannot be before Purchase Date,Depreciation Row {0}: Next Depreciation Date cannot be before Purchase Date
Depreciation Schedule,Depreciation Schedule
Depreciation Schedule View,Depreciation Schedule View
Depreciation cannot be calculated for fully depreciated assets,Depreciation cannot be calculated for fully depreciated assets
Depreciation eliminated via reversal,Depreciation eliminated via reversal
Description of Content,Description of Content
Detailed Reason,Detailed Reason
Determine Address Tax Category From,Determine Address Tax Category From
Diesel,Diesel
Difference,Difference
Difference (Dr - Cr),Difference (Dr - Cr)
Difference Account,Difference Account
Difference Account in Items Table,Difference Account in Items Table
"Difference Account must be a Asset/Liability type account (Temporary Opening), since this Stock Entry is an Opening Entry","Difference Account must be a Asset/Liability type account (Temporary Opening), since this Stock Entry is an Opening Entry"
"Difference Account must be a Asset/Liability type account, since this Stock Reconciliation is an Opening Entry","Difference Account must be a Asset/Liability type account, since this Stock Reconciliation is an Opening Entry"
Difference Amount,Difference Amount
Difference Amount (Company Currency),Difference Amount (Company Currency)
Difference Amount must be zero,Difference Amount must be zero
Difference In,Difference In
Difference Posting Date,Difference Posting Date
Difference Qty,Difference Qty
Difference Value,Difference Value
Different 'Source Warehouse' and 'Target Warehouse' can be set for each row.,Different 'Source Warehouse' and 'Target Warehouse' can be set for each row.
Different UOM for items will lead to incorrect (Total) Net Weight value. Make sure that Net Weight of each item is in the same UOM.,Different UOM for items will lead to incorrect (Total) Net Weight value. Make sure that Net Weight of each item is in the same UOM.
Dimension Defaults,Dimension Defaults
Dimension Details,Dimension Details
Dimension Filter,Dimension Filter
Dimension Filter Help,Dimension Filter Help
Dimension Name,Dimension Name
Dimension-wise Accounts Balance Report,Dimension-wise Accounts Balance Report
Dimensions,Dimensions
Direct Expense,Direct Expense
Direct Expenses,Direct Expenses
Direct Income,Direct Income
Disable Capacity Planning,Disable Capacity Planning
Disable In Words,Disable In Words
Disable Last Purchase Rate,Disable Last Purchase Rate
Disable Rounded Total,Disable Rounded Total
Disable Serial No And Batch Selector,Disable Serial No And Batch Selector
Disable auto setting Grand Total to default Payment Mode,Disable auto setting Grand Total to default Payment Mode
Disabled Account Selected,Disabled Account Selected
Disabled Warehouse {0} cannot be used for this transaction.,Disabled Warehouse {0} cannot be used for this transaction.
Disabled pricing rules since this {} is an internal transfer,Disabled pricing rules since this {} is an internal transfer
Disabled tax included prices since this {} is an internal transfer,Disabled tax included prices since this {} is an internal transfer
Disabled template must not be default template,Disabled template must not be default template
Disables auto-fetching of existing quantity,Disables auto-fetching of existing quantity
Disassemble,Disassemble
Disassemble Order,Disassemble Order
Disburse Loan,Disburse Loan
Disbursed,Disbursed
Discount,Discount
Discount (%),Discount (%)
Discount (%) on Price List Rate with Margin,Discount (%) on Price List Rate with Margin
Discount Account,Discount Account
Discount Amount,Discount Amount
Discount Amount in Transaction,Discount Amount in Transaction
Discount Date,Discount Date
Discount Percentage,Discount Percentage
Discount Percentage in Transaction,Discount Percentage in Transaction
Discount Settings,Discount Settings
Discount Type,Discount Type
Discount Validity,Discount Validity
Discount Validity Based On,Discount Validity Based On
Discount and Margin,Discount and Margin
Discount cannot be greater than 100%,Discount cannot be greater than 100%
Discount cannot be greater than 100%.,Discount cannot be greater than 100%.
Discount must be less than 100,Discount must be less than 100
Discount of {} applied as per Payment Term,Discount of {} applied as per Payment Term
Discount on Other Item,Discount on Other Item
Discount on Price List Rate (%),Discount on Price List Rate (%)
Discounted Amount,Discounted Amount
Discounted Invoice,Discounted Invoice
Discounts,Discounts
"Discounts to be applied in sequential ranges like buy 1 get 1, buy 2 get 2, buy 3 get 3 and so on","Discounts to be applied in sequential ranges like buy 1 get 1, buy 2 get 2, buy 3 get 3 and so on"
Discrepancy between General and Payment Ledger,Discrepancy between General and Payment Ledger
Dislikes,Dislikes
Dispatch,Dispatch
Dispatch Address,Dispatch Address
Dispatch Address Details,Dispatch Address Details
Dispatch Address Name,Dispatch Address Name
Dispatch Address Template,Dispatch Address Template
Dispatch Information,Dispatch Information
Dispatch Notification,Dispatch Notification
Dispatch Notification Attachment,Dispatch Notification Attachment
Dispatch Notification Template,Dispatch Notification Template
Dispatch Settings,Dispatch Settings
Disposal Date,Disposal Date
Distance,Distance
Distance UOM,Distance UOM
Distance from left edge,Distance from left edge
Distance from top edge,Distance from top edge
Distinct Item and Warehouse,Distinct Item and Warehouse
Distinct unit of an Item,Distinct unit of an Item
Distribute Additional Costs Based On,Distribute Additional Costs Based On
Distribute Charges Based On,Distribute Charges Based On
Distribute Manually,Distribute Manually
Distributed Discount Amount,Distributed Discount Amount
Distribution Name,Distribution Name
Distributor,Distributor
Dividends Paid,Dividends Paid
Divorced,Divorced
Do Not Contact,Do Not Contact
Do Not Explode,Do Not Explode
Do Not Update Serial / Batch on Creation of Auto Bundle,Do Not Update Serial / Batch on Creation of Auto Bundle
Do Not Use Batch-wise Valuation,Do Not Use Batch-wise Valuation
Do not show any symbol like $ etc next to currencies.,Do not show any symbol like $ etc next to currencies.
Do not update variants on save,Do not update variants on save
Do you really want to restore this scrapped asset?,Do you really want to restore this scrapped asset?
Do you really want to scrap this asset?,Do you really want to scrap this asset?
Do you still want to enable immutable ledger?,Do you still want to enable immutable ledger?
Do you still want to enable negative inventory?,Do you still want to enable negative inventory?
Do you want to change valuation method?,Do you want to change valuation method?
Do you want to notify all the customers by email?,Do you want to notify all the customers by email?
Do you want to submit the material request,Do you want to submit the material request
DocTypes should not be added manually to the 'Excluded DocTypes' table. You are only allowed to remove entries from it.,DocTypes should not be added manually to the 'Excluded DocTypes' table. You are only allowed to remove entries from it.
Docs Search,Docs Search
Document Type already used as a dimension,Document Type already used as a dimension
Documents Processed on each trigger. Queue Size should be between 5 and 100,Documents Processed on each trigger. Queue Size should be between 5 and 100
Documents: {0} have deferred revenue/expense enabled for them. Cannot repost.,Documents: {0} have deferred revenue/expense enabled for them. Cannot repost.
Don't Enforce Free Item Qty,Don't Enforce Free Item Qty
Don't Reserve Sales Order Qty on Sales Return,Don't Reserve Sales Order Qty on Sales Return
Dont Recompute tax,Dont Recompute tax
Doors,Doors
Double Declining Balance,Double Declining Balance
Download CSV Template,Download CSV Template
Download PDF for Supplier,Download PDF for Supplier
Download Required Materials,Download Required Materials
Downtime,Downtime
Downtime (In Hours),Downtime (In Hours)
Downtime Analysis,Downtime Analysis
Downtime Entry,Downtime Entry
Driver,Driver
Driver Address,Driver Address
Driver Email,Driver Email
Driver Name,Driver Name
Driver licence class,Driver licence class
Driving License Categories,Driving License Categories
Driving License Category,Driving License Category
Drop Procedures,Drop Procedures
Drop Ship,Drop Ship
Drops existing SQL Procedures and Function setup by Accounts Receivable report,Drops existing SQL Procedures and Function setup by Accounts Receivable report
Due / Reference Date cannot be after {0},Due / Reference Date cannot be after {0}
Due Date cannot be before Posting / Supplier Invoice Date,Due Date cannot be before Posting / Supplier Invoice Date
Due Date is mandatory,Due Date is mandatory
Dunning,Dunning
Dunning Amount,Dunning Amount
Dunning Amount (Company Currency),Dunning Amount (Company Currency)
Dunning Fee,Dunning Fee
Dunning Letter,Dunning Letter
Dunning Letter Text,Dunning Letter Text
Dunning Level,Dunning Level
Dunning Type,Dunning Type
Duplicate Closing Stock Balance,Duplicate Closing Stock Balance
Duplicate Customer Group,Duplicate Customer Group
Duplicate Entry. Please check Authorization Rule {0},Duplicate Entry. Please check Authorization Rule {0}
Duplicate Finance Book,Duplicate Finance Book
Duplicate Item Group,Duplicate Item Group
Duplicate POS Invoices found,Duplicate POS Invoices found
Duplicate Project with Tasks,Duplicate Project with Tasks
Duplicate customer group found in the cutomer group table,Duplicate customer group found in the cutomer group table
Duplicate entry against the item code {0} and manufacturer {1},Duplicate entry against the item code {0} and manufacturer {1}
Duplicate item group found in the item group table,Duplicate item group found in the item group table
Duplicate project has been created,Duplicate project has been created
Duplicate row {0} with same {1},Duplicate row {0} with same {1}
Duplicate {0} found in the table,Duplicate {0} found in the table
Duration (Days),Duration (Days)
Duration in Days,Duration in Days
Duties and Taxes,Duties and Taxes
Dynamic Condition,Dynamic Condition
E-Invoicing Information Missing,E-Invoicing Information Missing
EAN,EAN
EAN-12,EAN-12
EAN-8,EAN-8
ERPNext Settings,ERPNext Settings
ERPNext User ID,ERPNext User ID
Each Transaction,Each Transaction
Earliest,Earliest
Earliest Age,Earliest Age
Earnest Money,Earnest Money
Edit Capacity,Edit Capacity
Edit Cart,Edit Cart
Edit Not Allowed,Edit Not Allowed
Edit Note,Edit Note
Edit Posting Date and Time,Edit Posting Date and Time
Edit Qty,Edit Qty
Edit Receipt,Edit Receipt
Editing {0} is not allowed as per POS Profile settings,Editing {0} is not allowed as per POS Profile settings
Education,Education
Educational Qualification,Educational Qualification
Either 'Selling' or 'Buying' must be selected,Either 'Selling' or 'Buying' must be selected
Either target qty or target amount is mandatory,Either target qty or target amount is mandatory
Either target qty or target amount is mandatory.,Either target qty or target amount is mandatory.
Electric,Electric
Electrical,Electrical
Electricity down,Electricity down
Electronic Equipments,Electronic Equipments
Electronic Invoice Register,Electronic Invoice Register
Email / Notifications,Email / Notifications
Email Address (required),Email Address (required)
"Email Address must be unique, it is already used in {0}","Email Address must be unique, it is already used in {0}"
Email Campaign,Email Campaign
Email Campaign For,Email Campaign For
Email Details,Email Details
Email Digest,Email Digest
Email Digest Recipient,Email Digest Recipient
Email Digest Settings,Email Digest Settings
Email Digest: {0},Email Digest: {0}
Email Receipt,Email Receipt
Email Sent to Supplier {0},Email Sent to Supplier {0}
Email or Phone/Mobile of the Contact are mandatory to continue.,Email or Phone/Mobile of the Contact are mandatory to continue.
Email sent successfully.,Email sent successfully.
Email sent to,Email sent to
Email sent to {0},Email sent to {0}
Email verification failed.,Email verification failed.
Emails Queued,Emails Queued
Emergency Contact,Emergency Contact
Employee Advance,Employee Advance
Employee Advances,Employee Advances
Employee Billing Summary,Employee Billing Summary
Employee Detail,Employee Detail
Employee Education,Employee Education
Employee Exit,Employee Exit
Employee External Work History,Employee External Work History
Employee Group,Employee Group
Employee Group Table,Employee Group Table
Employee ID,Employee ID
Employee Internal Work History,Employee Internal Work History
Employee Name,Employee Name
Employee Number,Mã nhân viên chính thức
Employee User Id,Employee User Id
Employee cannot report to himself.,Employee cannot report to himself.
Employee is required while issuing Asset {0},Employee is required while issuing Asset {0}
Employee {0} does not belongs to the company {1},Employee {0} does not belongs to the company {1}
Employee {0} is currently working on another workstation. Please assign another employee.,Employee {0} is currently working on another workstation. Please assign another employee.
Empty,Empty
Enable Allow Partial Reservation in the Stock Settings to reserve partial stock.,Enable Allow Partial Reservation in the Stock Settings to reserve partial stock.
Enable Appointment Scheduling,Enable Appointment Scheduling
Enable Auto Email,Enable Auto Email
Enable Auto Re-Order,Enable Auto Re-Order
Enable Automatic Party Matching,Enable Automatic Party Matching
Enable Capital Work in Progress Accounting,Enable Capital Work in Progress Accounting
Enable Common Party Accounting,Enable Common Party Accounting
Enable Deferred Expense,Enable Deferred Expense
Enable Deferred Revenue,Enable Deferred Revenue
Enable Discount Accounting for Selling,Enable Discount Accounting for Selling
Enable European Access,Enable European Access
Enable Fuzzy Matching,Enable Fuzzy Matching
Enable Health Monitor,Enable Health Monitor
Enable Immutable Ledger,Enable Immutable Ledger
Enable Perpetual Inventory,Enable Perpetual Inventory
Enable Provisional Accounting For Non Stock Items,Enable Provisional Accounting For Non Stock Items
Enable Stock Reservation,Enable Stock Reservation
Enable YouTube Tracking,Enable YouTube Tracking
Enable it if users want to consider rejected materials to dispatch.,Enable it if users want to consider rejected materials to dispatch.
Enable this checkbox even if you want to set the zero priority,Enable this checkbox even if you want to set the zero priority
"Enable this option to calculate daily depreciation by considering the total number of days in the entire depreciation period, (including leap years) while using daily pro-rata based depreciation","Enable this option to calculate daily depreciation by considering the total number of days in the entire depreciation period, (including leap years) while using daily pro-rata based depreciation"
Enable to apply SLA on every {0},Enable to apply SLA on every {0}
Enabling this checkbox will force each Job Card Time Log to have From Time and To Time,Enabling this checkbox will force each Job Card Time Log to have From Time and To Time
Enabling this ensures each Purchase Invoice has a unique value in Supplier Invoice No. field within a particular fiscal year,Enabling this ensures each Purchase Invoice has a unique value in Supplier Invoice No. field within a particular fiscal year
Enabling this option will allow you to record - <br><br> 1. Advances Received in a <b>Liability Account</b> instead of the <b>Asset Account</b><br><br>2. Advances Paid in an <b>Asset Account</b> instead of the <b> Liability Account</b>,Enabling this option will allow you to record - <br><br> 1. Advances Received in a <b>Liability Account</b> instead of the <b>Asset Account</b><br><br>2. Advances Paid in an <b>Asset Account</b> instead of the <b> Liability Account</b>
Enabling this will allow creation of multi-currency invoices against single party account in company currency,Enabling this will allow creation of multi-currency invoices against single party account in company currency
Enabling this will change the way how cancelled transactions are handled.,Enabling this will change the way how cancelled transactions are handled.
Encashment Date,Encashment Date
End Date cannot be before Start Date.,End Date cannot be before Start Date.
End Time,End Time
End Transit,End Transit
End Year,End Year
End Year cannot be before Start Year,End Year cannot be before Start Year
End date cannot be before start date,End date cannot be before start date
End date of current invoice's period,End date of current invoice's period
End of Life,End of Life
End of the current subscription period,End of the current subscription period
Enforce Time Logs,Enforce Time Logs
Enough Parts to Build,Enough Parts to Build
Ensure Delivery Based on Produced Serial No,Ensure Delivery Based on Produced Serial No
Enter API key in Google Settings.,Enter API key in Google Settings.
"Enter First and Last name of Employee, based on Which Full Name will be updated. IN transactions, it will be Full Name which will be fetched.","Enter First and Last name of Employee, based on Which Full Name will be updated. IN transactions, it will be Full Name which will be fetched."
Enter Manually,Enter Manually
Enter Serial Nos,Enter Serial Nos
Enter Supplier,Enter Supplier
Enter Visit Details,Enter Visit Details
Enter a name for Routing.,Enter a name for Routing.
"Enter a name for the Operation, for example, Cutting.","Enter a name for the Operation, for example, Cutting."
Enter a name for this Holiday List.,Enter a name for this Holiday List.
Enter amount to be redeemed.,Enter amount to be redeemed.
"Enter an Item Code, the name will be auto-filled the same as Item Code on clicking inside the Item Name field.","Enter an Item Code, the name will be auto-filled the same as Item Code on clicking inside the Item Name field."
Enter customer's email,Enter customer's email
Enter customer's phone number,Enter customer's phone number
Enter depreciation details,Enter depreciation details
Enter discount percentage.,Enter discount percentage.
Enter each serial no in a new line,Enter each serial no in a new line
Enter name of campaign if source of enquiry is campaign,Enter name of campaign if source of enquiry is campaign
Enter the Bank Guarantee Number before submittting.,Enter the Bank Guarantee Number before submittting.
"Enter the Operation, the table will fetch the Operation details like Hourly Rate, Workstation automatically.\n\n After that, set the Operation Time in minutes and the table will calculate the Operation Costs based on the Hourly Rate and Operation Time.","Enter the Operation, the table will fetch the Operation details like Hourly Rate, Workstation automatically.\n\n After that, set the Operation Time in minutes and the table will calculate the Operation Costs based on the Hourly Rate and Operation Time."
Enter the name of the Beneficiary before submittting.,Enter the name of the Beneficiary before submittting.
Enter the name of the bank or lending institution before submittting.,Enter the name of the bank or lending institution before submittting.
Enter the opening stock units.,Enter the opening stock units.
Enter the quantity of the Item that will be manufactured from this Bill of Materials.,Enter the quantity of the Item that will be manufactured from this Bill of Materials.
Enter the quantity to manufacture. Raw material Items will be fetched only when this is set.,Enter the quantity to manufacture. Raw material Items will be fetched only when this is set.
Enter {0} amount.,Enter {0} amount.
Entertainment Expenses,Entertainment Expenses
Entity,Entity
Entry Type,Entry Type
Equity,Equity
Equity/Liability Account,Equity/Liability Account
Error Description,Error Description
Error Occured,Error Occured
Error during caller information update,Error during caller information update
Error evaluating the criteria formula,Error evaluating the criteria formula
Error in party matching for Bank Transaction {0},Error in party matching for Bank Transaction {0}
Error while posting depreciation entries,Error while posting depreciation entries
Error while processing deferred accounting for {0},Error while processing deferred accounting for {0}
Error while reposting item valuation,Error while reposting item valuation
Error: Not a valid id?,Error: Not a valid id?
Error: This asset already has {0} depreciation periods booked.\n\t\t\t\tThe `depreciation start` date must be at least {1} periods after the `available for use` date.\n\t\t\t\tPlease correct the dates accordingly.,Error: This asset already has {0} depreciation periods booked.\n\t\t\t\tThe `depreciation start` date must be at least {1} periods after the `available for use` date.\n\t\t\t\tPlease correct the dates accordingly.
Error: {0} is mandatory field,Error: {0} is mandatory field
Errors Notification,Errors Notification
Estimated Arrival,Estimated Arrival
Estimated Cost,Estimated Cost
Estimated Time and Cost,Estimated Time and Cost
Evaluation Period,Evaluation Period
Example URL,Example URL
Example of a linked document: {0},Example of a linked document: {0}
"Example: ABCD.#####\nIf series is set and Serial No is not mentioned in transactions, then automatic serial number will be created based on this series. If you always want to explicitly mention Serial Nos for this item. leave this blank.","Example: ABCD.#####\nIf series is set and Serial No is not mentioned in transactions, then automatic serial number will be created based on this series. If you always want to explicitly mention Serial Nos for this item. leave this blank."
"Example: ABCD.#####. If series is set and Batch No is not mentioned in transactions, then automatic batch number will be created based on this series. If you always want to explicitly mention Batch No for this item, leave this blank. Note: this setting will take priority over the Naming Series Prefix in Stock Settings.","Example: ABCD.#####. If series is set and Batch No is not mentioned in transactions, then automatic batch number will be created based on this series. If you always want to explicitly mention Batch No for this item, leave this blank. Note: this setting will take priority over the Naming Series Prefix in Stock Settings."
Example: Serial No {0} reserved in {1}.,Example: Serial No {0} reserved in {1}.
Exception Budget Approver Role,Exception Budget Approver Role
Excess Materials Consumed,Excess Materials Consumed
Excess Transfer,Excess Transfer
Excessive machine set up time,Excessive machine set up time
Exchange Gain / Loss,Exchange Gain / Loss
Exchange Gain / Loss Account,Exchange Gain / Loss Account
Exchange Gain Or Loss,Exchange Gain Or Loss
Exchange Gain/Loss,Exchange Gain/Loss
Exchange Gain/Loss amount has been booked through {0},Exchange Gain/Loss amount has been booked through {0}
Exchange Rate,Exchange Rate
Exchange Rate Revaluation,Exchange Rate Revaluation
Exchange Rate Revaluation Account,Exchange Rate Revaluation Account
Exchange Rate Revaluation Settings,Exchange Rate Revaluation Settings
Exchange Rate must be same as {0} {1} ({2}),Exchange Rate must be same as {0} {1} ({2})
Excise Entry,Excise Entry
Excise Invoice,Excise Invoice
Excise Page Number,Excise Page Number
Excluded DocTypes,Excluded DocTypes
Execution,Execution
Exempt Supplies,Exempt Supplies
Existing Company,Existing Company
Exit Full Screen,Exit Full Screen
Exit Interview Held On,Exit Interview Held On
Expected,Expected
Expected Amount,Expected Amount
Expected Arrival Date,Expected Arrival Date
Expected Balance Qty,Expected Balance Qty
Expected Closing Date,Expected Closing Date
Expected Delivery Date should be after Sales Order Date,Expected Delivery Date should be after Sales Order Date
Expected End Date should be less than or equal to parent task's Expected End Date {0}.,Expected End Date should be less than or equal to parent task's Expected End Date {0}.
Expected Hrs,Expected Hrs
Expected Stock Value,Expected Stock Value
Expected Time (in hours),Expected Time (in hours)
Expected Value After Useful Life,Expected Value After Useful Life
Expense,Expense
Expense / Difference account ({0}) must be a 'Profit or Loss' account,Expense / Difference account ({0}) must be a 'Profit or Loss' account
Expense Account,Expense Account
Expense Account Missing,Expense Account Missing
Expense Claim,Expense Claim
Expense Head,Expense Head
Expense Head Changed,Expense Head Changed
Expense account is mandatory for item {0},Expense account is mandatory for item {0}
Expenses,Expenses
Expenses Included In Asset Valuation,Expenses Included In Asset Valuation
Expenses Included In Valuation,Expenses Included In Valuation
Expired Batches,Expired Batches
Expiry,Expiry
Expiry (In Days),Expiry (In Days)
Expiry Date,Expiry Date
Expiry Date Mandatory,Expiry Date Mandatory
Expiry Duration (in days),Expiry Duration (in days)
Exploded Items,Exploded Items
Exponential Smoothing Forecasting,Exponential Smoothing Forecasting
Export E-Invoices,Export E-Invoices
External Work History,External Work History
Extra Consumed Qty,Extra Consumed Qty
Extra Job Card Quantity,Extra Job Card Quantity
Extra Large,Extra Large
Extra Small,Extra Small
FIFO,FIFO
FIFO Queue vs Qty After Transaction Comparison,FIFO Queue vs Qty After Transaction Comparison
"FIFO Stock Queue (qty, rate)","FIFO Stock Queue (qty, rate)"
FIFO/LIFO Queue,FIFO/LIFO Queue
Failed Entries,Failed Entries
Failed to Authenticate the API key.,Failed to Authenticate the API key.
"Failed to erase demo data, please delete the demo company manually.","Failed to erase demo data, please delete the demo company manually."
Failed to install presets,Failed to install presets
Failed to login,Failed to login
Failed to post depreciation entries,Failed to post depreciation entries
Failed to setup company,Failed to setup company
Failed to setup defaults,Failed to setup defaults
Failed to setup defaults for country {0}. Please contact support.,Failed to setup defaults for country {0}. Please contact support.
Failure Date,Failure Date
Failure Description,Failure Description
Family Background,Family Background
Feedback By,Feedback By
Fees,Fees
Fetch Based On,Fetch Based On
Fetch Customers,Fetch Customers
Fetch Items from Warehouse,Fetch Items from Warehouse
Fetch Latest Exchange Rate,Fetch Latest Exchange Rate
Fetch Overdue Payments,Fetch Overdue Payments
Fetch Subscription Updates,Fetch Subscription Updates
Fetch Timesheet,Fetch Timesheet
Fetch Timesheet in Sales Invoice,Fetch Timesheet in Sales Invoice
Fetch Valuation Rate for Internal Transaction,Fetch Valuation Rate for Internal Transaction
Fetch Value From,Fetch Value From
Fetch exploded BOM (including sub-assemblies),Fetch exploded BOM (including sub-assemblies)
Fetch items based on Default Supplier.,Fetch items based on Default Supplier.
Fetched only {0} available serial numbers.,Fetched only {0} available serial numbers.
Fetching Error,Fetching Error
Fetching exchange rates ...,Fetching exchange rates ...
Fetching...,Fetching...
Field Mapping,Field Mapping
Field in Bank Transaction,Field in Bank Transaction
Fields will be copied over only at time of creation.,Fields will be copied over only at time of creation.
File to Rename,File to Rename
Filter Based On,Filter Based On
Filter Duration (Months),Filter Duration (Months)
Filter Total Zero Qty,Filter Total Zero Qty
Filter by Reference Date,Filter by Reference Date
Filter by invoice status,Filter by invoice status
Filter on Invoice,Filter on Invoice
Filter on Payment,Filter on Payment
Filters missing,Filters missing
Final Product,Final Product
Finance Book,Finance Book
Finance Book Detail,Finance Book Detail
Finance Book Id,Finance Book Id
Finance Books,Finance Books
Financial Ratios,Financial Ratios
Financial Reports,Financial Reports
Financial Statements,Financial Statements
Financial Year Begins On,Financial Year Begins On
Financial reports will be generated using GL Entry doctypes (should be enabled if Period Closing Voucher is not posted for all years sequentially or missing),Financial reports will be generated using GL Entry doctypes (should be enabled if Period Closing Voucher is not posted for all years sequentially or missing)
Finish,Finish
Finished Good,Finished Good
Finished Good BOM,Finished Good BOM
Finished Good Item,Finished Good Item
Finished Good Item Code,Finished Good Item Code
Finished Good Item Qty,Finished Good Item Qty
Finished Good Item Quantity,Finished Good Item Quantity
Finished Good Item is not specified for service item {0},Finished Good Item is not specified for service item {0}
Finished Good Item {0} Qty can not be zero,Finished Good Item {0} Qty can not be zero
Finished Good Item {0} must be a sub-contracted item,Finished Good Item {0} must be a sub-contracted item
Finished Good Qty,Finished Good Qty
Finished Good Quantity,Finished Good Quantity
Finished Good UOM,Finished Good UOM
Finished Good {0} does not have a default BOM.,Finished Good {0} does not have a default BOM.
Finished Good {0} is disabled.,Finished Good {0} is disabled.
Finished Good {0} must be a stock item.,Finished Good {0} must be a stock item.
Finished Good {0} must be a sub-contracted item.,Finished Good {0} must be a sub-contracted item.
Finished Goods,Finished Goods
Finished Goods Based Operating Cost,Finished Goods Based Operating Cost
Finished Goods Item,Finished Goods Item
Finished Goods Reference,Finished Goods Reference
Finished Goods Value,Finished Goods Value
Finished Goods Warehouse,Finished Goods Warehouse
Finished Goods based Operating Cost,Finished Goods based Operating Cost
Finished Item {0} does not match with Work Order {1},Finished Item {0} does not match with Work Order {1}
Finished Items,Finished Items
First Email,First Email
First Responded On,First Responded On
First Response Due,First Response Due
First Response SLA Failed by {},First Response SLA Failed by {}
First Response Time,First Response Time
First Response Time for Issues,First Response Time for Issues
First Response Time for Opportunity,First Response Time for Opportunity
"Fiscal Regime is mandatory, kindly set the fiscal regime in the company {0}","Fiscal Regime is mandatory, kindly set the fiscal regime in the company {0}"
Fiscal Year,Fiscal Year
Fiscal Year Company,Fiscal Year Company
Fiscal Year End Date should be one year after Fiscal Year Start Date,Fiscal Year End Date should be one year after Fiscal Year Start Date
Fiscal Year Start Date and Fiscal Year End Date are already set in Fiscal Year {0},Fiscal Year Start Date and Fiscal Year End Date are already set in Fiscal Year {0}
Fiscal Year {0} Does Not Exist,Fiscal Year {0} Does Not Exist
Fiscal Year {0} does not exist,Fiscal Year {0} does not exist
Fiscal Year {0} is required,Fiscal Year {0} is required
Fixed,Fixed
Fixed Asset,Fixed Asset
Fixed Asset Account,Fixed Asset Account
Fixed Asset Defaults,Fixed Asset Defaults
Fixed Asset Item must be a non-stock item.,Fixed Asset Item must be a non-stock item.
Fixed Asset Register,Fixed Asset Register
Fixed Assets,Fixed Assets
Fixed Deposit Number,Fixed Deposit Number
Fixed Rate,Fixed Rate
Fixed Time,Fixed Time
Fleet Manager,Fleet Manager
Floor,Floor
Floor Name,Floor Name
Focus on Item Group filter,Focus on Item Group filter
Focus on search input,Focus on search input
Folio no.,Folio no.
Follow Calendar Months,Follow Calendar Months
Following Material Requests have been raised automatically based on Item's re-order level,Following Material Requests have been raised automatically based on Item's re-order level
Following fields are mandatory to create address:,Following fields are mandatory to create address:
Following item {0} is not marked as {1} item. You can enable them as {1} item from its Item master,Following item {0} is not marked as {1} item. You can enable them as {1} item from its Item master
Following items {0} are not marked as {1} item. You can enable them as {1} item from its Item master,Following items {0} are not marked as {1} item. You can enable them as {1} item from its Item master
For,For
"For 'Product Bundle' items, Warehouse, Serial No and Batch No will be considered from the 'Packing List' table. If Warehouse and Batch No are same for all packing items for any 'Product Bundle' item, those values can be entered in the main Item table, values will be copied to 'Packing List' table.","For 'Product Bundle' items, Warehouse, Serial No and Batch No will be considered from the 'Packing List' table. If Warehouse and Batch No are same for all packing items for any 'Product Bundle' item, those values can be entered in the main Item table, values will be copied to 'Packing List' table."
For Buying,For Buying
For Company,For Company
For Default Supplier (Optional),For Default Supplier (Optional)
For Item,For Item
For Item {0} cannot be received more than {1} qty against the {2} {3},For Item {0} cannot be received more than {1} qty against the {2} {3}
For Price List,For Price List
For Production,For Production
For Quantity (Manufactured Qty) is mandatory,For Quantity (Manufactured Qty) is mandatory
"For Return Invoices with Stock effect, '0' qty Items are not allowed. Following rows are affected: {0}","For Return Invoices with Stock effect, '0' qty Items are not allowed. Following rows are affected: {0}"
For Selling,For Selling
For Supplier,For Supplier
For Warehouse,For Warehouse
For Warehouse is required before Submit,For Warehouse is required before Submit
For Work Order,For Work Order
"For an item {0}, quantity must be negative number","For an item {0}, quantity must be negative number"
"For an item {0}, quantity must be positive number","For an item {0}, quantity must be positive number"
For dunning fee and interest,For dunning fee and interest
"For e.g. 2012, 2012-13","For e.g. 2012, 2012-13"
For how much spent = 1 Loyalty Point,For how much spent = 1 Loyalty Point
For individual supplier,For individual supplier
"For item <b>{0}</b>, only <b>{1}</b> asset have been created or linked to <b>{2}</b>. Please create or link <b>{3}</b> more asset with the respective document.","For item <b>{0}</b>, only <b>{1}</b> asset have been created or linked to <b>{2}</b>. Please create or link <b>{3}</b> more asset with the respective document."
"For item {0}, rate must be a positive number. To Allow negative rates, enable {1} in {2}","For item {0}, rate must be a positive number. To Allow negative rates, enable {1} in {2}"
"For job card {0}, you can only make the 'Material Transfer for Manufacture' type stock entry","For job card {0}, you can only make the 'Material Transfer for Manufacture' type stock entry"
For operation {0}: Quantity ({1}) can not be greter than pending quantity({2}),For operation {0}: Quantity ({1}) can not be greter than pending quantity({2})
"For project {0}, update your status","For project {0}, update your status"
For quantity {0} should not be greater than allowed quantity {1},For quantity {0} should not be greater than allowed quantity {1}
For reference,For reference
"For row {0} in {1}. To include {2} in Item rate, rows {3} must also be included","For row {0} in {1}. To include {2} in Item rate, rows {3} must also be included"
For row {0}: Enter Planned Qty,For row {0}: Enter Planned Qty
For the 'Apply Rule On Other' condition the field {0} is mandatory,For the 'Apply Rule On Other' condition the field {0} is mandatory
"For the convenience of customers, these codes can be used in print formats like Invoices and Delivery Notes","For the convenience of customers, these codes can be used in print formats like Invoices and Delivery Notes"
"For the item {0}, the quantity should be {1} according to the BOM {2}.","For the item {0}, the quantity should be {1} according to the BOM {2}."
"For the new {0} to take effect, would you like to clear the current {1}?","For the new {0} to take effect, would you like to clear the current {1}?"
"For the {0}, no stock is available for the return in the warehouse {1}.","For the {0}, no stock is available for the return in the warehouse {1}."
"For the {0}, the quantity is required to make the return entry","For the {0}, the quantity is required to make the return entry"
Force-Fetch Subscription Updates,Force-Fetch Subscription Updates
Forecast,Forecast
Forecasting,Forecasting
Foreign Trade Details,Foreign Trade Details
Formula Based Criteria,Formula Based Criteria
Forum Activity,Forum Activity
Forum Posts,Forum Posts
Forum URL,Forum URL
Free Item,Free Item
Free Item Rate,Free Item Rate
Free item code is not selected,Free item code is not selected
Free item not set in the pricing rule {0},Free item not set in the pricing rule {0}
Freeze Stocks Older Than (Days),Freeze Stocks Older Than (Days)
Freight and Forwarding Charges,Freight and Forwarding Charges
Frequency To Collect Progress,Frequency To Collect Progress
Frequency of Depreciation (Months),Frequency of Depreciation (Months)
Frequently Read Articles,Frequently Read Articles
From BOM,From BOM
From Company,From Company
From Corrective Job Card,From Corrective Job Card
From Currency,From Currency
From Currency and To Currency cannot be same,From Currency and To Currency cannot be same
From Customer,From Customer
From Date and To Date are Mandatory,From Date and To Date are Mandatory
From Date and To Date are mandatory,From Date and To Date are mandatory
From Date and To Date lie in different Fiscal Year,From Date and To Date lie in different Fiscal Year
From Date can not be greater than To Date,From Date can not be greater than To Date
From Date cannot be greater than To Date,From Date cannot be greater than To Date
From Date is mandatory,From Date is mandatory
From Date must be before To Date,From Date must be before To Date
From Date should be within the Fiscal Year. Assuming From Date = {0},From Date should be within the Fiscal Year. Assuming From Date = {0}
From Date: {0} cannot be greater than To date: {1},From Date: {0} cannot be greater than To date: {1}
From Datetime,From Datetime
From Delivery Date,From Delivery Date
From Delivery Note,From Delivery Note
From Doctype,From Doctype
From Due Date,From Due Date
From Employee,From Employee
From Employee is required while issuing Asset {0},From Employee is required while issuing Asset {0}
From Fiscal Year,From Fiscal Year
From Folio No,From Folio No
From Invoice Date,From Invoice Date
From Lead,From Lead
From No,From No
From Opportunity,From Opportunity
From Package No.,From Package No.
From Payment Date,From Payment Date
From Posting Date,From Posting Date
From Prospect,From Prospect
From Range,From Range
From Range has to be less than To Range,From Range has to be less than To Range
From Reference Date,From Reference Date
From Shareholder,From Shareholder
From Template,From Template
From Time Should Be Less Than To Time,From Time Should Be Less Than To Time
From Value,From Value
From Voucher Detail No,From Voucher Detail No
From Voucher No,From Voucher No
From Voucher Type,From Voucher Type
From Warehouse,From Warehouse
From and To Dates are required.,From and To Dates are required.
From and To dates are required,From and To dates are required
From date cannot be greater than To date,From date cannot be greater than To date
From value must be less than to value in row {0},From value must be less than to value in row {0}
Frozen,Frozen
Fuel Type,Fuel Type
Fuel UOM,Fuel UOM
Fulfilled,Fulfilled
Fulfillment,Fulfillment
Fulfillment User,Fulfillment User
Fulfilment Deadline,Fulfilment Deadline
Fulfilment Details,Fulfilment Details
Fulfilment Status,Fulfilment Status
Fulfilment Terms,Fulfilment Terms
Fulfilment Terms and Conditions,Fulfilment Terms and Conditions
Full Screen,Full Screen
Full and Final Statement,Full and Final Statement
Fully Billed,Fully Billed
Fully Completed,Fully Completed
Fully Delivered,Fully Delivered
Fully Depreciated,Fully Depreciated
Furnitures and Fixtures,Furnitures and Fixtures
"Further accounts can be made under Groups, but entries can be made against non-Groups","Further accounts can be made under Groups, but entries can be made against non-Groups"
Further cost centers can be made under Groups but entries can be made against non-Groups,Further cost centers can be made under Groups but entries can be made against non-Groups
Future Payment Amount,Future Payment Amount
Future Payment Ref,Future Payment Ref
Future Payments,Future Payments
G - D,G - D
GL Balance,GL Balance
GL Entry,GL Entry
GL Entry Processing Status,GL Entry Processing Status
GL reposting index,GL reposting index
GS1,GS1
GTIN,GTIN
Gain/Loss,Gain/Loss
Gain/Loss Account on Asset Disposal,Gain/Loss Account on Asset Disposal
Gain/Loss accumulated in foreign currency account. Accounts with '0' balance in either Base or Account currency,Gain/Loss accumulated in foreign currency account. Accounts with '0' balance in either Base or Account currency
Gain/Loss already booked,Gain/Loss already booked
Gain/Loss from Revaluation,Gain/Loss from Revaluation
Gain/Loss on Asset Disposal,Gain/Loss on Asset Disposal
Gantt Chart,Gantt Chart
Gantt chart of all tasks.,Gantt chart of all tasks.
General Ledger,General Ledger
General and Payment Ledger Comparison,General and Payment Ledger Comparison
General and Payment Ledger mismatch,General and Payment Ledger mismatch
Generate Closing Stock Balance,Generate Closing Stock Balance
Generate Demo Data for Exploration,Generate Demo Data for Exploration
Generate E-Invoice,Generate E-Invoice
Generate Invoice At,Generate Invoice At
Generate New Invoices Past Due Date,Generate New Invoices Past Due Date
Generate Schedule,Generate Schedule
"Generate packing slips for packages to be delivered. Used to notify package number, package contents and its weight.","Generate packing slips for packages to be delivered. Used to notify package number, package contents and its weight."
Generated,Generated
Generating Preview,Generating Preview
Get Advances Paid,Get Advances Paid
Get Advances Received,Get Advances Received
Get Allocations,Get Allocations
Get Current Stock,Get Current Stock
Get Customer Group Details,Get Customer Group Details
Get Entries,Get Entries
Get Finished Goods for Manufacture,Get Finished Goods for Manufacture
Get Invocies,Get Invocies
Get Invoices,Get Invoices
Get Invoices based on Filters,Get Invoices based on Filters
Get Item Locations,Get Item Locations
Get Items From,Get Items From
Get Items From Purchase Receipts,Get Items From Purchase Receipts
Get Items from BOM,Get Items from BOM
Get Items from Material Requests against this Supplier,Get Items from Material Requests against this Supplier
Get Items from Open Material Requests,Get Items from Open Material Requests
Get Items from Product Bundle,Get Items from Product Bundle
Get Latest Query,Get Latest Query
Get Material Request,Get Material Request
Get Outstanding Invoices,Get Outstanding Invoices
Get Outstanding Orders,Get Outstanding Orders
Get Payment Entries,Get Payment Entries
Get Payments from,Get Payments from
Get Raw Materials Cost from Consumption Entry,Get Raw Materials Cost from Consumption Entry
Get Raw Materials for Purchase,Get Raw Materials for Purchase
Get Raw Materials for Transfer,Get Raw Materials for Transfer
Get Sales Orders,Get Sales Orders
Get Scrap Items,Get Scrap Items
Get Started Sections,Get Started Sections
Get Stock,Get Stock
Get Sub Assembly Items,Get Sub Assembly Items
Get Supplier Group Details,Get Supplier Group Details
Get Suppliers,Get Suppliers
Get Suppliers By,Get Suppliers By
Get Timesheets,Get Timesheets
Get Unreconciled Entries,Get Unreconciled Entries
Get Updates,Get Updates
Get stops from,Get stops from
Getting Scrap Items,Getting Scrap Items
Gift Card,Gift Card
Give free item for every N quantity,Give free item for every N quantity
Global Defaults,Global Defaults
Go back,Go back
GoCardless Settings,GoCardless Settings
Goal and Procedure,Goal and Procedure
Goals,Goals
Goods,Goods
Goods In Transit,Goods In Transit
Goods Transferred,Goods Transferred
Goods are already received against the outward entry {0},Goods are already received against the outward entry {0}
Government,Government
Grace Period,Grace Period
Graduate,Graduate
Grand Total,Grand Total
Grand Total (Company Currency),Grand Total (Company Currency)
Grant Commission,Grant Commission
Greater Than Amount,Greater Than Amount
Greeting Message,Greeting Message
Greeting Subtitle,Greeting Subtitle
Greeting Title,Greeting Title
Greetings Section,Greetings Section
Gross Margin,Gross Margin
Gross Margin %,Gross Margin %
Gross Profit,Gross Profit
Gross Profit / Loss,Gross Profit / Loss
Gross Profit Percent,Gross Profit Percent
Gross Purchase Amount,Gross Purchase Amount
Gross Purchase Amount Too Low: {0} cannot be depreciated over {1} cycles with a frequency of {2} depreciations.,Gross Purchase Amount Too Low: {0} cannot be depreciated over {1} cycles with a frequency of {2} depreciations.
Gross Purchase Amount is mandatory,Gross Purchase Amount is mandatory
Gross Purchase Amount should be <b>equal</b> to purchase amount of one single Asset.,Gross Purchase Amount should be <b>equal</b> to purchase amount of one single Asset.
Gross Weight,Gross Weight
Gross Weight UOM,Gross Weight UOM
Gross and Net Profit Report,Gross and Net Profit Report
Group By Customer,Group By Customer
Group By Supplier,Group By Supplier
Group Same Items,Group Same Items
Group Warehouses cannot be used in transactions. Please change the value of {0},Group Warehouses cannot be used in transactions. Please change the value of {0}
Group by,Group by
Group by Material Request,Group by Material Request
Group by Party,Group by Party
Group by Purchase Order,Group by Purchase Order
Group by Sales Order,Group by Sales Order
Group by Voucher,Group by Voucher
Group node warehouse is not allowed to select for transactions,Group node warehouse is not allowed to select for transactions
Group same items,Group same items
Groups,Groups
Growth View,Growth View
H - F,H - F
HR User,HR User
Half-Yearly,Half-Yearly
Handle Employee Advances,Handle Employee Advances
Hardware,Hardware
Has Alternative Item,Has Alternative Item
Has Certificate,Has Certificate
Has Corrective Cost,Has Corrective Cost
Has Expiry Date,Has Expiry Date
Has Item Scanned,Has Item Scanned
Has Print Format,Has Print Format
Has Priority,Has Priority
Has Unit Price Items,Has Unit Price Items
Have Default Naming Series for Batch ID?,Have Default Naming Series for Batch ID?
Heads (or groups) against which Accounting Entries are made and balances are maintained.,Heads (or groups) against which Accounting Entries are made and balances are maintained.
Health Details,Health Details
Height (cm),Height (cm)
"Hello,","Hello,"
Help Results for,Help Results for
Help Section,Help Section
Help Text,Help Text
Helps you distribute the Budget/Target across months if you have seasonality in your business.,Helps you distribute the Budget/Target across months if you have seasonality in your business.
Here are the error logs for the aforementioned failed depreciation entries: {0},Here are the error logs for the aforementioned failed depreciation entries: {0}
Here are the options to proceed:,Here are the options to proceed:
"Here you can maintain family details like name and occupation of parent, spouse and children","Here you can maintain family details like name and occupation of parent, spouse and children"
"Here you can maintain height, weight, allergies, medical concerns etc","Here you can maintain height, weight, allergies, medical concerns etc"
"Here, you can select a senior of this Employee. Based on this, Organization Chart will be populated.","Here, you can select a senior of this Employee. Based on this, Organization Chart will be populated."
"Here, your weekly offs are pre-populated based on the previous selections. You can add more rows to also add public and national holidays individually.","Here, your weekly offs are pre-populated based on the previous selections. You can add more rows to also add public and national holidays individually."
Hero Image,Hero Image
Hero Section,Hero Section
Hero Section Based On,Hero Section Based On
"Hi,","Hi,"
Hidden list maintaining the list of contacts linked to Shareholder,Hidden list maintaining the list of contacts linked to Shareholder
Hide Currency Symbol,Hide Currency Symbol
Hide Customer's Tax ID from Sales Transactions,Hide Customer's Tax ID from Sales Transactions
Hide Images,Hide Images
Hide Unavailable Items,Hide Unavailable Items
Hide timesheets,Hide timesheets
"Higher the number, higher the priority","Higher the number, higher the priority"
History In Company,History In Company
Hold,Hold
Hold Invoice,Hold Invoice
Hold Type,Hold Type
Holiday,Holiday
Holiday Date {0} added multiple times,Holiday Date {0} added multiple times
Holiday List Name,Holiday List Name
Holidays,Holidays
Homepage,Homepage
Homepage Section,Homepage Section
Homepage Section Card,Homepage Section Card
Homepage Slideshow,Homepage Slideshow
Hours Spent,Hours Spent
How frequently?,How frequently?
How often should Project and Company be updated based on Sales Transactions?,How often should Project and Company be updated based on Sales Transactions?
How often should Project be updated of Total Purchase Cost ?,How often should Project be updated of Total Purchase Cost ?
How to Navigate in ERPNext,How to Navigate in ERPNext
Hrs,Hrs
Human Resources,Human Resources
I - J,I - J
I - K,I - K
IBAN,IBAN
IBAN is not valid,IBAN is not valid
IRS 1099,IRS 1099
ISBN,ISBN
ISBN-10,ISBN-10
ISBN-13,ISBN-13
ISSN,ISSN
Id,Id
Identification of the package for the delivery (for print),Identification of the package for the delivery (for print)
Identifying Decision Makers,Identifying Decision Makers
Idle,Idle
"If \""Months\"" is selected, a fixed amount will be booked as deferred revenue or expense for each month irrespective of the number of days in a month. It will be prorated if deferred revenue or expense is not booked for an entire month","If \""Months\"" is selected, a fixed amount will be booked as deferred revenue or expense for each month irrespective of the number of days in a month. It will be prorated if deferred revenue or expense is not booked for an entire month"
If <b>Enabled</b> - Reconciliation happens on the <b>Advance Payment posting date</b><br>\nIf <b>Disabled</b> - Reconciliation happens on oldest of 2 Dates: <b>Invoice Date</b> or the <b>Advance Payment posting date</b><br>\n,If <b>Enabled</b> - Reconciliation happens on the <b>Advance Payment posting date</b><br>\nIf <b>Disabled</b> - Reconciliation happens on oldest of 2 Dates: <b>Invoice Date</b> or the <b>Advance Payment posting date</b><br>\n
"If Auto Opt In is checked, then the customers will be automatically linked with the concerned Loyalty Program (on save)","If Auto Opt In is checked, then the customers will be automatically linked with the concerned Loyalty Program (on save)"
If Income or Expense,If Income or Expense
"If an operation is divided into sub operations, they can be added here.","If an operation is divided into sub operations, they can be added here."
"If blank, parent Warehouse Account or company default will be considered in transactions","If blank, parent Warehouse Account or company default will be considered in transactions"
"If checked, Rejected Quantity will be included while making Purchase Invoice from Purchase Receipt.","If checked, Rejected Quantity will be included while making Purchase Invoice from Purchase Receipt."
"If checked, Stock will be reserved on <b>Submit</b>","If checked, Stock will be reserved on <b>Submit</b>"
"If checked, picked qty won't automatically be fulfilled on submit of pick list.","If checked, picked qty won't automatically be fulfilled on submit of pick list."
"If checked, the tax amount will be considered as already included in the Paid Amount in Payment Entry","If checked, the tax amount will be considered as already included in the Paid Amount in Payment Entry"
"If checked, the tax amount will be considered as already included in the Print Rate / Print Amount","If checked, the tax amount will be considered as already included in the Print Rate / Print Amount"
"If checked, we will create demo data for you to explore the system. This demo data can be erased later.","If checked, we will create demo data for you to explore the system. This demo data can be erased later."
If different than customer address,If different than customer address
"If disable, 'In Words' field will not be visible in any transaction","If disable, 'In Words' field will not be visible in any transaction"
"If disable, 'Rounded Total' field will not be visible in any transaction","If disable, 'Rounded Total' field will not be visible in any transaction"
If enabled then system won't apply the pricing rule on the delivery note which will be create from the pick list,If enabled then system won't apply the pricing rule on the delivery note which will be create from the pick list
If enabled then system won't override the picked qty / batches / serial numbers / warehouse.,If enabled then system won't override the picked qty / batches / serial numbers / warehouse.
"If enabled, a print of this document will be attached to each email","If enabled, a print of this document will be attached to each email"
"If enabled, additional ledger entries will be made for discounts in a separate Discount Account","If enabled, additional ledger entries will be made for discounts in a separate Discount Account"
"If enabled, all files attached to this document will be attached to each email","If enabled, all files attached to this document will be attached to each email"
"If enabled, do not update serial / batch values in the stock transactions on creation of auto Serial \n / Batch Bundle.","If enabled, do not update serial / batch values in the stock transactions on creation of auto Serial \n / Batch Bundle."
"If enabled, ledger entries will be posted for change amount in POS transactions","If enabled, ledger entries will be posted for change amount in POS transactions"
"If enabled, the consolidated invoices will have rounded total disabled","If enabled, the consolidated invoices will have rounded total disabled"
"If enabled, the item rate won't adjust to the valuation rate during internal transfers, but accounting will still use the valuation rate.","If enabled, the item rate won't adjust to the valuation rate during internal transfers, but accounting will still use the valuation rate."
"If enabled, the system will allow selecting UOMs in sales and purchase transactions only if the conversion rate is set in the item master.","If enabled, the system will allow selecting UOMs in sales and purchase transactions only if the conversion rate is set in the item master."
"If enabled, the system will create material requests even if the stock exists in the 'Raw Materials Warehouse'.","If enabled, the system will create material requests even if the stock exists in the 'Raw Materials Warehouse'."
"If enabled, the system will generate an accounting entry for materials rejected in the Purchase Receipt.","If enabled, the system will generate an accounting entry for materials rejected in the Purchase Receipt."
"If enabled, the system will use the moving average valuation method to calculate the valuation rate for the batched items and will not consider the individual batch-wise incoming rate.","If enabled, the system will use the moving average valuation method to calculate the valuation rate for the batched items and will not consider the individual batch-wise incoming rate."
"If enabled, then system will only validate the pricing rule and not apply automatically. User has to manually set the discount percentage / margin / free items to validate the pricing rule","If enabled, then system will only validate the pricing rule and not apply automatically. User has to manually set the discount percentage / margin / free items to validate the pricing rule"
"If item is a variant of another item then description, image, pricing, taxes etc will be set from the template unless explicitly specified","If item is a variant of another item then description, image, pricing, taxes etc will be set from the template unless explicitly specified"
"If mentioned, the system will allow only the users with this Role to create or modify any stock transaction earlier than the latest stock transaction for a specific item and warehouse. If set as blank, it allows all users to create/edit back-dated transactions.","If mentioned, the system will allow only the users with this Role to create or modify any stock transaction earlier than the latest stock transaction for a specific item and warehouse. If set as blank, it allows all users to create/edit back-dated transactions."
If more than one package of the same type (for print),If more than one package of the same type (for print)
"If no taxes are set, and Taxes and Charges Template is selected, the system will automatically apply the taxes from the chosen template.","If no taxes are set, and Taxes and Charges Template is selected, the system will automatically apply the taxes from the chosen template."
"If not, you can Cancel / Submit this entry","If not, you can Cancel / Submit this entry"
"If rate is zero then item will be treated as \""Free Item\","If rate is zero then item will be treated as \""Free Item\"
If subcontracted to a vendor,If subcontracted to a vendor
"If the BOM results in Scrap material, the Scrap Warehouse needs to be selected.","If the BOM results in Scrap material, the Scrap Warehouse needs to be selected."
"If the account is frozen, entries are allowed to restricted users.","If the account is frozen, entries are allowed to restricted users."
"If the item is transacting as a Zero Valuation Rate item in this entry, please enable 'Allow Zero Valuation Rate' in the {0} Item table.","If the item is transacting as a Zero Valuation Rate item in this entry, please enable 'Allow Zero Valuation Rate' in the {0} Item table."
"If the selected BOM has Operations mentioned in it, the system will fetch all Operations from BOM, these values can be changed.","If the selected BOM has Operations mentioned in it, the system will fetch all Operations from BOM, these values can be changed."
"If there is no assigned timeslot, then communication will be handled by this group","If there is no assigned timeslot, then communication will be handled by this group"
"If there is no title column, use the code column for the title.","If there is no title column, use the code column for the title."
"If this checkbox is checked, paid amount will be splitted and allocated as per the amounts in payment schedule against each payment term","If this checkbox is checked, paid amount will be splitted and allocated as per the amounts in payment schedule against each payment term"
"If this checkbox is enabled, then the system won’t run the MRP for the available sub-assembly items.","If this checkbox is enabled, then the system won’t run the MRP for the available sub-assembly items."
If this is checked subsequent new invoices will be created on calendar  month and quarter start dates irrespective of current invoice start date,If this is checked subsequent new invoices will be created on calendar  month and quarter start dates irrespective of current invoice start date
If this is unchecked Journal Entries will be saved in a Draft state and will have to be submitted manually,If this is unchecked Journal Entries will be saved in a Draft state and will have to be submitted manually
"If this is unchecked, direct GL entries will be created to book deferred revenue or expense","If this is unchecked, direct GL entries will be created to book deferred revenue or expense"
If this is undesirable please cancel the corresponding Payment Entry.,If this is undesirable please cancel the corresponding Payment Entry.
"If this item has variants, then it cannot be selected in sales orders etc.","If this item has variants, then it cannot be selected in sales orders etc."
"If this option is configured 'Yes', ERPNext will prevent you from creating a Purchase Invoice or Receipt without creating a Purchase Order first. This configuration can be overridden for a particular supplier by enabling the 'Allow Purchase Invoice Creation Without Purchase Order' checkbox in the Supplier master.","If this option is configured 'Yes', ERPNext will prevent you from creating a Purchase Invoice or Receipt without creating a Purchase Order first. This configuration can be overridden for a particular supplier by enabling the 'Allow Purchase Invoice Creation Without Purchase Order' checkbox in the Supplier master."
"If this option is configured 'Yes', ERPNext will prevent you from creating a Purchase Invoice without creating a Purchase Receipt first. This configuration can be overridden for a particular supplier by enabling the 'Allow Purchase Invoice Creation Without Purchase Receipt' checkbox in the Supplier master.","If this option is configured 'Yes', ERPNext will prevent you from creating a Purchase Invoice without creating a Purchase Receipt first. This configuration can be overridden for a particular supplier by enabling the 'Allow Purchase Invoice Creation Without Purchase Receipt' checkbox in the Supplier master."
"If ticked, multiple materials can be used for a single Work Order. This is useful if one or more time consuming products are being manufactured.","If ticked, multiple materials can be used for a single Work Order. This is useful if one or more time consuming products are being manufactured."
"If ticked, the BOM cost will be automatically updated based on Valuation Rate / Price List Rate / last purchase rate of raw materials.","If ticked, the BOM cost will be automatically updated based on Valuation Rate / Price List Rate / last purchase rate of raw materials."
"If unlimited expiry for the Loyalty Points, keep the Expiry Duration empty or 0.","If unlimited expiry for the Loyalty Points, keep the Expiry Duration empty or 0."
"If yes, then this warehouse will be used to store rejected materials","If yes, then this warehouse will be used to store rejected materials"
"If you are maintaining stock of this Item in your Inventory, ERPNext will make a stock ledger entry for each transaction of this item.","If you are maintaining stock of this Item in your Inventory, ERPNext will make a stock ledger entry for each transaction of this item."
"If you need to reconcile particular transactions against each other, then please select accordingly. If not, all the transactions will be allocated in FIFO order.","If you need to reconcile particular transactions against each other, then please select accordingly. If not, all the transactions will be allocated in FIFO order."
"If you still want to proceed, please disable 'Skip Available Sub Assembly Items' checkbox.","If you still want to proceed, please disable 'Skip Available Sub Assembly Items' checkbox."
"If you still want to proceed, please enable {0}.","If you still want to proceed, please enable {0}."
"If you {0} {1} quantities of the item {2}, the scheme {3} will be applied on the item.","If you {0} {1} quantities of the item {2}, the scheme {3} will be applied on the item."
"If you {0} {1} worth item {2}, the scheme {3} will be applied on the item.","If you {0} {1} worth item {2}, the scheme {3} will be applied on the item."
"If your CSV uses a different delimiter, add that character here, ensuring no spaces or additional characters are included.","If your CSV uses a different delimiter, add that character here, ensuring no spaces or additional characters are included."
Ignore,Ignore
Ignore Account Closing Balance,Ignore Account Closing Balance
Ignore Available Stock,Ignore Available Stock
Ignore Closing Balance,Ignore Closing Balance
Ignore Default Payment Terms Template,Ignore Default Payment Terms Template
Ignore Employee Time Overlap,Ignore Employee Time Overlap
Ignore Empty Stock,Ignore Empty Stock
Ignore Exchange Rate Revaluation and Gain / Loss Journals,Ignore Exchange Rate Revaluation and Gain / Loss Journals
Ignore Existing Ordered Qty,Ignore Existing Ordered Qty
Ignore Existing Projected Quantity,Ignore Existing Projected Quantity
Ignore Is Opening check for reporting,Ignore Is Opening check for reporting
Ignore Pricing Rule,Ignore Pricing Rule
Ignore Pricing Rule is enabled. Cannot apply coupon code.,Ignore Pricing Rule is enabled. Cannot apply coupon code.
Ignore System Generated Credit / Debit Notes,Ignore System Generated Credit / Debit Notes
Ignore User Time Overlap,Ignore User Time Overlap
Ignore Voucher Type filter and Select Vouchers Manually,Ignore Voucher Type filter and Select Vouchers Manually
Ignore Workstation Time Overlap,Ignore Workstation Time Overlap
Ignores legacy Is Opening field in GL Entry that allows adding opening balance post the system is in use while generating reports,Ignores legacy Is Opening field in GL Entry that allows adding opening balance post the system is in use while generating reports
Impairment,Impairment
Import Chart of Accounts from a csv file,Import Chart of Accounts from a csv file
Import Data from Spreadsheet,Import Data from Spreadsheet
Import Genericode File,Import Genericode File
Import Invoices,Import Invoices
Import Successful,Import Successful
Import Supplier Invoice,Import Supplier Invoice
Import Using CSV file,Import Using CSV file
Import completed. {0} common codes created.,Import completed. {0} common codes created.
Import in Bulk,Import in Bulk
Importing Common Codes,Importing Common Codes
In House,In House
In Maintenance,In Maintenance
In Mins,In Mins
In Party Currency,In Party Currency
In Percentage,In Percentage
In Process,Đang thực hiện
In Production,In Production
In Qty,In Qty
In Stock,In Stock
In Stock Qty,In Stock Qty
In Transit,In Transit
In Transit Transfer,In Transit Transfer
In Transit Warehouse,In Transit Warehouse
In Value,In Value
In Words,In Words
In Words (Company Currency),In Words (Company Currency)
In Words (Export) will be visible once you save the Delivery Note.,In Words (Export) will be visible once you save the Delivery Note.
In Words will be visible once you save the Delivery Note.,In Words will be visible once you save the Delivery Note.
In Words will be visible once you save the Sales Invoice.,In Words will be visible once you save the Sales Invoice.
In Words will be visible once you save the Sales Order.,In Words will be visible once you save the Sales Order.
In mins,In mins
In minutes,In minutes
"In row {0} of Appointment Booking Slots: \""To Time\"" must be later than \""From Time\"".","In row {0} of Appointment Booking Slots: \""To Time\"" must be later than \""From Time\""."
In stock,In stock
"In the case of multi-tier program, Customers will be auto assigned to the concerned tier as per their spent","In the case of multi-tier program, Customers will be auto assigned to the concerned tier as per their spent"
"In this section, you can define Company-wide transaction-related defaults for this Item. Eg. Default Warehouse, Default Price List, Supplier, etc.","In this section, you can define Company-wide transaction-related defaults for this Item. Eg. Default Warehouse, Default Price List, Supplier, etc."
Inactive Customers,Inactive Customers
Inactive Sales Items,Inactive Sales Items
Inactive Status,Inactive Status
Incentives,Incentives
Include Account Currency,Include Account Currency
Include Ageing Summary,Include Ageing Summary
Include Closed Orders,Include Closed Orders
Include Default FB Assets,Include Default FB Assets
Include Default FB Entries,Include Default FB Entries
Include Disabled,Include Disabled
Include Expired,Include Expired
Include Expired Batches,Include Expired Batches
Include Exploded Items,Include Exploded Items
Include Non Stock Items,Include Non Stock Items
Include POS Transactions,Include POS Transactions
Include Payment,Include Payment
Include Payment (POS),Include Payment (POS)
Include Reconciled Entries,Include Reconciled Entries
Include Safety Stock in Required Qty Calculation,Include Safety Stock in Required Qty Calculation
Include Sub-assembly Raw Materials,Include Sub-assembly Raw Materials
Include Subcontracted Items,Include Subcontracted Items
Include Timesheets in Draft Status,Include Timesheets in Draft Status
Include Zero Stock Items,Include Zero Stock Items
Include in gross,Include in gross
Included in Gross Profit,Included in Gross Profit
Including items for sub assemblies,Including items for sub assemblies
Income,Income
Income Account,Income Account
Incoming,Incoming
Incoming Call Handling Schedule,Incoming Call Handling Schedule
Incoming Call Settings,Incoming Call Settings
Incoming Rate,Incoming Rate
Incoming Rate (Costing),Incoming Rate (Costing)
Incoming call from {0},Incoming call from {0}
Incompatible Setting Detected,Incompatible Setting Detected
Incorrect Balance Qty After Transaction,Incorrect Balance Qty After Transaction
Incorrect Batch Consumed,Incorrect Batch Consumed
Incorrect Check in (group) Warehouse for Reorder,Incorrect Check in (group) Warehouse for Reorder
Incorrect Component Quantity,Incorrect Component Quantity
Incorrect Date,Incorrect Date
Incorrect Invoice,Incorrect Invoice
Incorrect Payment Type,Incorrect Payment Type
Incorrect Reference Document (Purchase Receipt Item),Incorrect Reference Document (Purchase Receipt Item)
Incorrect Serial No Valuation,Incorrect Serial No Valuation
Incorrect Serial Number Consumed,Incorrect Serial Number Consumed
Incorrect Serial and Batch Bundle,Incorrect Serial and Batch Bundle
Incorrect Stock Value Report,Incorrect Stock Value Report
Incorrect Type of Transaction,Incorrect Type of Transaction
Incorrect Warehouse,Incorrect Warehouse
Incorrect number of General Ledger Entries found. You might have selected a wrong Account in the transaction.,Incorrect number of General Ledger Entries found. You might have selected a wrong Account in the transaction.
Incoterm,Incoterm
Increase In Asset Life(Months),Increase In Asset Life(Months)
Increment,Increment
Increment cannot be 0,Increment cannot be 0
Increment for Attribute {0} cannot be 0,Increment for Attribute {0} cannot be 0
Indent,Indent
Indicates that the package is a part of this delivery (Only Draft),Indicates that the package is a part of this delivery (Only Draft)
Indirect Expense,Indirect Expense
Indirect Expenses,Indirect Expenses
Indirect Income,Indirect Income
Individual,Individual
Individual GL Entry cannot be cancelled.,Individual GL Entry cannot be cancelled.
Individual Stock Ledger Entry cannot be cancelled.,Individual Stock Ledger Entry cannot be cancelled.
Industry,Industry
Industry Type,Industry Type
Initial Email Notification Sent,Initial Email Notification Sent
Initialize Summary Table,Initialize Summary Table
Initiated,Initiated
Inspected By,Inspected By
Inspection Rejected,Inspection Rejected
Inspection Required,Inspection Required
Inspection Required before Delivery,Inspection Required before Delivery
Inspection Required before Purchase,Inspection Required before Purchase
Inspection Submission,Inspection Submission
Inspection Type,Inspection Type
Installation Date,Installation Date
Installation Note,Installation Note
Installation Note Item,Installation Note Item
Installation Note {0} has already been submitted,Installation Note {0} has already been submitted
Installation Status,Installation Status
Installation Time,Installation Time
Installation date cannot be before delivery date for Item {0},Installation date cannot be before delivery date for Item {0}
Installed Qty,Installed Qty
Installing presets,Installing presets
Instruction,Instruction
Insufficient Capacity,Insufficient Capacity
Insufficient Permissions,Insufficient Permissions
Insufficient Stock,Thiếu hàng tồn kho
Insufficient Stock for Batch,Insufficient Stock for Batch
Insurance Company,Insurance Company
Insurance Details,Insurance Details
Insurance End Date,Insurance End Date
Insurance Start Date,Insurance Start Date
Insurance Start date should be less than Insurance End date,Insurance Start date should be less than Insurance End date
Insurance details,Insurance details
Insured value,Insured value
Insurer,Insurer
Integration Details,Integration Details
Integration ID,Integration ID
Inter Company Invoice Reference,Inter Company Invoice Reference
Inter Company Journal Entry,Inter Company Journal Entry
Inter Company Journal Entry Reference,Inter Company Journal Entry Reference
Inter Company Order Reference,Inter Company Order Reference
Inter Company Reference,Inter Company Reference
Inter Transfer Reference,Inter Transfer Reference
Inter Warehouse Transfer Settings,Inter Warehouse Transfer Settings
Interest,Interest
Interest and/or dunning fee,Interest and/or dunning fee
Interested,Interested
Internal Customer,Internal Customer
Internal Customer for company {0} already exists,Internal Customer for company {0} already exists
Internal Sale or Delivery Reference missing.,Internal Sale or Delivery Reference missing.
Internal Sales Reference Missing,Internal Sales Reference Missing
Internal Supplier,Internal Supplier
Internal Supplier for company {0} already exists,Internal Supplier for company {0} already exists
Internal Transfer,Internal Transfer
Internal Transfer Reference Missing,Internal Transfer Reference Missing
Internal Transfers,Internal Transfers
Internal Work History,Internal Work History
Internal transfers can only be done in company's default currency,Internal transfers can only be done in company's default currency
Interval should be between 1 to 59 MInutes,Interval should be between 1 to 59 MInutes
Introduction to Assets,Introduction to Assets
Introduction to CRM,Introduction to CRM
Introduction to Selling,Introduction to Selling
Introduction to Stock Entry,Introduction to Stock Entry
Invalid Account,Invalid Account
Invalid Allocated Amount,Invalid Allocated Amount
Invalid Amount,Invalid Amount
Invalid Attribute,Invalid Attribute
Invalid Auto Repeat Date,Invalid Auto Repeat Date
Invalid Barcode. There is no Item attached to this barcode.,Invalid Barcode. There is no Item attached to this barcode.
Invalid Blanket Order for the selected Customer and Item,Invalid Blanket Order for the selected Customer and Item
Invalid Child Procedure,Invalid Child Procedure
Invalid Company for Inter Company Transaction.,Invalid Company for Inter Company Transaction.
Invalid Cost Center,Invalid Cost Center
Invalid Delivery Date,Invalid Delivery Date
Invalid Discount,Invalid Discount
Invalid Document,Invalid Document
Invalid Document Type,Invalid Document Type
Invalid Formula,Invalid Formula
Invalid Gross Purchase Amount,Invalid Gross Purchase Amount
Invalid Group By,Invalid Group By
Invalid Item,Invalid Item
Invalid Item Defaults,Invalid Item Defaults
Invalid Ledger Entries,Invalid Ledger Entries
Invalid Opening Entry,Invalid Opening Entry
Invalid POS Invoices,Invalid POS Invoices
Invalid Parent Account,Invalid Parent Account
Invalid Part Number,Invalid Part Number
Invalid Posting Time,Invalid Posting Time
Invalid Primary Role,Invalid Primary Role
Invalid Priority,Invalid Priority
Invalid Process Loss Configuration,Invalid Process Loss Configuration
Invalid Purchase Invoice,Invalid Purchase Invoice
Invalid Qty,Invalid Qty
Invalid Schedule,Invalid Schedule
Invalid Selling Price,Invalid Selling Price
Invalid Serial and Batch Bundle,Invalid Serial and Batch Bundle
Invalid Value,Invalid Value
Invalid Warehouse,Invalid Warehouse
Invalid amount in accounting entries of {} {} for Account {}: {},Invalid amount in accounting entries of {} {} for Account {}: {}
Invalid condition expression,Invalid condition expression
"Invalid lost reason {0}, please create a new lost reason","Invalid lost reason {0}, please create a new lost reason"
Invalid naming series (. missing) for {0},Invalid naming series (. missing) for {0}
Invalid reference {0} {1},Invalid reference {0} {1}
Invalid result key. Response:,Invalid result key. Response:
Invalid value {0} for {1} against account {2},Invalid value {0} for {1} against account {2}
Invalid {0},Invalid {0}
Invalid {0} for Inter Company Transaction.,Invalid {0} for Inter Company Transaction.
Invalid {0}: {1},Invalid {0}: {1}
Inventory,Inventory
Inventory Dimension,Inventory Dimension
Inventory Dimension Negative Stock,Inventory Dimension Negative Stock
Inventory Settings,Inventory Settings
"Inventory, Warehouses, Analysis, and more.","Inventory, Warehouses, Analysis, and more."
Investments,Investments
Invoice,Invoice
Invoice Cancellation,Invoice Cancellation
Invoice Date,Invoice Date
Invoice Discounting,Invoice Discounting
Invoice Grand Total,Invoice Grand Total
Invoice ID,Invoice ID
Invoice Limit,Invoice Limit
Invoice Number,Invoice Number
Invoice Portion,Invoice Portion
Invoice Portion (%),Invoice Portion (%)
Invoice Posting Date,Invoice Posting Date
Invoice Series,Invoice Series
Invoice Status,Invoice Status
Invoice Type,Invoice Type
Invoice already created for all billing hours,Invoice already created for all billing hours
Invoice and Billing,Invoice and Billing
Invoice can't be made for zero billing hour,Invoice can't be made for zero billing hour
Invoiced Amount,Invoiced Amount
Invoiced Qty,Invoiced Qty
Invoices,Invoices
Invoices and Payments have been Fetched and Allocated,Invoices and Payments have been Fetched and Allocated
Invoicing,Invoicing
Invoicing Features,Invoicing Features
Inward,Inward
Is Account Payable,Is Account Payable
Is Adjustment Entry,Is Adjustment Entry
Is Advance,Is Advance
Is Alternative,Is Alternative
Is Billable,Is Billable
Is Cancelled,Is Cancelled
Is Cash or Non Trade Discount,Is Cash or Non Trade Discount
Is Company,Is Company
Is Company Account,Is Company Account
Is Composite Asset,Is Composite Asset
Is Consolidated,Is Consolidated
Is Container,Is Container
Is Corrective Operation,Is Corrective Operation
Is Cumulative,Is Cumulative
Is Customer Provided Item,Is Customer Provided Item
Is Default Account,Is Default Account
Is Default Language,Is Default Language
Is Delivery Note Required for Sales Invoice Creation?,Is Delivery Note Required for Sales Invoice Creation?
Is Discounted,Is Discounted
Is Exchange Gain / Loss?,Is Exchange Gain / Loss?
Is Existing Asset,Is Existing Asset
Is Expandable,Is Expandable
Is Free Item,Is Free Item
Is Frozen,Is Frozen
Is Fully Depreciated,Is Fully Depreciated
Is Internal Customer,Is Internal Customer
Is Internal Supplier,Is Internal Supplier
Is Mandatory,Is Mandatory
Is Milestone,Is Milestone
Is Old Subcontracting Flow,Is Old Subcontracting Flow
Is Opening,Is Opening
Is Opening Entry,Is Opening Entry
Is Outward,Is Outward
Is Paid,Is Paid
Is Period Closing Voucher Entry,Is Period Closing Voucher Entry
Is Purchase Order Required for Purchase Invoice & Receipt Creation?,Is Purchase Order Required for Purchase Invoice & Receipt Creation?
Is Purchase Receipt Required for Purchase Invoice Creation?,Is Purchase Receipt Required for Purchase Invoice Creation?
Is Rate Adjustment Entry (Debit Note),Is Rate Adjustment Entry (Debit Note)
Is Recursive,Is Recursive
Is Rejected,Is Rejected
Is Return (Credit Note),Is Return (Credit Note)
Is Return (Debit Note),Is Return (Debit Note)
Is Sales Order Required for Sales Invoice & Delivery Note Creation?,Is Sales Order Required for Sales Invoice & Delivery Note Creation?
Is Short/Long Year,Is Short/Long Year
Is Stock Item,Is Stock Item
Is Subcontracted,Is Subcontracted
Is Tax Withholding Account,Is Tax Withholding Account
Is Template,Is Template
Is Transporter,Is Transporter
Is a Subscription,Is a Subscription
Is this Tax included in Basic Rate?,Is this Tax included in Basic Rate?
Issue,Issue
Issue Analytics,Issue Analytics
Issue Credit Note,Issue Credit Note
Issue Date,Issue Date
Issue Material,Issue Material
Issue Priority,Issue Priority
Issue Split From,Issue Split From
Issue Summary,Issue Summary
Issue Type,Issue Type
Issue a debit note with 0 qty against an existing Sales Invoice,Issue a debit note with 0 qty against an existing Sales Invoice
Issued,Issued
Issued Items Against Work Order,Issued Items Against Work Order
Issues,Issues
Issuing Date,Issuing Date
It can take upto few hours for accurate stock values to be visible after merging items.,It can take upto few hours for accurate stock values to be visible after merging items.
It is needed to fetch Item Details.,It is needed to fetch Item Details.
"It's not possible to distribute charges equally when total amount is zero, please set 'Distribute Charges Based On' as 'Quantity'","It's not possible to distribute charges equally when total amount is zero, please set 'Distribute Charges Based On' as 'Quantity'"
Item 1,Item 1
Item 2,Item 2
Item 3,Item 3
Item 4,Item 4
Item 5,Item 5
Item Alternative,Item Alternative
Item Attribute,Thuộc tính mặt hàng
Item Attribute Value,Giá trị thuộc tính của mặt hàng
Item Attribute Values,Giá trị thuộc tính của mặt hàng
Item Barcode,Item Barcode
Item Cart,Item Cart
Item Code (Final Product),Item Code (Final Product)
Item Code cannot be changed for Serial No.,Item Code cannot be changed for Serial No.
Item Code required at Row No {0},Item Code required at Row No {0}
Item Code: {0} is not available under warehouse {1}.,Item Code: {0} is not available under warehouse {1}.
Item Customer Detail,Item Customer Detail
Item Default,Item Default
Item Defaults,Item Defaults
Item Details,Item Details
Item Group not mentioned in item master for item {0},Item Group not mentioned in item master for item {0}
Item Group wise Discount,Item Group wise Discount
Item Groups,Item Groups
Item Image (if not slideshow),Item Image (if not slideshow)
Item Locations,Item Locations
Item Manager,Item Manager
Item Manufacturer,Item Manufacturer
Item Naming By,Item Naming By
Item Price,Item Price
Item Price Settings,Item Price Settings
Item Price Stock,Item Price Stock
Item Price added for {0} in Price List {1},Item Price added for {0} in Price List {1}
"Item Price appears multiple times based on Price List, Supplier/Customer, Currency, Item, Batch, UOM, Qty, and Dates.","Item Price appears multiple times based on Price List, Supplier/Customer, Currency, Item, Batch, UOM, Qty, and Dates."
Item Price updated for {0} in Price List {1},Item Price updated for {0} in Price List {1}
Item Prices,Item Prices
Item Reference,Item Reference
Item Reorder,Item Reorder
Item Row {0}: {1} {2} does not exist in above '{1}' table,Item Row {0}: {1} {2} does not exist in above '{1}' table
Item Serial No,Item Serial No
Item Shortage Report,Item Shortage Report
Item Supplier,Item Supplier
Item Tax,Item Tax
Item Tax Amount Included in Value,Item Tax Amount Included in Value
Item Tax Rate,Item Tax Rate
Item Tax Row {0} must have account of type Tax or Income or Expense or Chargeable,Item Tax Row {0} must have account of type Tax or Income or Expense or Chargeable
Item Tax Template,Item Tax Template
Item Tax Template Detail,Item Tax Template Detail
Item Unavailable,Item Unavailable
Item Variant,Item Variant
Item Variant Attribute,Item Variant Attribute
Item Variant Details,Item Variant Details
Item Variant Settings,Item Variant Settings
Item Variant {0} already exists with same attributes,Item Variant {0} already exists with same attributes
Item Variants updated,Item Variants updated
Item Warehouse based reposting has been enabled.,Item Warehouse based reposting has been enabled.
Item Website Specification,Item Website Specification
Item Weight Details,Item Weight Details
Item Wise Tax Detail,Item Wise Tax Detail
Item and Warehouse,Item and Warehouse
Item and Warranty Details,Item and Warranty Details
Item for row {0} does not match Material Request,Item for row {0} does not match Material Request
Item has variants.,Item has variants.
Item is removed since no serial / batch no selected.,Item is removed since no serial / batch no selected.
Item must be added using 'Get Items from Purchase Receipts' button,Item must be added using 'Get Items from Purchase Receipts' button
Item name,Item name
Item operation,Item operation
Item qty can not be updated as raw materials are already processed.,Item qty can not be updated as raw materials are already processed.
Item rate has been updated to zero as Allow Zero Valuation Rate is checked for item {0},Item rate has been updated to zero as Allow Zero Valuation Rate is checked for item {0}
Item valuation rate is recalculated considering landed cost voucher amount,Item valuation rate is recalculated considering landed cost voucher amount
Item valuation reposting in progress. Report might show incorrect item valuation.,Item valuation reposting in progress. Report might show incorrect item valuation.
Item variant {0} exists with same attributes,Item variant {0} exists with same attributes
Item {0} cannot be added as a sub-assembly of itself,Item {0} cannot be added as a sub-assembly of itself
Item {0} cannot be ordered more than {1} against Blanket Order {2}.,Item {0} cannot be ordered more than {1} against Blanket Order {2}.
Item {0} does not exist,Item {0} does not exist
Item {0} does not exist in the system or has expired,Item {0} does not exist in the system or has expired
Item {0} does not exist.,Item {0} does not exist.
Item {0} entered multiple times.,Item {0} entered multiple times.
Item {0} has already been returned,Item {0} has already been returned
Item {0} has been disabled,Item {0} has been disabled
Item {0} has no Serial No. Only serilialized items can have delivery based on Serial No,Item {0} has no Serial No. Only serilialized items can have delivery based on Serial No
Item {0} has reached its end of life on {1},Item {0} has reached its end of life on {1}
Item {0} ignored since it is not a stock item,Item {0} ignored since it is not a stock item
Item {0} is already reserved/delivered against Sales Order {1}.,Item {0} is already reserved/delivered against Sales Order {1}.
Item {0} is cancelled,Item {0} is cancelled
Item {0} is disabled,Item {0} is disabled
Item {0} is not a serialized Item,Item {0} is not a serialized Item
Item {0} is not a stock Item,Item {0} is not a stock Item
Item {0} is not active or end of life has been reached,Item {0} is not active or end of life has been reached
Item {0} must be a Fixed Asset Item,Item {0} must be a Fixed Asset Item
Item {0} must be a Non-Stock Item,Item {0} must be a Non-Stock Item
Item {0} must be a Sub-contracted Item,Item {0} must be a Sub-contracted Item
Item {0} must be a non-stock item,Item {0} must be a non-stock item
Item {0} not found in 'Raw Materials Supplied' table in {1} {2},Item {0} not found in 'Raw Materials Supplied' table in {1} {2}
Item {0} not found.,Item {0} not found.
Item {0}: Ordered qty {1} cannot be less than minimum order qty {2} (defined in Item).,Item {0}: Ordered qty {1} cannot be less than minimum order qty {2} (defined in Item).
Item {0}: {1} qty produced.,Item {0}: {1} qty produced.
Item {} does not exist.,Item {} does not exist.
"Item, Customer, Supplier and Quotation","Item, Customer, Supplier and Quotation"
Item-wise Price List Rate,Item-wise Price List Rate
Item-wise Purchase History,Item-wise Purchase History
Item-wise Purchase Register,Item-wise Purchase Register
Item-wise Sales History,Item-wise Sales History
Item-wise Sales Register,Item-wise Sales Register
Item/Item Code required to get Item Tax Template.,Item/Item Code required to get Item Tax Template.
Item: {0} does not exist in the system,Item: {0} does not exist in the system
Items & Pricing,Items & Pricing
Items Catalogue,Items Catalogue
Items Filter,Items Filter
Items Required,Items Required
Items To Be Requested,Items To Be Requested
Items and Pricing,Items and Pricing
Items cannot be updated as Subcontracting Order is created against the Purchase Order {0}.,Items cannot be updated as Subcontracting Order is created against the Purchase Order {0}.
Items for Raw Material Request,Items for Raw Material Request
Items rate has been updated to zero as Allow Zero Valuation Rate is checked for the following items: {0},Items rate has been updated to zero as Allow Zero Valuation Rate is checked for the following items: {0}
Items to Be Repost,Items to Be Repost
Items to Manufacture are required to pull the Raw Materials associated with it.,Items to Manufacture are required to pull the Raw Materials associated with it.
Items to Order and Receive,Items to Order and Receive
Items to Reserve,Items to Reserve
Items under this warehouse will be suggested,Items under this warehouse will be suggested
Items {0} do not exist in the Item master.,Items {0} do not exist in the Item master.
Itemwise Discount,Itemwise Discount
Itemwise Recommended Reorder Level,Itemwise Recommended Reorder Level
JAN,JAN
Job Card Analysis,Job Card Analysis
Job Card Item,Job Card Item
Job Card Operation,Job Card Operation
Job Card Scheduled Time,Job Card Scheduled Time
Job Card Scrap Item,Job Card Scrap Item
Job Card Summary,Job Card Summary
Job Card Time Log,Job Card Time Log
Job Card and Capacity Planning,Job Card and Capacity Planning
Job Cards,Job Cards
Job Paused,Job Paused
Job Title,Job Title
Job Worker,Job Worker
Job Worker Address,Job Worker Address
Job Worker Address Details,Job Worker Address Details
Job Worker Contact,Job Worker Contact
Job Worker Delivery Note,Job Worker Delivery Note
Job Worker Name,Job Worker Name
Job Worker Warehouse,Job Worker Warehouse
Job card {0} created,LSX Công đoạn {0} đã được tạo
Job: {0} has been triggered for processing failed transactions,Job: {0} has been triggered for processing failed transactions
Joining,Joining
Journal Entries,Journal Entries
Journal Entries {0} are un-linked,Journal Entries {0} are un-linked
Journal Entry,Journal Entry
Journal Entry Account,Journal Entry Account
Journal Entry Template,Journal Entry Template
Journal Entry Template Account,Journal Entry Template Account
Journal Entry Type,Journal Entry Type
Journal Entry for Asset scrapping cannot be cancelled. Please restore the Asset.,Journal Entry for Asset scrapping cannot be cancelled. Please restore the Asset.
Journal Entry for Scrap,Journal Entry for Scrap
Journal Entry type should be set as Depreciation Entry for asset depreciation,Journal Entry type should be set as Depreciation Entry for asset depreciation
Journal Entry {0} does not have account {1} or already matched against other voucher,Journal Entry {0} does not have account {1} or already matched against other voucher
Journal entries have been created,Journal entries have been created
Journals,Journals
"Keep Track of Sales Campaigns. Keep track of Leads, Quotations, Sales Order etc from Campaigns to gauge Return on Investment.","Keep Track of Sales Campaigns. Keep track of Leads, Quotations, Sales Order etc from Campaigns to gauge Return on Investment."
Key Reports,Key Reports
Kindly cancel the Manufacturing Entries first against the work order {0}.,Kindly cancel the Manufacturing Entries first against the work order {0}.
Kindly select the company first,Kindly select the company first
LIFO,LIFO
Landed Cost Help,Landed Cost Help
Landed Cost Item,Landed Cost Item
Landed Cost Purchase Receipt,Landed Cost Purchase Receipt
Landed Cost Taxes and Charges,Landed Cost Taxes and Charges
Landed Cost Voucher,Landed Cost Voucher
Landed Cost Voucher Amount,Landed Cost Voucher Amount
Lapsed,Lapsed
Large,Large
Last Carbon Check,Last Carbon Check
Last Communication,Last Communication
Last Communication Date,Last Communication Date
Last Completion Date,Last Completion Date
Last GL Entry update was done {}. This operation is not allowed while system is actively being used. Please wait for 5 minutes before retrying.,Last GL Entry update was done {}. This operation is not allowed while system is actively being used. Please wait for 5 minutes before retrying.
Last Integration Date,Last Integration Date
Last Month Downtime Analysis,Last Month Downtime Analysis
"Last Name, Email or Phone/Mobile of the user are mandatory to continue.","Last Name, Email or Phone/Mobile of the user are mandatory to continue."
Last Order Amount,Last Order Amount
Last Order Date,Last Order Date
Last Purchase Rate,Last Purchase Rate
Last Stock Transaction for item {0} under warehouse {1} was on {2}.,Last Stock Transaction for item {0} under warehouse {1} was on {2}.
Last carbon check date cannot be a future date,Last carbon check date cannot be a future date
Last transacted,Last transacted
Latest,Latest
Latest Age,Latest Age
Latitude,Latitude
Lead,Lead
Lead -> Prospect,Lead -> Prospect
Lead Conversion Time,Lead Conversion Time
Lead Count,Lead Count
Lead Details,Lead Details
Lead Name,Lead Name
Lead Owner,Lead Owner
Lead Owner Efficiency,Lead Owner Efficiency
Lead Owner cannot be same as the Lead Email Address,Lead Owner cannot be same as the Lead Email Address
Lead Source,Lead Source
Lead Time (Days),Lead Time (Days)
Lead Time (in mins),Lead Time (in mins)
Lead Time Date,Lead Time Date
Lead Time Days,Lead Time Days
Lead Time in days,Lead Time in days
Lead Type,Lead Type
Lead {0} has been added to prospect {1}.,Lead {0} has been added to prospect {1}.
"Lead, Opportunity, Customer, and more.","Lead, Opportunity, Customer, and more."
Leads,Leads
"Leads help you get business, add all your contacts and more as your leads","Leads help you get business, add all your contacts and more as your leads"
Learn Accounting,Learn Accounting
Learn Inventory Management,Learn Inventory Management
Learn Manufacturing,Learn Manufacturing
Learn Procurement,Learn Procurement
Learn Project Management,Learn Project Management
Learn Sales Management,Learn Sales Management
Learn about  Navigation options,Learn about  Navigation options
"Learn about <a href=\""https://docs.erpnext.com/docs/v13/user/manual/en/accounts/articles/common_party_accounting#:~:text=Common%20Party%20Accounting%20in%20ERPNext,Invoice%20against%20a%20primary%20Supplier.\"">Common Party</a>","Learn about <a href=\""https://docs.erpnext.com/docs/v13/user/manual/en/accounts/articles/common_party_accounting#:~:text=Common%20Party%20Accounting%20in%20ERPNext,Invoice%20against%20a%20primary%20Supplier.\"">Common Party</a>"
Learn how to update opening balances,Learn how to update opening balances
Learn more about Chart of Accounts,Learn more about Chart of Accounts
Learn more about Production Planning,Learn more about Production Planning
Learn more about data migration,Learn more about data migration
Leave Encashed?,Leave Encashed?
"Leave blank for home.\nThis is relative to site URL, for example \""about\"" will redirect to \""https://yoursitename.com/about\","Leave blank for home.\nThis is relative to site URL, for example \""about\"" will redirect to \""https://yoursitename.com/about\"
Leave blank if the Supplier is blocked indefinitely,Leave blank if the Supplier is blocked indefinitely
Leave blank to use the standard Delivery Note format,Leave blank to use the standard Delivery Note format
Ledger Health,Ledger Health
Ledger Health Monitor,Ledger Health Monitor
Ledger Health Monitor Company,Ledger Health Monitor Company
Ledger Merge,Ledger Merge
Ledger Merge Accounts,Ledger Merge Accounts
Ledgers,Ledgers
Left Child,Left Child
Left Index,Left Index
Legacy Fields,Legacy Fields
Legal Entity / Subsidiary with a separate Chart of Accounts belonging to the Organization.,Legal Entity / Subsidiary with a separate Chart of Accounts belonging to the Organization.
Legal Expenses,Legal Expenses
Legend,Legend
Length (cm),Length (cm)
Less Than Amount,Less Than Amount
Let's Set Up Your Accounts and Taxes.,Let's Set Up Your Accounts and Taxes.
Let's Set Up Your CRM.,Let's Set Up Your CRM.
Let's Set Up the Assets Module.,Let's Set Up the Assets Module.
Let's Set Up the Buying Module.,Let's Set Up the Buying Module.
Let's Set Up the Manufacturing Module.,Let's Set Up the Manufacturing Module.
Let's Set Up the Selling Module.,Let's Set Up the Selling Module.
Let's Set Up the Stock Module.,Let's Set Up the Stock Module.
Let's begin your journey with ERPNext,Let's begin your journey with ERPNext
Let's create a Purchase Receipt,Let's create a Purchase Receipt
Let's create a new Asset item,Let's create a new Asset item
Let's review existing Asset Category,Let's review existing Asset Category
Let's review your Company,Let's review your Company
Let's walk-through Chart of Accounts to review setup,Let's walk-through Chart of Accounts to review setup
Letter or Email Body Text,Letter or Email Body Text
Letter or Email Closing Text,Letter or Email Closing Text
Let’s convert your first Sales Order against a Quotation,Let’s convert your first Sales Order against a Quotation
Let’s create a Workstation,Let’s create a Workstation
Let’s create a stock opening entry,Let’s create a stock opening entry
Let’s create an Operation,Let’s create an Operation
Let’s create your first  warehouse,Let’s create your first  warehouse
Let’s create your first Customer,Let’s create your first Customer
Let’s create your first Material Request,Let’s create your first Material Request
Let’s create your first Purchase Invoice,Let’s create your first Purchase Invoice
Let’s create your first Purchase Order,Let’s create your first Purchase Order
Let’s create your first Quotation,Let’s create your first Quotation
Let’s create your first Supplier,Let’s create your first Supplier
Let’s setup your first Letter Head,Let’s setup your first Letter Head
Let’s walk-through Selling Settings,Let’s walk-through Selling Settings
Let’s walk-through few Buying Settings,Let’s walk-through few Buying Settings
Level (BOM),Level (BOM)
Lft,Lft
Liabilities,Liabilities
Liability,Liability
License Details,License Details
License Number,License Number
License Plate,License Plate
Limit Crossed,Limit Crossed
Limit timeslot for Stock Reposting,Limit timeslot for Stock Reposting
Limited to 12 characters,Limited to 12 characters
Limits don't apply on,Limits don't apply on
Line spacing for amount in words,Line spacing for amount in words
Link Options,Link Options
Link a new bank account,Link a new bank account
Link existing Quality Procedure.,Link existing Quality Procedure.
Link to Material Request,Link to Material Request
Link to Material Requests,Link to Material Requests
Link with Customer,Link with Customer
Link with Supplier,Link with Supplier
Linked Invoices,Linked Invoices
Linked Location,Linked Location
Linked with submitted documents,Linked with submitted documents
Linking Failed,Linking Failed
Linking to Customer Failed. Please try again.,Linking to Customer Failed. Please try again.
Linking to Supplier Failed. Please try again.,Linking to Supplier Failed. Please try again.
List items that form the package.,List items that form the package.
Load All Criteria,Load All Criteria
Loading Invoices! Please Wait...,Loading Invoices! Please Wait...
Loan,Loan
Loan End Date,Loan End Date
Loan Period (Days),Loan Period (Days)
Loan Start Date,Loan Start Date
Loan Start Date and Loan Period are mandatory to save the Invoice Discounting,Loan Start Date and Loan Period are mandatory to save the Invoice Discounting
Loans (Liabilities),Loans (Liabilities)
Loans and Advances (Assets),Loans and Advances (Assets)
Local,Local
Location Details,Location Details
Location Name,Location Name
Locked,Locked
Log Entries,Log Entries
Log the selling and buying rate of an Item,Log the selling and buying rate of an Item
Logo,Logo
Longitude,Longitude
Lost,Lost
Lost Opportunity,Lost Opportunity
Lost Quotation,Lost Quotation
Lost Quotations,Lost Quotations
Lost Quotations %,Lost Quotations %
Lost Reason,Lost Reason
Lost Reason Detail,Lost Reason Detail
Lost Reasons,Lost Reasons
Lost Reasons are required in case opportunity is Lost.,Lost Reasons are required in case opportunity is Lost.
Lost Value,Lost Value
Lost Value %,Lost Value %
Lower Deduction Certificate,Lower Deduction Certificate
Lower Income,Lower Income
Loyalty Amount,Loyalty Amount
Loyalty Point Entry,Loyalty Point Entry
Loyalty Point Entry Redemption,Loyalty Point Entry Redemption
Loyalty Points,Loyalty Points
Loyalty Points Redemption,Loyalty Points Redemption
"Loyalty Points will be calculated from the spent done (via the Sales Invoice), based on collection factor mentioned.","Loyalty Points will be calculated from the spent done (via the Sales Invoice), based on collection factor mentioned."
Loyalty Points: {0},Loyalty Points: {0}
Loyalty Program,Loyalty Program
Loyalty Program Collection,Loyalty Program Collection
Loyalty Program Help,Loyalty Program Help
Loyalty Program Name,Loyalty Program Name
Loyalty Program Tier,Loyalty Program Tier
Loyalty Program Type,Loyalty Program Type
Machine,Machine
Machine Type,Machine Type
Machine malfunction,Machine malfunction
Machine operator errors,Machine operator errors
Main,Main
Main Cost Center,Main Cost Center
Main Cost Center {0} cannot be entered in the child table,Main Cost Center {0} cannot be entered in the child table
Maintain Asset,Maintain Asset
Maintain Same Rate Throughout Internal Transaction,Maintain Same Rate Throughout Internal Transaction
Maintain Same Rate Throughout Sales Cycle,Maintain Same Rate Throughout Sales Cycle
Maintain Same Rate Throughout the Purchase Cycle,Maintain Same Rate Throughout the Purchase Cycle
Maintenance,Bảo trì
Maintenance Date,Maintenance Date
Maintenance Details,Maintenance Details
Maintenance Log,Maintenance Log
Maintenance Manager Name,Maintenance Manager Name
Maintenance Required,Maintenance Required
Maintenance Role,Maintenance Role
Maintenance Schedule,Maintenance Schedule
Maintenance Schedule Detail,Maintenance Schedule Detail
Maintenance Schedule Item,Maintenance Schedule Item
Maintenance Schedule is not generated for all the items. Please click on 'Generate Schedule',Maintenance Schedule is not generated for all the items. Please click on 'Generate Schedule'
Maintenance Schedule {0} exists against {1},Maintenance Schedule {0} exists against {1}
Maintenance Schedules,Maintenance Schedules
Maintenance Status,Maintenance Status
Maintenance Status has to be Cancelled or Completed to Submit,Maintenance Status has to be Cancelled or Completed to Submit
Maintenance Task,Maintenance Task
Maintenance Tasks,Maintenance Tasks
Maintenance Team,Maintenance Team
Maintenance Team Member,Maintenance Team Member
Maintenance Team Members,Maintenance Team Members
Maintenance Team Name,Maintenance Team Name
Maintenance Time,Maintenance Time
Maintenance Type,Maintenance Type
Maintenance Visit,Maintenance Visit
Maintenance Visit Purpose,Maintenance Visit Purpose
Maintenance start date can not be before delivery date for Serial No {0},Maintenance start date can not be before delivery date for Serial No {0}
Major/Optional Subjects,Major/Optional Subjects
Make,Make
Make Asset Movement,Make Asset Movement
Make Depreciation Entry,Make Depreciation Entry
Make Difference Entry,Make Difference Entry
Make Payment via Journal Entry,Make Payment via Journal Entry
Make Purchase Invoice,Make Purchase Invoice
Make Quotation,Make Quotation
Make Return Entry,Make Return Entry
Make Sales Invoice,Make Sales Invoice
Make Serial No / Batch from Work Order,Make Serial No / Batch from Work Order
Make Stock Entry,Make Stock Entry
Make project from a template.,Make project from a template.
Make {0} Variant,Make {0} Variant
Make {0} Variants,Make {0} Variants
Making Journal Entries against advance accounts: {0} is not recommended. These Journals won't be available for Reconciliation.,Making Journal Entries against advance accounts: {0} is not recommended. These Journals won't be available for Reconciliation.
Manage,Manage
Manage Sales Tax Templates,Manage Sales Tax Templates
Manage Stock Movements,Manage Stock Movements
Manage cost of operations,Manage cost of operations
Manage your orders,Manage your orders
Management,Management
Mandatory Accounting Dimension,Mandatory Accounting Dimension
Mandatory Field,Mandatory Field
Mandatory For Balance Sheet,Mandatory For Balance Sheet
Mandatory For Profit and Loss Account,Mandatory For Profit and Loss Account
Mandatory Missing,Mandatory Missing
Mandatory Purchase Order,Mandatory Purchase Order
Mandatory Purchase Receipt,Mandatory Purchase Receipt
Mandatory Section,Mandatory Section
Manual,Manual
Manual Inspection,Manual Inspection
Manual entry cannot be created! Disable automatic entry for deferred accounting in accounts settings and try again,Manual entry cannot be created! Disable automatic entry for deferred accounting in accounts settings and try again
Manufacture,Manufacture
Manufactured,Manufactured
Manufacturer,Manufacturer
Manufacturer Part Number,Manufacturer Part Number
Manufacturer Part Number <b>{0}</b> is invalid,Manufacturer Part Number <b>{0}</b> is invalid
Manufacturers used in Items,Manufacturers used in Items
Manufacturing Date,Manufacturing Date
Manufacturing Manager,Manufacturing Manager
Manufacturing Quantity is mandatory,Manufacturing Quantity is mandatory
Manufacturing Section,Manufacturing Section
Manufacturing Settings,Manufacturing Settings
Manufacturing Type,Manufacturing Type
Manufacturing User,Manufacturing User
Manufacturing module is all set up!,Manufacturing module is all set up!
Mapping Purchase Receipt ...,Mapping Purchase Receipt ...
Mapping Subcontracting Order ...,Mapping Subcontracting Order ...
Mapping {0} ...,Mapping {0} ...
Margin,Margin
Margin Money,Margin Money
Margin Rate or Amount,Margin Rate or Amount
Margin Type,Margin Type
Margin View,Margin View
Marital Status,Marital Status
Mark As Closed,Mark As Closed
Market Segment,Market Segment
Marketing,Marketing
Marketing Expenses,Marketing Expenses
Married,Married
Mask,Mask
Masters,Masters
Material,Material
Material Consumption,Material Consumption
Material Consumption for Manufacture,Material Consumption for Manufacture
Material Consumption is not set in Manufacturing Settings.,Material Consumption is not set in Manufacturing Settings.
Material Issue,Material Issue
Material Request Date,Material Request Date
Material Request Detail,Material Request Detail
Material Request No,Material Request No
Material Request Plan Item,Material Request Plan Item
Material Request Planning,Material Request Planning
Material Request Type,Material Request Type
"Material Request not created, as quantity for Raw Materials already available.","Material Request not created, as quantity for Raw Materials already available."
Material Request of maximum {0} can be made for Item {1} against Sales Order {2},Material Request of maximum {0} can be made for Item {1} against Sales Order {2}
Material Request used to make this Stock Entry,Material Request used to make this Stock Entry
Material Request {0} is cancelled or stopped,Material Request {0} is cancelled or stopped
Material Request {0} submitted.,Material Request {0} submitted.
Material Requested,Material Requested
Material Requests,Material Requests
Material Requests Required,Material Requests Required
Material Requests for which Supplier Quotations are not created,Material Requests for which Supplier Quotations are not created
Material Returned from WIP,Material Returned from WIP
Material Transfer,Material Transfer
Material Transfer (In Transit),Material Transfer (In Transit)
Material Transfer for Manufacture,Material Transfer for Manufacture
Material Transferred,Material Transferred
Material Transferred for Manufacture,Material Transferred for Manufacture
Material Transferred for Subcontract,Material Transferred for Subcontract
Material to Supplier,Material to Supplier
Materials Required (Exploded),Materials Required (Exploded)
Materials are already received against the {0} {1},Materials are already received against the {0} {1}
Materials needs to be transferred to the work in progress warehouse for the job card {0},Materials needs to be transferred to the work in progress warehouse for the job card {0}
Max Amount,Max Amount
Max Amt,Max Amt
Max Discount (%),Max Discount (%)
Max Grade,Max Grade
Max Qty,Max Qty
Max Qty (As Per Stock UOM),Max Qty (As Per Stock UOM)
Max Sample Quantity,Max Sample Quantity
Max Score,Max Score
Max discount allowed for item: {0} is {1}%,Max discount allowed for item: {0} is {1}%
Max: {0},Max: {0}
Maximum Invoice Amount,Maximum Invoice Amount
Maximum Net Rate,Maximum Net Rate
Maximum Payment Amount,Maximum Payment Amount
Maximum Samples - {0} can be retained for Batch {1} and Item {2}.,Maximum Samples - {0} can be retained for Batch {1} and Item {2}.
Maximum Samples - {0} have already been retained for Batch {1} and Item {2} in Batch {3}.,Maximum Samples - {0} have already been retained for Batch {1} and Item {2} in Batch {3}.
Maximum Use,Maximum Use
Maximum discount for Item {0} is {1}%,Maximum discount for Item {0} is {1}%
Maximum quantity scanned for item {0}.,Maximum quantity scanned for item {0}.
Maximum sample quantity that can be retained,Maximum sample quantity that can be retained
Mention Valuation Rate in the Item master.,Mention Valuation Rate in the Item master.
Mention if non-standard Receivable account,Mention if non-standard Receivable account
Mention if non-standard payable account,Mention if non-standard payable account
Mention if non-standard receivable account applicable,Mention if non-standard receivable account applicable
Merge,Merge
Merge Account,Merge Account
Merge Invoices Based On,Merge Invoices Based On
Merge Progress,Merge Progress
Merge Similar Account Heads,Merge Similar Account Heads
Merge taxes from multiple documents,Merge taxes from multiple documents
Merge with Existing Account,Merge with Existing Account
Merged,Merged
"Merging is only possible if following properties are same in both records. Is Group, Root Type, Company and Account Currency","Merging is only possible if following properties are same in both records. Is Group, Root Type, Company and Account Currency"
Merging {0} of {1},Merging {0} of {1}
Message for Supplier,Message for Supplier
Message to show,Message to show
Message will be sent to the users to get their status on the Project,Message will be sent to the users to get their status on the Project
Messages greater than 160 characters will be split into multiple messages,Messages greater than 160 characters will be split into multiple messages
Middle Income,Middle Income
Min Amount,Min Amount
Min Amt,Min Amt
Min Amt can not be greater than Max Amt,Min Amt can not be greater than Max Amt
Min Grade,Min Grade
Min Order Qty,Min Order Qty
Min Qty,Min Qty
Min Qty (As Per Stock UOM),Min Qty (As Per Stock UOM)
Min Qty can not be greater than Max Qty,Min Qty can not be greater than Max Qty
Min Qty should be greater than Recurse Over Qty,Min Qty should be greater than Recurse Over Qty
Minimum Invoice Amount,Minimum Invoice Amount
Minimum Lead Age (Days),Minimum Lead Age (Days)
Minimum Net Rate,Minimum Net Rate
Minimum Order Qty,Minimum Order Qty
Minimum Order Quantity,Minimum Order Quantity
Minimum Payment Amount,Minimum Payment Amount
Minimum Qty,Minimum Qty
Minimum Total Spent,Minimum Total Spent
Minimum quantity should be as per Stock UOM,Minimum quantity should be as per Stock UOM
Minute,Minute
Miscellaneous Expenses,Miscellaneous Expenses
Mismatch,Mismatch
Missing,Missing
Missing Account,Missing Account
Missing Asset,Missing Asset
Missing Cost Center,Missing Cost Center
Missing Default in Company,Missing Default in Company
Missing Finance Book,Missing Finance Book
Missing Finished Good,Missing Finished Good
Missing Formula,Missing Formula
Missing Item,Missing Item
Missing Items,Missing Items
Missing Payments App,Missing Payments App
Missing Serial No Bundle,Missing Serial No Bundle
Missing email template for dispatch. Please set one in Delivery Settings.,Missing email template for dispatch. Please set one in Delivery Settings.
Missing value,Missing value
Mixed Conditions,Mixed Conditions
Mobile Number,Mobile Number
Mobile:,Mobile:
Mode Of Payment,Mode Of Payment
Mode of Payment,Mode of Payment
Mode of Payment Account,Mode of Payment Account
Mode of Payments,Mode of Payments
Model,Model
Modes of Payment,Modes of Payment
Modified On,Modified On
Module Settings,Module Settings
Monitor Progress,Monitor Progress
Monitor for Last 'X' days,Monitor for Last 'X' days
Monitoring Frequency,Monitoring Frequency
Month(s) after the end of the invoice month,Month(s) after the end of the invoice month
Monthly Completed Work Orders,Monthly Completed Work Orders
Monthly Distribution,Monthly Distribution
Monthly Distribution Percentage,Monthly Distribution Percentage
Monthly Distribution Percentages,Monthly Distribution Percentages
Monthly Quality Inspections,Monthly Quality Inspections
Monthly Rate,Monthly Rate
Monthly Sales Target,Monthly Sales Target
Monthly Total Work Orders,Monthly Total Work Orders
Months,Months
More details,More details
More/Less than 12 months.,More/Less than 12 months.
Move Item,Move Item
Move Stock,Move Stock
Move to Cart,Move to Cart
Movement,Movement
Moving Average,Moving Average
Moving up in tree ...,Moving up in tree ...
Mpesa Settings,Mpesa Settings
Multi Currency,Multi Currency
Multi-level BOM Creator,Multi-level BOM Creator
Multiple Loyalty Programs found for Customer {}. Please select manually.,Multiple Loyalty Programs found for Customer {}. Please select manually.
"Multiple Price Rules exists with same criteria, please resolve conflict by assigning priority. Price Rules: {0}","Multiple Price Rules exists with same criteria, please resolve conflict by assigning priority. Price Rules: {0}"
Multiple Tier Program,Multiple Tier Program
Multiple Variants,Tạo mẫu mã khác của mặt hàng
Multiple Warehouse Accounts,Multiple Warehouse Accounts
Multiple fiscal years exist for the date {0}. Please set company in Fiscal Year,Multiple fiscal years exist for the date {0}. Please set company in Fiscal Year
Multiple items cannot be marked as finished item,Multiple items cannot be marked as finished item
Must be Whole Number,Must be Whole Number
Must be a publicly accessible Google Sheets URL and adding Bank Account column is necessary for importing via Google Sheets,Must be a publicly accessible Google Sheets URL and adding Bank Account column is necessary for importing via Google Sheets
Mute Email,Mute Email
Name and Employee ID,Name and Employee ID
Name of Beneficiary,Name of Beneficiary
Name of new Account. Note: Please don't create accounts for Customers and Suppliers,Name of new Account. Note: Please don't create accounts for Customers and Suppliers
Name of the Monthly Distribution,Name of the Monthly Distribution
Named Place,Named Place
Naming Series Prefix,Naming Series Prefix
Naming Series and Price Defaults,Naming Series and Price Defaults
Naming Series is mandatory,Naming Series is mandatory
Natural Gas,Natural Gas
Needs Analysis,Needs Analysis
Negative Batch Quantity,Negative Batch Quantity
Negative Quantity is not allowed,Negative Quantity is not allowed
Negative Valuation Rate is not allowed,Negative Valuation Rate is not allowed
Negotiation/Review,Negotiation/Review
Net Amount,Net Amount
Net Amount (Company Currency),Net Amount (Company Currency)
Net Asset value as on,Net Asset value as on
Net Cash from Financing,Net Cash from Financing
Net Cash from Investing,Net Cash from Investing
Net Cash from Operations,Net Cash from Operations
Net Change in Accounts Payable,Net Change in Accounts Payable
Net Change in Accounts Receivable,Net Change in Accounts Receivable
Net Change in Cash,Net Change in Cash
Net Change in Equity,Net Change in Equity
Net Change in Fixed Asset,Net Change in Fixed Asset
Net Change in Inventory,Net Change in Inventory
Net Hour Rate,Net Hour Rate
Net Profit,Net Profit
Net Profit/Loss,Net Profit/Loss
Net Purchase Amount,Net Purchase Amount
Net Rate,Net Rate
Net Rate (Company Currency),Net Rate (Company Currency)
Net Total,Net Total
Net Total (Company Currency),Net Total (Company Currency)
Net Weight,Net Weight
Net Weight UOM,Net Weight UOM
Net total calculation precision loss,Net total calculation precision loss
New Account Name,New Account Name
New Asset Value,New Asset Value
New Assets (This Year),New Assets (This Year)
New Balance In Account Currency,New Balance In Account Currency
New Balance In Base Currency,New Balance In Base Currency
New Batch ID (Optional),New Batch ID (Optional)
New Batch Qty,New Batch Qty
New Company,New Company
New Cost Center Name,New Cost Center Name
New Customer Revenue,New Customer Revenue
New Customers,New Customers
New Department,Phòng ban mới
New Employee,New Employee
New Exchange Rate,New Exchange Rate
New Expenses,New Expenses
New Income,New Income
New Location,New Location
New Note,New Note
New Purchase Invoice,New Purchase Invoice
New Purchase Orders,New Purchase Orders
New Quality Procedure,New Quality Procedure
New Quotations,New Quotations
New Sales Invoice,New Sales Invoice
New Sales Orders,New Sales Orders
New Sales Person Name,New Sales Person Name
New Serial No cannot have Warehouse. Warehouse must be set by Stock Entry or Purchase Receipt,New Serial No cannot have Warehouse. Warehouse must be set by Stock Entry or Purchase Receipt
New Task,New Task
New Warehouse Name,New Warehouse Name
New Workplace,New Workplace
New credit limit is less than current outstanding amount for the customer. Credit limit has to be atleast {0},New credit limit is less than current outstanding amount for the customer. Credit limit has to be atleast {0}
New invoices will be generated as per schedule even if current invoices are unpaid or past due date,New invoices will be generated as per schedule even if current invoices are unpaid or past due date
New release date should be in the future,New release date should be in the future
New task,New task
New {0} pricing rules are created,New {0} pricing rules are created
Next Depreciation Date,Next Depreciation Date
Next Due Date,Next Due Date
Next email will be sent on:,Next email will be sent on:
No Account matched these filters: {},No Account matched these filters: {}
No Action,No Action
No Answer,No Answer
No Customer found for Inter Company Transactions which represents company {0},No Customer found for Inter Company Transactions which represents company {0}
No Customers found with selected options.,No Customers found with selected options.
No Delivery Note selected for Customer {},No Delivery Note selected for Customer {}
No Item with Barcode {0},No Item with Barcode {0}
No Item with Serial No {0},No Item with Serial No {0}
No Items selected for transfer.,No Items selected for transfer.
No Items with Bill of Materials to Manufacture,No Items with Bill of Materials to Manufacture
No Items with Bill of Materials.,No Items with Bill of Materials.
No Matching Bank Transactions Found,No Matching Bank Transactions Found
No Notes,No Notes
No Outstanding Invoices found for this party,No Outstanding Invoices found for this party
No POS Profile found. Please create a New POS Profile first,No POS Profile found. Please create a New POS Profile first
No Permission,No Permission
No Records for these settings.,No Records for these settings.
No Remarks,No Remarks
No Selection,No Selection
No Serial / Batches are available for return,No Serial / Batches are available for return
No Stock Available Currently,No Stock Available Currently
No Summary,No Summary
No Supplier found for Inter Company Transactions which represents company {0},No Supplier found for Inter Company Transactions which represents company {0}
No Tax Withholding data found for the current posting date.,No Tax Withholding data found for the current posting date.
No Terms,No Terms
No Unreconciled Invoices and Payments found for this party and account,No Unreconciled Invoices and Payments found for this party and account
No Unreconciled Payments found for this party,No Unreconciled Payments found for this party
No Work Orders were created,No Work Orders were created
No accounting entries for the following warehouses,No accounting entries for the following warehouses
No active BOM found for item {0}. Delivery by Serial No cannot be ensured,No active BOM found for item {0}. Delivery by Serial No cannot be ensured
No additional fields available,No additional fields available
No billing email found for customer: {0},No billing email found for customer: {0}
No contacts with email IDs found.,No contacts with email IDs found.
No data for this period,No data for this period
No data found. Seems like you uploaded a blank file,No data found. Seems like you uploaded a blank file
No description given,No description given
No employee was scheduled for call popup,No employee was scheduled for call popup
No item available for transfer.,No item available for transfer.
No items are available in sales orders {0} for production,No items are available in sales orders {0} for production
No items are available in the sales order {0} for production,No items are available in the sales order {0} for production
No items found. Scan barcode again.,No items found. Scan barcode again.
No items in cart,No items in cart
No items to be received are overdue,No items to be received are overdue
No matches occurred via auto reconciliation,No matches occurred via auto reconciliation
No material request created,No material request created
No more children on Left,No more children on Left
No more children on Right,No more children on Right
No of Docs,No of Docs
No of Employees,No of Employees
No of Interactions,No of Interactions
No of Months (Expense),No of Months (Expense)
No of Months (Revenue),No of Months (Revenue)
No of Requested SMS,No of Requested SMS
No of Sent SMS,No of Sent SMS
No of Shares,No of Shares
No of Visits,No of Visits
No open POS Opening Entry found for POS Profile {0}.,No open POS Opening Entry found for POS Profile {0}.
No open event,No open event
No open task,No open task
No outstanding invoices found,No outstanding invoices found
No outstanding invoices require exchange rate revaluation,No outstanding invoices require exchange rate revaluation
No outstanding {0} found for the {1} {2} which qualify the filters you have specified.,No outstanding {0} found for the {1} {2} which qualify the filters you have specified.
No pending Material Requests found to link for the given items.,No pending Material Requests found to link for the given items.
No primary email found for customer: {0},No primary email found for customer: {0}
No products found.,No products found.
No recent transactions found,No recent transactions found
No record found,No record found
No records found in Allocation table,No records found in Allocation table
No records found in the Invoices table,No records found in the Invoices table
No records found in the Payments table,No records found in the Payments table
No stock ledger entries were created. Please set the quantity or valuation rate for the items properly and try again.,No stock ledger entries were created. Please set the quantity or valuation rate for the items properly and try again.
No stock transactions can be created or modified before this date.,No stock transactions can be created or modified before this date.
No values,No values
No {0} Accounts found for this company.,No {0} Accounts found for this company.
No {0} found for Inter Company Transactions.,No {0} found for Inter Company Transactions.
No. of Employees,No. of Employees
No. of parallel job cards which can be allowed on this workstation. Example: 2 would mean this workstation can process production for two Work Orders at a time.,No. of parallel job cards which can be allowed on this workstation. Example: 2 would mean this workstation can process production for two Work Orders at a time.
Non Conformance,Non Conformance
Non Depreciable Category,Non Depreciable Category
Non Profit,Non Profit
Non stock items,Non stock items
None of the items have any change in quantity or value.,None of the items have any change in quantity or value.
Not Applicable,Not Applicable
Not Available,Not Available
Not Billed,Not Billed
Not Delivered,Not Delivered
Not Specified,Not Specified
Not able to find the earliest Fiscal Year for the given company.,Not able to find the earliest Fiscal Year for the given company.
Not allow to set alternative item for the item {0},Not allow to set alternative item for the item {0}
Not allowed to create accounting dimension for {0},Not allowed to create accounting dimension for {0}
Not allowed to update stock transactions older than {0},Not allowed to update stock transactions older than {0}
Not authorized to edit frozen Account {0},Not authorized to edit frozen Account {0}
Not authroized since {0} exceeds limits,Not authroized since {0} exceeds limits
Not in Stock,Not in Stock
Not in stock,Not in stock
Note: Automatic log deletion only applies to logs of type <i>Update Cost</i>,Note: Automatic log deletion only applies to logs of type <i>Update Cost</i>
Note: Due Date exceeds allowed {0} credit days by {1} day(s),Note: Due Date exceeds allowed {0} credit days by {1} day(s)
Note: Email will not be sent to disabled users,Note: Email will not be sent to disabled users
"Note: If you want to use the finished good {0} as a raw material, then enable the 'Do Not Explode' checkbox in the Items table against the same raw material.","Note: If you want to use the finished good {0} as a raw material, then enable the 'Do Not Explode' checkbox in the Items table against the same raw material."
Note: Item {0} added multiple times,Note: Item {0} added multiple times
Note: Payment Entry will not be created since 'Cash or Bank Account' was not specified,Note: Payment Entry will not be created since 'Cash or Bank Account' was not specified
Note: Please create Sales Orders from individual Quotations to select from among Alternative Items.,Note: Please create Sales Orders from individual Quotations to select from among Alternative Items.
Note: This Cost Center is a Group. Cannot make accounting entries against groups.,Note: This Cost Center is a Group. Cannot make accounting entries against groups.
"Note: To merge the items, create a separate Stock Reconciliation for the old item {0}","Note: To merge the items, create a separate Stock Reconciliation for the old item {0}"
Note: {0},Note: {0}
Notes,Notes
Notes HTML,Notes HTML
Nothing is included in gross,Nothing is included in gross
Nothing more to show.,Nothing more to show.
Notice (days),Notice (days)
Notify Customers via Email,Notify Customers via Email
Notify Employee,Notify Employee
Notify Other,Notify Other
Notify Reposting Error to Role,Notify Reposting Error to Role
Notify Supplier,Notify Supplier
Notify Via Email,Notify Via Email
Notify by Email on Creation of Automatic Material Request,Notify by Email on Creation of Automatic Material Request
Notify customer and agent via email on the day of the appointment.,Notify customer and agent via email on the day of the appointment.
Number of Columns,Number of Columns
Number of Concurrent Appointments,Number of Concurrent Appointments
Number of Days,Number of Days
Number of Interaction,Number of Interaction
Number of Order,Number of Order
Number of columns for this section. 3 cards will be shown per row if you select 3 columns.,Number of columns for this section. 3 cards will be shown per row if you select 3 columns.
Number of days after invoice date has elapsed before canceling subscription or marking subscription as unpaid,Number of days after invoice date has elapsed before canceling subscription or marking subscription as unpaid
Number of days appointments can be booked in advance,Number of days appointments can be booked in advance
Number of days that the subscriber has to pay invoices generated by this subscription,Number of days that the subscriber has to pay invoices generated by this subscription
"Number of intervals for the interval field e.g if Interval is 'Days' and Billing Interval Count is 3, invoices will be generated every 3 days","Number of intervals for the interval field e.g if Interval is 'Days' and Billing Interval Count is 3, invoices will be generated every 3 days"
"Number of new Account, it will be included in the account name as a prefix","Number of new Account, it will be included in the account name as a prefix"
"Number of new Cost Center, it will be included in the cost center name as a prefix","Number of new Cost Center, it will be included in the cost center name as a prefix"
Numeric,Numeric
Numeric Inspection,Numeric Inspection
Numeric Values,Giá trị số
Numero has not set in the XML file,Numero has not set in the XML file
O+,O+
O-,O-
Objective,Objective
Objectives,Objectives
Odometer Value (Last),Odometer Value (Last)
Offer Date,Offer Date
Office Equipments,Office Equipments
Office Maintenance Expenses,Office Maintenance Expenses
Office Rent,Office Rent
Offsetting Account,Offsetting Account
Offsetting for Accounting Dimension,Offsetting for Accounting Dimension
Oldest Of Invoice Or Advance,Oldest Of Invoice Or Advance
On Converting Opportunity,On Converting Opportunity
On Hold Since,On Hold Since
On Item Quantity,On Item Quantity
On Net Total,On Net Total
On Paid Amount,On Paid Amount
On Previous Row Amount,On Previous Row Amount
On Previous Row Total,On Previous Row Total
On Purchase Order Submission,On Purchase Order Submission
On Sales Order Submission,On Sales Order Submission
On Task Completion,On Task Completion
On This Date,On This Date
On Track,On Track
On enabling this cancellation entries will be posted on the actual cancellation date and reports will consider cancelled entries as well,On enabling this cancellation entries will be posted on the actual cancellation date and reports will consider cancelled entries as well
"On expanding a row in the Items to Manufacture table, you'll see an option to 'Include Exploded Items'. Ticking this includes raw materials of the sub-assembly items in the production process.","On expanding a row in the Items to Manufacture table, you'll see an option to 'Include Exploded Items'. Ticking this includes raw materials of the sub-assembly items in the production process."
"On submission of the stock transaction, system will auto create the Serial and Batch Bundle based on the Serial No / Batch fields.","On submission of the stock transaction, system will auto create the Serial and Batch Bundle based on the Serial No / Batch fields."
On {0} Creation,On {0} Creation
On-machine press checks,On-machine press checks
"Once set, this invoice will be on hold till the set date","Once set, this invoice will be on hold till the set date"
Once the Work Order is Closed. It can't be resumed.,Once the Work Order is Closed. It can't be resumed.
One customer can be part of only single Loyalty Program.,One customer can be part of only single Loyalty Program.
Ongoing Job Cards,Ongoing Job Cards
Only 'Payment Entries' made against this advance account are supported.,Only 'Payment Entries' made against this advance account are supported.
Only CSV and Excel files can be used to for importing data. Please check the file format you are trying to upload,Only CSV and Excel files can be used to for importing data. Please check the file format you are trying to upload
Only Deduct Tax On Excess Amount,Only Deduct Tax On Excess Amount
Only Include Allocated Payments,Only Include Allocated Payments
Only Parent can be of type {0},Only Parent can be of type {0}
Only applies for Normal Payments,Only applies for Normal Payments
Only existing assets,Only existing assets
Only one {0} entry can be created against the Work Order {1},Only one {0} entry can be created against the Work Order {1}
Only payment entries with apply tax withholding unchecked will be considered for checking cumulative threshold breach,Only payment entries with apply tax withholding unchecked will be considered for checking cumulative threshold breach
Only show Customer of these Customer Groups,Only show Customer of these Customer Groups
Only show Items from these Item Groups,Only show Items from these Item Groups
"Only values between [0,1) are allowed. Like {0.00, 0.04, 0.09, ...}\nEx: If allowance is set at 0.07, accounts that have balance of 0.07 in either of the currencies will be considered as zero balance account","Only values between [0,1) are allowed. Like {0.00, 0.04, 0.09, ...}\nEx: If allowance is set at 0.07, accounts that have balance of 0.07 in either of the currencies will be considered as zero balance account"
Only {0} are supported,Only {0} are supported
Open Activities HTML,Open Activities HTML
Open Call Log,Open Call Log
Open Contact,Open Contact
Open Event,Open Event
Open Events,Open Events
Open Form View,Open Form View
Open Issues,Open Issues
Open Notifications,Open Notifications
Open Projects,Open Projects
Open Quotations,Open Quotations
Open Sales Orders,Open Sales Orders
Open Task,Open Task
Open Tasks,Open Tasks
Open To Do,Open To Do
Open Work Order {0},Open Work Order {0}
Open Work Orders,Open Work Orders
Open a new ticket,Open a new ticket
Opening,Opening
Opening & Closing,Opening & Closing
Opening (Cr),Opening (Cr)
Opening (Dr),Opening (Dr)
Opening Accumulated Depreciation,Opening Accumulated Depreciation
Opening Accumulated Depreciation must be less than or equal to {0},Opening Accumulated Depreciation must be less than or equal to {0}
Opening Amount,Opening Amount
Opening Balance,Opening Balance
Opening Balance Details,Opening Balance Details
Opening Balance Equity,Opening Balance Equity
Opening Date,Opening Date
Opening Entry,Opening Entry
Opening Entry can not be created after Period Closing Voucher is created.,Opening Entry can not be created after Period Closing Voucher is created.
Opening Invoice Creation In Progress,Opening Invoice Creation In Progress
Opening Invoice Creation Tool,Opening Invoice Creation Tool
Opening Invoice Creation Tool Item,Opening Invoice Creation Tool Item
Opening Invoice Item,Opening Invoice Item
"Opening Invoice has rounding adjustment of {0}.<br><br> '{1}' account is required to post these values. Please set it in Company: {2}.<br><br> Or, '{3}' can be enabled to not post any rounding adjustment.","Opening Invoice has rounding adjustment of {0}.<br><br> '{1}' account is required to post these values. Please set it in Company: {2}.<br><br> Or, '{3}' can be enabled to not post any rounding adjustment."
Opening Invoices,Opening Invoices
Opening Invoices Summary,Opening Invoices Summary
Opening Number of Booked Depreciations,Opening Number of Booked Depreciations
Opening Purchase Invoices have been created.,Opening Purchase Invoices have been created.
Opening Qty,Opening Qty
Opening Sales Invoices have been created.,Opening Sales Invoices have been created.
Opening Time,Opening Time
Opening Value,Opening Value
Opening and Closing,Opening and Closing
Operating Cost,Operating Cost
Operating Cost (Company Currency),Operating Cost (Company Currency)
Operating Cost Per BOM Quantity,Operating Cost Per BOM Quantity
Operating Cost as per Work Order / BOM,Operating Cost as per Work Order / BOM
Operating Cost(Company Currency),Operating Cost(Company Currency)
Operating Costs,Operating Costs
Operation Id,Operation Id
Operation Time must be greater than 0 for Operation {0},Operation Time must be greater than 0 for Operation {0}
Operation completed for how many finished goods?,Operation completed for how many finished goods?
Operation time does not depend on quantity to produce,Operation time does not depend on quantity to produce
Operation {0} added multiple times in the work order {1},Operation {0} added multiple times in the work order {1}
Operation {0} does not belong to the work order {1},Operation {0} does not belong to the work order {1}
"Operation {0} longer than any available working hours in workstation {1}, break down the operation into multiple operations","Operation {0} longer than any available working hours in workstation {1}, break down the operation into multiple operations"
Operations cannot be left blank,Operations cannot be left blank
Operator,Operator
Opp Count,Opp Count
Opp/Lead %,Opp/Lead %
Opportunities,Opportunities
Opportunities by lead source,Opportunities by lead source
Opportunity,Opportunity
Opportunity Amount,Opportunity Amount
Opportunity Amount (Company Currency),Opportunity Amount (Company Currency)
Opportunity Date,Opportunity Date
Opportunity From,Opportunity From
Opportunity Item,Opportunity Item
Opportunity Lost Reason,Opportunity Lost Reason
Opportunity Lost Reason Detail,Opportunity Lost Reason Detail
Opportunity Owner,Opportunity Owner
Opportunity Source,Opportunity Source
Opportunity Summary by Sales Stage,Opportunity Summary by Sales Stage
Opportunity Type,Opportunity Type
Opportunity Value,Opportunity Value
Opportunity {0} created,Opportunity {0} created
Optimize Route,Optimize Route
"Optional. Sets company's default currency, if not specified.","Optional. Sets company's default currency, if not specified."
Optional. This setting will be used to filter in various transactions.,Optional. This setting will be used to filter in various transactions.
Order Amount,Order Amount
Order By,Order By
Order Confirmation Date,Order Confirmation Date
Order Confirmation No,Order Confirmation No
Order Count,Order Count
Order Date,Order Date
Order Information,Order Information
Order No,Order No
Order Qty,Order Qty
Order Status,Order Status
Order Type,Order Type
Order Value,Order Value
"Order in which sections should appear. 0 is first, 1 is second and so on.","Order in which sections should appear. 0 is first, 1 is second and so on."
Order/Quot %,Order/Quot %
Ordered,Ordered
Ordered Qty,Ordered Qty
"Ordered Qty: Quantity ordered for purchase, but not received.","Ordered Qty: Quantity ordered for purchase, but not received."
Ordered Quantity,Ordered Quantity
Orders,Orders
Organization,Organization
Organization Name,Organization Name
Original Item,Original Item
Other Details,Other Details
Other Info,Other Info
Other Reports,Other Reports
Other Settings,Other Settings
Out Qty,Out Qty
Out Value,Out Value
Out of AMC,Out of AMC
Out of Order,Out of Order
Out of Stock,Out of Stock
Out of Warranty,Out of Warranty
Out of stock,Out of stock
Outgoing,Outgoing
Outgoing Rate,Outgoing Rate
Outstanding,Outstanding
Outstanding (Company Currency),Outstanding (Company Currency)
Outstanding Amount,Outstanding Amount
Outstanding Amt,Outstanding Amt
Outstanding Cheques and Deposits to clear,Outstanding Cheques and Deposits to clear
Outstanding for {0} cannot be less than zero ({1}),Outstanding for {0} cannot be less than zero ({1})
Outward,Outward
Over Billing Allowance (%),Over Billing Allowance (%)
Over Billing Allowance exceeded for Purchase Receipt Item {0} ({1}) by {2}%,Over Billing Allowance exceeded for Purchase Receipt Item {0} ({1}) by {2}%
Over Delivery/Receipt Allowance (%),Over Delivery/Receipt Allowance (%)
Over Picking Allowance,Over Picking Allowance
Over Receipt,Over Receipt
Over Receipt/Delivery of {0} {1} ignored for item {2} because you have {3} role.,Over Receipt/Delivery of {0} {1} ignored for item {2} because you have {3} role.
Over Transfer Allowance,Over Transfer Allowance
Over Transfer Allowance (%),Over Transfer Allowance (%)
Overbilling of {0} {1} ignored for item {2} because you have {3} role.,Overbilling of {0} {1} ignored for item {2} because you have {3} role.
Overbilling of {} ignored because you have {} role.,Overbilling of {} ignored because you have {} role.
Overdue,Overdue
Overdue Days,Overdue Days
Overdue Payment,Overdue Payment
Overdue Payments,Overdue Payments
Overdue Tasks,Overdue Tasks
Overdue and Discounted,Overdue and Discounted
Overlap in scoring between {0} and {1},Overlap in scoring between {0} and {1}
Overlapping conditions found between:,Overlapping conditions found between:
Overproduction Percentage For Sales Order,Overproduction Percentage For Sales Order
Overproduction Percentage For Work Order,Overproduction Percentage For Work Order
Overproduction for Sales and Work Order,Overproduction for Sales and Work Order
Owned,Owned
PAN No,PAN No
PDF Name,PDF Name
PO Supplied Item,PO Supplied Item
POS,POS
POS Closed,POS Closed
POS Closing Entry,POS Closing Entry
POS Closing Entry Detail,POS Closing Entry Detail
POS Closing Entry Taxes,POS Closing Entry Taxes
POS Closing Failed,POS Closing Failed
POS Closing failed while running in a background process. You can resolve the {0} and retry the process again.,POS Closing failed while running in a background process. You can resolve the {0} and retry the process again.
POS Customer Group,POS Customer Group
POS Field,POS Field
POS Invoice,POS Invoice
POS Invoice Item,POS Invoice Item
POS Invoice Merge Log,POS Invoice Merge Log
POS Invoice Reference,POS Invoice Reference
POS Invoice is already consolidated,POS Invoice is already consolidated
POS Invoice is not submitted,POS Invoice is not submitted
POS Invoice isn't created by user {},POS Invoice isn't created by user {}
POS Invoice should have the field {0} checked.,POS Invoice should have the field {0} checked.
POS Invoices,POS Invoices
POS Invoices will be consolidated in a background process,POS Invoices will be consolidated in a background process
POS Invoices will be unconsolidated in a background process,POS Invoices will be unconsolidated in a background process
POS Item Group,POS Item Group
POS Opening Entry,POS Opening Entry
POS Opening Entry Detail,POS Opening Entry Detail
POS Opening Entry Missing,POS Opening Entry Missing
POS Payment Method,POS Payment Method
POS Profile,POS Profile
POS Profile User,POS Profile User
POS Profile doesn't match {},POS Profile doesn't match {}
POS Profile required to make POS Entry,POS Profile required to make POS Entry
POS Profile {} contains Mode of Payment {}. Please remove them to disable this mode.,POS Profile {} contains Mode of Payment {}. Please remove them to disable this mode.
POS Profile {} does not belongs to company {},POS Profile {} does not belongs to company {}
POS Register,POS Register
POS Search Fields,POS Search Fields
POS Setting,POS Setting
POS Settings,POS Settings
POS Transactions,POS Transactions
POS has been closed at {0}. Please refresh the page.,POS has been closed at {0}. Please refresh the page.
POS invoice {0} created succesfully,POS invoice {0} created succesfully
PSOA Cost Center,PSOA Cost Center
PSOA Project,PSOA Project
PZN,PZN
Package No(s) already in use. Try from Package No {0},Package No(s) already in use. Try from Package No {0}
Package Weight Details,Package Weight Details
Packaging Slip From Delivery Note,Packaging Slip From Delivery Note
Packed Item,Packed Item
Packed Items,Packed Items
Packed Items cannot be transferred internally,Packed Items cannot be transferred internally
Packed Qty,Packed Qty
Packing List,Packing List
Packing Slip,Packing Slip
Packing Slip Item,Packing Slip Item
Packing Slip(s) cancelled,Packing Slip(s) cancelled
Packing Unit,Packing Unit
Page Break After Each SoA,Page Break After Each SoA
Paid,Paid
Paid Amount,Paid Amount
Paid Amount (Company Currency),Paid Amount (Company Currency)
Paid Amount After Tax,Paid Amount After Tax
Paid Amount After Tax (Company Currency),Paid Amount After Tax (Company Currency)
Paid Amount cannot be greater than total negative outstanding amount {0},Paid Amount cannot be greater than total negative outstanding amount {0}
Paid From Account Type,Paid From Account Type
Paid Loan,Paid Loan
Paid To Account Type,Paid To Account Type
Paid amount + Write Off Amount can not be greater than Grand Total,Paid amount + Write Off Amount can not be greater than Grand Total
Pallets,Pallets
Parameter Group Name,Parameter Group Name
Parameter Name,Parameter Name
Parameters,Parameters
Parcel Template,Parcel Template
Parcel Template Name,Parcel Template Name
Parcel weight cannot be 0,Parcel weight cannot be 0
Parcels,Parcels
Parent Account,Parent Account
Parent Account Missing,Parent Account Missing
Parent Batch,Parent Batch
Parent Company,Parent Company
Parent Company must be a group company,Parent Company must be a group company
Parent Cost Center,Parent Cost Center
Parent Customer Group,Parent Customer Group
Parent Department,Phòng ban cha
Parent Detail docname,Parent Detail docname
Parent Document,Parent Document
Parent Item,Parent Item
Parent Item {0} must not be a Fixed Asset,Parent Item {0} must not be a Fixed Asset
Parent Item {0} must not be a Stock Item,Parent Item {0} must not be a Stock Item
Parent Location,Parent Location
Parent Procedure,Parent Procedure
Parent Row No,Parent Row No
Parent Row No not found for {0},Parent Row No not found for {0}
Parent Sales Person,Parent Sales Person
Parent Supplier Group,Parent Supplier Group
Parent Task,Parent Task
Parent Task {0} is not a Template Task,Parent Task {0} is not a Template Task
Parent Territory,Parent Territory
Parsing Error,Parsing Error
Partial Material Transferred,Partial Material Transferred
Partial Payment in POS Invoice is not allowed.,Partial Payment in POS Invoice is not allowed.
Partial Stock Reservation,Partial Stock Reservation
"Partial stock can be reserved. For example, If you have a Sales Order of 100 units and the Available Stock is 90 units then a Stock Reservation Entry will be created for 90 units.","Partial stock can be reserved. For example, If you have a Sales Order of 100 units and the Available Stock is 90 units then a Stock Reservation Entry will be created for 90 units."
Partially Completed,Partially Completed
Partially Delivered,Partially Delivered
Partially Depreciated,Partially Depreciated
Partially Fulfilled,Partially Fulfilled
Partially Ordered,Partially Ordered
Partially Paid,Partially Paid
Partially Received,Partially Received
Partially Reconciled,Partially Reconciled
Partially Reserved,Partially Reserved
Partially ordered,Partially ordered
Partly Billed,Partly Billed
Partly Delivered,Partly Delivered
Partly Paid,Partly Paid
Partly Paid and Discounted,Partly Paid and Discounted
Partner Type,Partner Type
Partner website,Partner website
Partnership,Partnership
Party,Party
Party Account,Party Account
Party Account Currency,Party Account Currency
Party Account No. (Bank Statement),Party Account No. (Bank Statement)
Party Account {0} currency ({1}) and document currency ({2}) should be same,Party Account {0} currency ({1}) and document currency ({2}) should be same
Party Balance,Party Balance
Party Bank Account,Party Bank Account
Party Details,Party Details
Party Full Name,Party Full Name
Party IBAN (Bank Statement),Party IBAN (Bank Statement)
Party Information,Party Information
Party Item Code,Party Item Code
Party Link,Party Link
Party Mismatch,Party Mismatch
Party Name,Party Name
Party Name/Account Holder (Bank Statement),Party Name/Account Holder (Bank Statement)
Party Specific Item,Party Specific Item
Party Type,Party Type
Party Type and Party can only be set for Receivable / Payable account<br><br>{0},Party Type and Party can only be set for Receivable / Payable account<br><br>{0}
Party Type and Party is mandatory for {0} account,Party Type and Party is mandatory for {0} account
Party Type and Party is required for Receivable / Payable account {0},Party Type and Party is required for Receivable / Payable account {0}
Party Type is mandatory,Party Type is mandatory
Party User,Party User
Party can only be one of {0},Party can only be one of {0}
Party is mandatory,Party is mandatory
Passed,Passed
Passport Details,Passport Details
Passport Number,Passport Number
Past Due Date,Past Due Date
Pause,Pause
Pause Job,Pause Job
Pause SLA On Status,Pause SLA On Status
Paused,Paused
Pay,Pay
Pay To / Recd From,Pay To / Recd From
Payable,Payable
Payable Account,Payable Account
Payables,Payables
Payer Settings,Payer Settings
Payment,Payment
Payment Account,Payment Account
Payment Amount,Payment Amount
Payment Amount (Company Currency),Payment Amount (Company Currency)
Payment Channel,Payment Channel
Payment Deductions or Loss,Payment Deductions or Loss
Payment Document,Payment Document
Payment Document Type,Payment Document Type
Payment Due Date,Payment Due Date
Payment Entries,Payment Entries
Payment Entries {0} are un-linked,Payment Entries {0} are un-linked
Payment Entry,Payment Entry
Payment Entry Deduction,Payment Entry Deduction
Payment Entry Reference,Payment Entry Reference
Payment Entry already exists,Payment Entry already exists
Payment Entry has been modified after you pulled it. Please pull it again.,Payment Entry has been modified after you pulled it. Please pull it again.
Payment Entry is already created,Payment Entry is already created
"Payment Entry {0} is linked against Order {1}, check if it should be pulled as advance in this invoice.","Payment Entry {0} is linked against Order {1}, check if it should be pulled as advance in this invoice."
Payment Failed,Payment Failed
Payment From / To,Payment From / To
Payment Gateway,Payment Gateway
Payment Gateway Account,Payment Gateway Account
"Payment Gateway Account not created, please create one manually.","Payment Gateway Account not created, please create one manually."
Payment Gateway Details,Payment Gateway Details
Payment Ledger,Payment Ledger
Payment Ledger Balance,Payment Ledger Balance
Payment Ledger Entry,Payment Ledger Entry
Payment Limit,Payment Limit
Payment Method,Payment Method
Payment Methods,Payment Methods
Payment Mode,Payment Mode
Payment Order,Payment Order
Payment Order Reference,Payment Order Reference
Payment Order Status,Payment Order Status
Payment Order Type,Payment Order Type
Payment Ordered,Payment Ordered
Payment Period Based On Invoice Date,Payment Period Based On Invoice Date
Payment Plan,Payment Plan
Payment Receipt Note,Payment Receipt Note
Payment Received,Payment Received
Payment Reconciliation,Payment Reconciliation
Payment Reconciliation Allocation,Payment Reconciliation Allocation
Payment Reconciliation Invoice,Payment Reconciliation Invoice
Payment Reconciliation Job: {0} is running for this party. Can't reconcile now.,Payment Reconciliation Job: {0} is running for this party. Can't reconcile now.
Payment Reconciliation Payment,Payment Reconciliation Payment
Payment Reconciliation Settings,Payment Reconciliation Settings
Payment Reference,Payment Reference
Payment References,Payment References
Payment Request,Payment Request
Payment Request Outstanding,Payment Request Outstanding
Payment Request Type,Payment Request Type
Payment Request created from Sales Order or Purchase Order will be in Draft status. When disabled document will be in unsaved state.,Payment Request created from Sales Order or Purchase Order will be in Draft status. When disabled document will be in unsaved state.
Payment Request for {0},Payment Request for {0}
Payment Request is already created,Payment Request is already created
Payment Request took too long to respond. Please try requesting for payment again.,Payment Request took too long to respond. Please try requesting for payment again.
Payment Requests cannot be created against: {0},Payment Requests cannot be created against: {0}
Payment Schedule,Payment Schedule
Payment Status,Payment Status
Payment Term,Payment Term
Payment Term Name,Payment Term Name
Payment Term Outstanding,Payment Term Outstanding
Payment Terms,Payment Terms
Payment Terms Status for Sales Order,Payment Terms Status for Sales Order
Payment Terms Template,Payment Terms Template
Payment Terms Template Detail,Payment Terms Template Detail
Payment Terms from orders will be fetched into the invoices as is,Payment Terms from orders will be fetched into the invoices as is
Payment Type,Payment Type
"Payment Type must be one of Receive, Pay and Internal Transfer","Payment Type must be one of Receive, Pay and Internal Transfer"
Payment Unlink Error,Payment Unlink Error
Payment against {0} {1} cannot be greater than Outstanding Amount {2},Payment against {0} {1} cannot be greater than Outstanding Amount {2}
Payment amount cannot be less than or equal to 0,Payment amount cannot be less than or equal to 0
Payment methods are mandatory. Please add at least one payment method.,Payment methods are mandatory. Please add at least one payment method.
Payment of {0} received successfully.,Payment of {0} received successfully.
Payment of {0} received successfully. Waiting for other requests to complete...,Payment of {0} received successfully. Waiting for other requests to complete...
Payment related to {0} is not completed,Payment related to {0} is not completed
Payment request failed,Payment request failed
Payment term {0} not used in {1},Payment term {0} not used in {1}
Payments,Payments
Payroll Entry,Payroll Entry
Payroll Payable,Payroll Payable
Payslip,Payslip
Pegged Against,Pegged Against
Pegged Currencies,Pegged Currencies
Pegged Currency Details,Pegged Currency Details
Pending Activities,Pending Activities
Pending Amount,Pending Amount
Pending Qty,Pending Qty
Pending Quantity,Pending Quantity
Pending Review,Pending Review
Pending SO Items For Purchase Request,Pending SO Items For Purchase Request
Pending Work Order,Pending Work Order
Pending activities for today,Pending activities for today
Pending processing,Pending processing
Per Month,Per Month
Per Received,Per Received
Per Week,Per Week
Per Year,Per Year
Percentage (%),Percentage (%)
Percentage Allocation,Percentage Allocation
Percentage Allocation should be equal to 100%,Percentage Allocation should be equal to 100%
Percentage you are allowed to order beyond the Blanket Order quantity.,Percentage you are allowed to order beyond the Blanket Order quantity.
Percentage you are allowed to sell beyond the Blanket Order quantity.,Percentage you are allowed to sell beyond the Blanket Order quantity.
Percentage you are allowed to transfer more against the quantity ordered. For example: If you have ordered 100 units. and your Allowance is 10% then you are allowed to transfer 110 units.,Percentage you are allowed to transfer more against the quantity ordered. For example: If you have ordered 100 units. and your Allowance is 10% then you are allowed to transfer 110 units.
Perception Analysis,Perception Analysis
Period Based On,Period Based On
Period Closed,Period Closed
Period Closing Entry For Current Period,Period Closing Entry For Current Period
Period Closing Settings,Period Closing Settings
Period Closing Voucher,Period Closing Voucher
Period Details,Period Details
Period End Date,Period End Date
Period End Date cannot be greater than Fiscal Year End Date,Period End Date cannot be greater than Fiscal Year End Date
Period Name,Period Name
Period Score,Period Score
Period Settings,Period Settings
Period Start Date,Period Start Date
Period Start Date cannot be greater than Period End Date,Period Start Date cannot be greater than Period End Date
Period Start Date must be {0},Period Start Date must be {0}
Period To Date,Period To Date
Period based On,Period based On
Period_from_date,Period_from_date
Periodicity,Periodicity
Permanent Address,Permanent Address
Permanent Address Is,Permanent Address Is
Perpetual inventory required for the company {0} to view this report.,Perpetual inventory required for the company {0} to view this report.
Personal Details,Personal Details
Personal Email,Personal Email
Petrol,Petrol
Pharmaceutical,Pharmaceutical
Phone Ext.,Phone Ext.
Phone No,Phone No
Phone Number,Phone Number
Pick List,Pick List
Pick List Incomplete,Pick List Incomplete
Pick List Item,Pick List Item
Pick Manually,Pick Manually
Pick Serial / Batch,Pick Serial / Batch
Pick Serial / Batch Based On,Pick Serial / Batch Based On
Pick Serial / Batch No,Pick Serial / Batch No
Picked Qty,Picked Qty
Picked Qty (in Stock UOM),Picked Qty (in Stock UOM)
Pickup,Pickup
Pickup Contact Person,Pickup Contact Person
Pickup Date,Pickup Date
Pickup Date cannot be before this day,Pickup Date cannot be before this day
Pickup From,Pickup From
Pickup To time should be greater than Pickup From time,Pickup To time should be greater than Pickup From time
Pickup Type,Pickup Type
Pickup from,Pickup from
Pickup to,Pickup to
Pipeline By,Pipeline By
Place of Issue,Place of Issue
Plaid Access Token,Plaid Access Token
Plaid Client ID,Plaid Client ID
Plaid Environment,Plaid Environment
Plaid Link Failed,Plaid Link Failed
Plaid Link Refresh Required,Plaid Link Refresh Required
Plaid Link Updated,Plaid Link Updated
Plaid Secret,Plaid Secret
Plaid Settings,Plaid Settings
Plaid transactions sync error,Plaid transactions sync error
Plan,Plan
Plan Name,Plan Name
Plan operations X days in advance,Plan operations X days in advance
Plan time logs outside Workstation working hours,Plan time logs outside Workstation working hours
Plan to Request Qty,Plan to Request Qty
Planned,Planned
Planned End Time,Planned End Time
Planned Qty,Planned Qty
"Planned Qty: Quantity, for which, Work Order has been raised, but is pending to be manufactured.","Planned Qty: Quantity, for which, Work Order has been raised, but is pending to be manufactured."
Planned Quantity,Planned Quantity
Planned Start Time,Planned Start Time
Planning,Planning
Plans,Plans
Plant Dashboard,Plant Dashboard
Plant Floor,Plant Floor
Plants and Machineries,Plants and Machineries
"Please Restock Items and Update the Pick List to continue. To discontinue, cancel the Pick List.","Please Restock Items and Update the Pick List to continue. To discontinue, cancel the Pick List."
Please Select a Company,Please Select a Company
Please Select a Company.,Please Select a Company.
Please Select a Customer,Please Select a Customer
Please Select a Supplier,Please Select a Supplier
Please Set Priority,Please Set Priority
Please Set Supplier Group in Buying Settings.,Please Set Supplier Group in Buying Settings.
Please Specify Account,Please Specify Account
Please add 'Supplier' role to user {0}.,Please add 'Supplier' role to user {0}.
Please add Mode of payments and opening balance details.,Please add Mode of payments and opening balance details.
Please add Request for Quotation to the sidebar in Portal Settings.,Please add Request for Quotation to the sidebar in Portal Settings.
Please add Root Account for - {0},Please add Root Account for - {0}
Please add a Temporary Opening account in Chart of Accounts,Please add a Temporary Opening account in Chart of Accounts
Please add atleast one Serial No / Batch No,Please add atleast one Serial No / Batch No
Please add the Bank Account column,Please add the Bank Account column
Please add the account to root level Company - {0},Please add the account to root level Company - {0}
Please add the account to root level Company - {},Please add the account to root level Company - {}
Please add {1} role to user {0}.,Please add {1} role to user {0}.
Please adjust the qty or edit {0} to proceed.,Please adjust the qty or edit {0} to proceed.
Please attach CSV file,Please attach CSV file
Please cancel and amend the Payment Entry,Please cancel and amend the Payment Entry
Please cancel payment entry manually first,Please cancel payment entry manually first
Please cancel related transaction.,Please cancel related transaction.
Please check Multi Currency option to allow accounts with other currency,Please check Multi Currency option to allow accounts with other currency
Please check Process Deferred Accounting {0} and submit manually after resolving errors.,Please check Process Deferred Accounting {0} and submit manually after resolving errors.
Please check either with operations or FG Based Operating Cost.,Please check either with operations or FG Based Operating Cost.
Please check the error message and take necessary actions to fix the error and then restart the reposting again.,Please check the error message and take necessary actions to fix the error and then restart the reposting again.
Please check your Plaid client ID and secret values,Please check your Plaid client ID and secret values
Please check your email to confirm the appointment,Please check your email to confirm the appointment
Please click on 'Generate Schedule',Please click on 'Generate Schedule'
Please click on 'Generate Schedule' to fetch Serial No added for Item {0},Please click on 'Generate Schedule' to fetch Serial No added for Item {0}
Please click on 'Generate Schedule' to get schedule,Please click on 'Generate Schedule' to get schedule
Please contact any of the following users to extend the credit limits for {0}: {1},Please contact any of the following users to extend the credit limits for {0}: {1}
Please contact any of the following users to {} this transaction.,Please contact any of the following users to {} this transaction.
Please contact your administrator to extend the credit limits for {0}.,Please contact your administrator to extend the credit limits for {0}.
Please convert the parent account in corresponding child company to a group account.,Please convert the parent account in corresponding child company to a group account.
Please create Customer from Lead {0}.,Please create Customer from Lead {0}.
Please create Landed Cost Vouchers against Invoices that have 'Update Stock' enabled.,Please create Landed Cost Vouchers against Invoices that have 'Update Stock' enabled.
Please create a new Accounting Dimension if required.,Please create a new Accounting Dimension if required.
Please create purchase from internal sale or delivery document itself,Please create purchase from internal sale or delivery document itself
Please create purchase receipt or purchase invoice for the item {0},Please create purchase receipt or purchase invoice for the item {0}
"Please delete Product Bundle {0}, before merging {1} into {2}","Please delete Product Bundle {0}, before merging {1} into {2}"
Please do not book expense of multiple assets against one single Asset.,Please do not book expense of multiple assets against one single Asset.
Please do not create more than 500 items at a time,Please do not create more than 500 items at a time
Please enable Applicable on Booking Actual Expenses,Please enable Applicable on Booking Actual Expenses
Please enable Applicable on Purchase Order and Applicable on Booking Actual Expenses,Please enable Applicable on Purchase Order and Applicable on Booking Actual Expenses
Please enable Use Old Serial / Batch Fields to make_bundle,Please enable Use Old Serial / Batch Fields to make_bundle
Please enable only if the understand the effects of enabling this.,Please enable only if the understand the effects of enabling this.
Please enable {0} in the {1}.,Please enable {0} in the {1}.
Please enable {} in {} to allow same item in multiple rows,Please enable {} in {} to allow same item in multiple rows
Please ensure that the {0} account is a Balance Sheet account. You can change the parent account to a Balance Sheet account or select a different account.,Please ensure that the {0} account is a Balance Sheet account. You can change the parent account to a Balance Sheet account or select a different account.
Please ensure that the {0} account {1} is a Payable account. You can change the account type to Payable or select a different account.,Please ensure that the {0} account {1} is a Payable account. You can change the account type to Payable or select a different account.
Please ensure {} account is a Balance Sheet account.,Please ensure {} account is a Balance Sheet account.
Please ensure {} account {} is a Receivable account.,Please ensure {} account {} is a Receivable account.
Please enter <b>Difference Account</b> or set default <b>Stock Adjustment Account</b> for company {0},Please enter <b>Difference Account</b> or set default <b>Stock Adjustment Account</b> for company {0}
Please enter Account for Change Amount,Please enter Account for Change Amount
Please enter Approving Role or Approving User,Please enter Approving Role or Approving User
Please enter Cost Center,Please enter Cost Center
Please enter Delivery Date,Please enter Delivery Date
Please enter Employee Id of this sales person,Please enter Employee Id of this sales person
Please enter Expense Account,Please enter Expense Account
Please enter Item Code to get Batch Number,Please enter Item Code to get Batch Number
Please enter Item Code to get batch no,Please enter Item Code to get batch no
Please enter Item first,Please enter Item first
Please enter Maintaince Details first,Please enter Maintaince Details first
Please enter Planned Qty for Item {0} at row {1},Please enter Planned Qty for Item {0} at row {1}
Please enter Preferred Contact Email,Please enter Preferred Contact Email
Please enter Production Item first,Please enter Production Item first
Please enter Purchase Receipt first,Please enter Purchase Receipt first
Please enter Receipt Document,Please enter Receipt Document
Please enter Reference date,Please enter Reference date
Please enter Reqd by Date,Please enter Reqd by Date
Please enter Root Type for account- {0},Please enter Root Type for account- {0}
Please enter Serial Nos,Please enter Serial Nos
Please enter Shipment Parcel information,Please enter Shipment Parcel information
Please enter Stock Items consumed during the Repair.,Please enter Stock Items consumed during the Repair.
Please enter Warehouse and Date,Please enter Warehouse and Date
Please enter Write Off Account,Please enter Write Off Account
Please enter company first,Please enter company first
Please enter company name first,Please enter company name first
Please enter default currency in Company Master,Please enter default currency in Company Master
Please enter message before sending,Please enter message before sending
Please enter mobile number first.,Please enter mobile number first.
Please enter parent cost center,Please enter parent cost center
Please enter quantity for item {0},Please enter quantity for item {0}
Please enter relieving date.,Please enter relieving date.
Please enter serial nos,Please enter serial nos
Please enter the company name to confirm,Please enter the company name to confirm
Please enter the phone number first,Please enter the phone number first
Please enter valid Financial Year Start and End Dates,Please enter valid Financial Year Start and End Dates
Please enter valid email address,Please enter valid email address
Please enter {0},Please enter {0}
Please enter {0} first,Please enter {0} first
Please fill the Material Requests table,Please fill the Material Requests table
Please fill the Sales Orders table,Please fill the Sales Orders table
"Please first set Last Name, Email and Phone for the user","Please first set Last Name, Email and Phone for the user"
Please fix overlapping time slots for {0},Please fix overlapping time slots for {0}
Please fix overlapping time slots for {0}.,Please fix overlapping time slots for {0}.
Please import accounts against parent company or enable {} in company master.,Please import accounts against parent company or enable {} in company master.
"Please keep one Applicable Charges, when 'Distribute Charges Based On' is 'Distribute Manually'. For more charges, please create another Landed Cost Voucher.","Please keep one Applicable Charges, when 'Distribute Charges Based On' is 'Distribute Manually'. For more charges, please create another Landed Cost Voucher."
Please make sure the employees above report to another Active employee.,Please make sure the employees above report to another Active employee.
Please make sure the file you are using has 'Parent Account' column present in the header.,Please make sure the file you are using has 'Parent Account' column present in the header.
Please make sure you really want to delete all the transactions for this company. Your master data will remain as it is. This action cannot be undone.,Please make sure you really want to delete all the transactions for this company. Your master data will remain as it is. This action cannot be undone.
Please mention 'Weight UOM' along with Weight.,Please mention 'Weight UOM' along with Weight.
Please mention '{0}' in Company: {1},Please mention '{0}' in Company: {1}
Please mention no of visits required,Please mention no of visits required
Please mention the Current and New BOM for replacement.,Please mention the Current and New BOM for replacement.
Please pull items from Delivery Note,Please pull items from Delivery Note
Please rectify and try again.,Please rectify and try again.
Please refresh or reset the Plaid linking of the Bank {}.,Please refresh or reset the Plaid linking of the Bank {}.
Please save before proceeding.,Please save before proceeding.
Please save first,Please save first
Please select <b>Template Type</b> to download template,Please select <b>Template Type</b> to download template
Please select Apply Discount On,Please select Apply Discount On
Please select BOM against item {0},Please select BOM against item {0}
Please select BOM for Item in Row {0},Please select BOM for Item in Row {0}
Please select BOM in BOM field for Item {0},Please select BOM in BOM field for Item {0}
Please select Bank Account,Please select Bank Account
Please select Category first,Please select Category first
Please select Charge Type first,Please select Charge Type first
Please select Company and Posting Date to getting entries,Please select Company and Posting Date to getting entries
Please select Company first,Please select Company first
Please select Completion Date for Completed Asset Maintenance Log,Please select Completion Date for Completed Asset Maintenance Log
Please select Customer first,Please select Customer first
Please select Existing Company for creating Chart of Accounts,Please select Existing Company for creating Chart of Accounts
Please select Finished Good Item for Service Item {0},Please select Finished Good Item for Service Item {0}
Please select Item Code first,Please select Item Code first
Please select Maintenance Status as Completed or remove Completion Date,Please select Maintenance Status as Completed or remove Completion Date
Please select Party Type first,Please select Party Type first
Please select Posting Date before selecting Party,Please select Posting Date before selecting Party
Please select Posting Date first,Please select Posting Date first
Please select Price List,Please select Price List
Please select Qty against item {0},Please select Qty against item {0}
Please select Sample Retention Warehouse in Stock Settings first,Please select Sample Retention Warehouse in Stock Settings first
Please select Serial/Batch Nos to reserve or change Reservation Based On to Qty.,Please select Serial/Batch Nos to reserve or change Reservation Based On to Qty.
Please select Start Date and End Date for Item {0},Please select Start Date and End Date for Item {0}
Please select Subcontracting Order instead of Purchase Order {0},Please select Subcontracting Order instead of Purchase Order {0}
Please select Unrealized Profit / Loss account or add default Unrealized Profit / Loss account account for company {0},Please select Unrealized Profit / Loss account or add default Unrealized Profit / Loss account account for company {0}
Please select a Company,Please select a Company
Please select a Company first.,Please select a Company first.
Please select a Customer,Please select a Customer
Please select a Delivery Note,Please select a Delivery Note
Please select a Subcontracting Purchase Order.,Please select a Subcontracting Purchase Order.
Please select a Supplier,Please select a Supplier
Please select a Warehouse,Please select a Warehouse
Please select a Work Order first.,Please select a Work Order first.
Please select a country,Please select a country
Please select a customer for fetching payments.,Please select a customer for fetching payments.
Please select a date,Please select a date
Please select a date and time,Please select a date and time
Please select a default mode of payment,Please select a default mode of payment
Please select a field to edit from numpad,Please select a field to edit from numpad
Please select a row to create a Reposting Entry,Please select a row to create a Reposting Entry
Please select a supplier for fetching payments.,Please select a supplier for fetching payments.
Please select a valid Purchase Order that has Service Items.,Please select a valid Purchase Order that has Service Items.
Please select a valid Purchase Order that is configured for Subcontracting.,Please select a valid Purchase Order that is configured for Subcontracting.
Please select a value for {0} quotation_to {1},Please select a value for {0} quotation_to {1}
Please select an item code before setting the warehouse.,Please select an item code before setting the warehouse.
Please select atleast one item to continue,Please select atleast one item to continue
Please select atleast one operation to create Job Card,Vui lòng chọn ít nhất một công đoạn để tạo LSX công đoạn
Please select correct account,Please select correct account
Please select date,Please select date
Please select either the Item or Warehouse or Warehouse Type filter to generate the report.,Please select either the Item or Warehouse or Warehouse Type filter to generate the report.
Please select item code,Please select item code
Please select items to reserve.,Please select items to reserve.
Please select items to unreserve.,Please select items to unreserve.
Please select only one row to create a Reposting Entry,Please select only one row to create a Reposting Entry
Please select rows to create Reposting Entries,Please select rows to create Reposting Entries
Please select the Company,Please select the Company
Please select the Multiple Tier Program type for more than one collection rules.,Please select the Multiple Tier Program type for more than one collection rules.
Please select the customer.,Please select the customer.
Please select the document type first,Please select the document type first
Please select the required filters,Please select the required filters
Please select valid document type.,Please select valid document type.
Please select weekly off day,Please select weekly off day
Please select {0} first,Please select {0} first
Please set 'Apply Additional Discount On',Please set 'Apply Additional Discount On'
Please set 'Asset Depreciation Cost Center' in Company {0},Please set 'Asset Depreciation Cost Center' in Company {0}
Please set 'Gain/Loss Account on Asset Disposal' in Company {0},Please set 'Gain/Loss Account on Asset Disposal' in Company {0}
Please set '{0}' in Company: {1},Please set '{0}' in Company: {1}
Please set Account,Please set Account
Please set Account in Warehouse {0} or Default Inventory Account in Company {1},Please set Account in Warehouse {0} or Default Inventory Account in Company {1}
Please set Accounting Dimension {} in {},Please set Accounting Dimension {} in {}
Please set Company,Please set Company
Please set Depreciation related Accounts in Asset Category {0} or Company {1},Please set Depreciation related Accounts in Asset Category {0} or Company {1}
Please set Email/Phone for the contact,Please set Email/Phone for the contact
Please set Fiscal Code for the customer '%s',Please set Fiscal Code for the customer '%s'
Please set Fiscal Code for the public administration '%s',Please set Fiscal Code for the public administration '%s'
Please set Fixed Asset Account in Asset Category {0},Please set Fixed Asset Account in Asset Category {0}
Please set Fixed Asset Account in {} against {}.,Please set Fixed Asset Account in {} against {}.
Please set Opening Number of Booked Depreciations,Please set Opening Number of Booked Depreciations
Please set Parent Row No for item {0},Please set Parent Row No for item {0}
Please set Root Type,Please set Root Type
Please set Tax ID for the customer '%s',Please set Tax ID for the customer '%s'
Please set Unrealized Exchange Gain/Loss Account in Company {0},Please set Unrealized Exchange Gain/Loss Account in Company {0}
Please set VAT Accounts in {0},Please set VAT Accounts in {0}
"Please set Vat Accounts for Company: \""{0}\"" in UAE VAT Settings","Please set Vat Accounts for Company: \""{0}\"" in UAE VAT Settings"
Please set a Company,Please set a Company
Please set a Cost Center for the Asset or set an Asset Depreciation Cost Center for the Company {},Please set a Cost Center for the Asset or set an Asset Depreciation Cost Center for the Company {}
Please set a Supplier against the Items to be considered in the Purchase Order.,Please set a Supplier against the Items to be considered in the Purchase Order.
Please set a default Holiday List for Company {0},Please set a default Holiday List for Company {0}
Please set a default Holiday List for Employee {0} or Company {1},Please set a default Holiday List for Employee {0} or Company {1}
Please set account in Warehouse {0},Please set account in Warehouse {0}
Please set an Address on the Company '%s',Please set an Address on the Company '%s'
Please set an Expense Account in the Items table,Please set an Expense Account in the Items table
Please set an email id for the Lead {0},Please set an email id for the Lead {0}
Please set at least one row in the Taxes and Charges Table,Please set at least one row in the Taxes and Charges Table
Please set both the Tax ID and Fiscal Code on Company {0},Please set both the Tax ID and Fiscal Code on Company {0}
Please set default Cash or Bank account in Mode of Payment {0},Please set default Cash or Bank account in Mode of Payment {0}
Please set default Cash or Bank account in Mode of Payment {},Please set default Cash or Bank account in Mode of Payment {}
Please set default Cash or Bank account in Mode of Payments {},Please set default Cash or Bank account in Mode of Payments {}
Please set default Exchange Gain/Loss Account in Company {},Please set default Exchange Gain/Loss Account in Company {}
Please set default Expense Account in Company {0},Please set default Expense Account in Company {0}
Please set default UOM in Stock Settings,Please set default UOM in Stock Settings
Please set default cost of goods sold account in company {0} for booking rounding gain and loss during stock transfer,Please set default cost of goods sold account in company {0} for booking rounding gain and loss during stock transfer
Please set default {0} in Company {1},Please set default {0} in Company {1}
Please set filter based on Item or Warehouse,Please set filter based on Item or Warehouse
Please set one of the following:,Please set one of the following:
Please set recurring after saving,Please set recurring after saving
Please set the Customer Address,Please set the Customer Address
Please set the Default Cost Center in {0} company.,Please set the Default Cost Center in {0} company.
Please set the Item Code first,Please set the Item Code first
Please set the cost center field in {0} or setup a default Cost Center for the Company.,Please set the cost center field in {0} or setup a default Cost Center for the Company.
Please set up the Campaign Schedule in the Campaign {0},Please set up the Campaign Schedule in the Campaign {0}
Please set {0},Please set {0}
Please set {0} first.,Please set {0} first.
"Please set {0} for Batched Item {1}, which is used to set {2} on Submit.","Please set {0} for Batched Item {1}, which is used to set {2} on Submit."
Please set {0} for address {1},Please set {0} for address {1}
Please set {0} in BOM Creator {1},Please set {0} in BOM Creator {1}
Please set {0} in Company {1} to account for Exchange Gain / Loss,Please set {0} in Company {1} to account for Exchange Gain / Loss
"Please set {0} to {1}, the same account that was used in the original invoice {2}.","Please set {0} to {1}, the same account that was used in the original invoice {2}."
Please setup and enable a group account with the Account Type - {0} for the company {1},Please setup and enable a group account with the Account Type - {0} for the company {1}
Please share this email with your support team so that they can find and fix the issue.,Please share this email with your support team so that they can find and fix the issue.
Please specify Company,Please specify Company
Please specify Company to proceed,Please specify Company to proceed
Please specify a valid Row ID for row {0} in table {1},Please specify a valid Row ID for row {0} in table {1}
Please specify a {0} first.,Please specify a {0} first.
Please specify at least one attribute in the Attributes table,Please specify at least one attribute in the Attributes table
Please specify either Quantity or Valuation Rate or both,Please specify either Quantity or Valuation Rate or both
Please specify from/to range,Please specify from/to range
Please supply the specified items at the best possible rates,Please supply the specified items at the best possible rates
Please try again in an hour.,Please try again in an hour.
Please update Repair Status.,Please update Repair Status.
Point of Sale,Point of Sale
Point-of-Sale Profile,Point-of-Sale Profile
Policy No,Policy No
Policy number,Policy number
Portal User,Portal User
Portal Users,Portal Users
Possible Supplier,Possible Supplier
Post Description Key,Post Description Key
Post Graduate,Post Graduate
Post Route Key,Post Route Key
Post Route Key List,Post Route Key List
Post Route String,Post Route String
Post Title Key,Post Title Key
Postal Expenses,Postal Expenses
Posting Date Inheritance for Exchange Gain / Loss,Posting Date Inheritance for Exchange Gain / Loss
Posting Date cannot be future date,Posting Date cannot be future date
Posting Datetime,Posting Datetime
Posting date and posting time is mandatory,Posting date and posting time is mandatory
Posting timestamp must be after {0},Posting timestamp must be after {0}
Potential Sales Deal,Potential Sales Deal
Powered by {0},Powered by {0}
Pre Sales,Pre Sales
Prefered Contact Email,Prefered Contact Email
Prefered Email,Prefered Email
Preference,Preference
Prevdoc DocType,Prevdoc DocType
Prevent POs,Prevent POs
Prevent Purchase Orders,Prevent Purchase Orders
Prevent RFQs,Prevent RFQs
Preventive,Preventive
Preventive Action,Preventive Action
Preventive Maintenance,Preventive Maintenance
Preview Email,Preview Email
Preview Required Materials,Preview Required Materials
Previous Financial Year is not closed,Previous Financial Year is not closed
Previous Work Experience,Previous Work Experience
"Previous Year is not closed, please close it first","Previous Year is not closed, please close it first"
Price,Price
Price ({0}),Price ({0})
Price Discount Scheme,Price Discount Scheme
Price Discount Slabs,Price Discount Slabs
Price List,Price List
Price List Country,Price List Country
Price List Currency,Price List Currency
Price List Currency not selected,Price List Currency not selected
Price List Defaults,Price List Defaults
Price List Exchange Rate,Price List Exchange Rate
Price List Name,Price List Name
Price List Rate,Price List Rate
Price List Rate (Company Currency),Price List Rate (Company Currency)
Price List must be applicable for Buying or Selling,Price List must be applicable for Buying or Selling
Price List {0} is disabled or does not exist,Price List {0} is disabled or does not exist
Price Not UOM Dependent,Price Not UOM Dependent
Price Per Unit ({0}),Price Per Unit ({0})
Price is not set for the item.,Price is not set for the item.
Price not found for item {0} in price list {1},Price not found for item {0} in price list {1}
Price or Product Discount,Price or Product Discount
Price or product discount slabs are required,Price or product discount slabs are required
Price per Unit (Stock UOM),Price per Unit (Stock UOM)
Pricing,Pricing
Pricing Rule,Pricing Rule
Pricing Rule Brand,Pricing Rule Brand
Pricing Rule Detail,Pricing Rule Detail
Pricing Rule Help,Pricing Rule Help
Pricing Rule Item Code,Pricing Rule Item Code
Pricing Rule Item Group,Pricing Rule Item Group
Pricing Rule {0} is updated,Pricing Rule {0} is updated
Pricing Rules,Pricing Rules
Primary Address Details,Primary Address Details
Primary Address and Contact,Primary Address and Contact
Primary Contact Details,Primary Contact Details
Primary Contact Email,Primary Contact Email
Primary Party,Primary Party
Primary Role,Primary Role
Primary Settings,Primary Settings
Print IRS 1099 Forms,Print IRS 1099 Forms
Print Preferences,Print Preferences
Print Receipt,Print Receipt
Print Receipt on Order Complete,Print Receipt on Order Complete
Print UOM after Quantity,Print UOM after Quantity
Print Without Amount,Print Without Amount
Print and Stationery,Print and Stationery
Print settings updated in respective print format,Print settings updated in respective print format
Print taxes with zero amount,Print taxes with zero amount
Printed On,Printed On
Printed on {0},Printed on {0}
Printing Details,Printing Details
Printing Settings,Printing Settings
Priorities,Priorities
Priority cannot be lesser than 1.,Priority cannot be lesser than 1.
Priority has been changed to {0}.,Priority has been changed to {0}.
Priority is mandatory,Priority is mandatory
Priority {0} has been repeated.,Priority {0} has been repeated.
Probability,Probability
Probability (%),Probability (%)
Problem,Hỏng
Procedure,Procedure
Procedures dropped,Procedures dropped
Process Deferred Accounting,Process Deferred Accounting
Process Description,Process Description
Process Loss,Process Loss
Process Loss Percentage cannot be greater than 100,Process Loss Percentage cannot be greater than 100
Process Loss Report,Process Loss Report
Process Loss Value,Process Loss Value
Process Owner,Process Owner
Process Owner Full Name,Process Owner Full Name
Process Payment Reconciliation,Process Payment Reconciliation
Process Payment Reconciliation Log,Process Payment Reconciliation Log
Process Payment Reconciliation Log Allocations,Process Payment Reconciliation Log Allocations
Process Statement Of Accounts,Process Statement Of Accounts
Process Statement Of Accounts CC,Process Statement Of Accounts CC
Process Statement Of Accounts Customer,Process Statement Of Accounts Customer
Process Subscription,Process Subscription
Process in Single Transaction,Process in Single Transaction
Processed BOMs,Processed BOMs
Processes,Processes
Processing Sales! Please Wait...,Processing Sales! Please Wait...
Processing XML Files,Processing XML Files
Procurement,Procurement
Procurement Tracker,Procurement Tracker
Produce Qty,Produce Qty
Produced / Received Qty,Produced / Received Qty
Produced Qty,Produced Qty
Produced Quantity,Produced Quantity
Product,Product
Product Bundle,Product Bundle
Product Bundle Balance,Product Bundle Balance
Product Bundle Help,Product Bundle Help
Product Discount Scheme,Product Discount Scheme
Product Discount Slabs,Product Discount Slabs
Product Enquiry,Product Enquiry
Product Price ID,Product Price ID
Production Analytics,Production Analytics
Production Plan Already Submitted,Production Plan Already Submitted
Production Plan Item Reference,Production Plan Item Reference
Production Plan Material Request,Production Plan Material Request
Production Plan Material Request Warehouse,Production Plan Material Request Warehouse
Production Plan Qty,Production Plan Qty
Production Plan Sales Order,Production Plan Sales Order
Production Plan Sub Assembly Item,Production Plan Sub Assembly Item
Production Plan Summary,Production Plan Summary
Production Planning,Production Planning
Production Planning Report,Production Planning Report
Products,Products
"Products, Purchases, Analysis, and more.","Products, Purchases, Analysis, and more."
"Products, Raw Materials, BOM, Work Order, and more.","Products, Raw Materials, BOM, Work Order, and more."
"Products, Sales, Analysis, and more.","Products, Sales, Analysis, and more."
Profit & Loss,Profit & Loss
Profit This Year,Profit This Year
Profit and Loss,Profit and Loss
Profit and Loss Statement,Profit and Loss Statement
Profit and Loss Summary,Profit and Loss Summary
Profit for the year,Profit for the year
Profitability,Profitability
Profitability Analysis,Profitability Analysis
Progress % for a task cannot be more than 100.,Progress % for a task cannot be more than 100.
Progress (%),Progress (%)
Project Billing Summary,Project Billing Summary
Project Collaboration Invitation,Project Collaboration Invitation
Project Id,Project Id
Project Name,Project Name
Project Progress:,Project Progress:
Project Start Date,Project Start Date
Project Status,Project Status
Project Summary,Project Summary
Project Summary for {0},Project Summary for {0}
Project Template,Project Template
Project Template Task,Project Template Task
Project Type,Project Type
Project Update,Project Update
Project Update.,Project Update.
Project User,Project User
Project Value,Project Value
Project activity / task.,Project activity / task.
Project master.,Project master.
Project will be accessible on the website to these users,Project will be accessible on the website to these users
Project wise Stock Tracking,Project wise Stock Tracking
Project-wise data is not available for Quotation,Project-wise data is not available for Quotation
Projected Qty,Projected Qty
Projected Quantity,Projected Quantity
Projected Quantity Formula,Projected Quantity Formula
Projected qty,Projected qty
Projects,Projects
Projects Manager,Projects Manager
Projects Settings,Projects Settings
Projects User,Projects User
Promotional,Promotional
Promotional Scheme,Promotional Scheme
Promotional Scheme Id,Promotional Scheme Id
Promotional Scheme Price Discount,Promotional Scheme Price Discount
Promotional Scheme Product Discount,Promotional Scheme Product Discount
Prompt Qty,Prompt Qty
Proposal Writing,Proposal Writing
Proposal/Price Quote,Proposal/Price Quote
Prorate,Prorate
Prospect,Prospect
Prospect Lead,Prospect Lead
Prospect Opportunity,Prospect Opportunity
Prospect Owner,Prospect Owner
Prospect {0} already exists,Prospect {0} already exists
Prospecting,Prospecting
Prospects Engaged But Not Converted,Prospects Engaged But Not Converted
Provide Email Address registered in company,Provide Email Address registered in company
Providing,Providing
Provisional Account,Provisional Account
Provisional Expense Account,Provisional Expense Account
Provisional Profit / Loss (Credit),Provisional Profit / Loss (Credit)
Publications,Publications
Publish Date,Publish Date
Published Date,Published Date
Publisher,Publisher
Publisher ID,Publisher ID
Purchase,Purchase
Purchase Amount,Purchase Amount
Purchase Analytics,Purchase Analytics
Purchase Date,Purchase Date
Purchase Defaults,Purchase Defaults
Purchase Details,Purchase Details
Purchase Invoice,Purchase Invoice
Purchase Invoice Advance,Purchase Invoice Advance
Purchase Invoice Item,Purchase Invoice Item
Purchase Invoice Trends,Purchase Invoice Trends
Purchase Invoice cannot be made against an existing asset {0},Purchase Invoice cannot be made against an existing asset {0}
Purchase Invoice {0} is already submitted,Purchase Invoice {0} is already submitted
Purchase Invoices,Purchase Invoices
Purchase Order,Purchase Order
Purchase Order Amount,Purchase Order Amount
Purchase Order Amount(Company Currency),Purchase Order Amount(Company Currency)
Purchase Order Analysis,Purchase Order Analysis
Purchase Order Date,Purchase Order Date
Purchase Order Item,Purchase Order Item
Purchase Order Item Supplied,Purchase Order Item Supplied
Purchase Order Item reference is missing in Subcontracting Receipt {0},Purchase Order Item reference is missing in Subcontracting Receipt {0}
Purchase Order Items not received on time,Purchase Order Items not received on time
Purchase Order Pricing Rule,Purchase Order Pricing Rule
Purchase Order Required,Purchase Order Required
Purchase Order Required for item {},Purchase Order Required for item {}
Purchase Order Trends,Purchase Order Trends
Purchase Order already created for all Sales Order items,Purchase Order already created for all Sales Order items
Purchase Order number required for Item {0},Purchase Order number required for Item {0}
Purchase Order {0} is not submitted,Purchase Order {0} is not submitted
Purchase Orders,Purchase Orders
Purchase Orders Items Overdue,Purchase Orders Items Overdue
Purchase Orders are not allowed for {0} due to a scorecard standing of {1}.,Purchase Orders are not allowed for {0} due to a scorecard standing of {1}.
Purchase Orders to Bill,Purchase Orders to Bill
Purchase Orders to Receive,Purchase Orders to Receive
Purchase Orders {0} are un-linked,Purchase Orders {0} are un-linked
Purchase Price List,Purchase Price List
Purchase Receipt,Purchase Receipt
Purchase Receipt (Draft) will be auto-created on submission of Subcontracting Receipt.,Purchase Receipt (Draft) will be auto-created on submission of Subcontracting Receipt.
Purchase Receipt Detail,Purchase Receipt Detail
Purchase Receipt Item,Purchase Receipt Item
Purchase Receipt Item Supplied,Purchase Receipt Item Supplied
Purchase Receipt Items,Purchase Receipt Items
Purchase Receipt No,Purchase Receipt No
Purchase Receipt Required,Purchase Receipt Required
Purchase Receipt Required for item {},Purchase Receipt Required for item {}
Purchase Receipt Trends,Purchase Receipt Trends
Purchase Receipt doesn't have any Item for which Retain Sample is enabled.,Purchase Receipt doesn't have any Item for which Retain Sample is enabled.
Purchase Receipt {0} created.,Purchase Receipt {0} created.
Purchase Receipt {0} is not submitted,Purchase Receipt {0} is not submitted
Purchase Receipts,Purchase Receipts
Purchase Register,Purchase Register
Purchase Return,Purchase Return
Purchase Tax Template,Purchase Tax Template
Purchase Taxes and Charges,Purchase Taxes and Charges
Purchase Taxes and Charges Template,Purchase Taxes and Charges Template
Purchase Value,Purchase Value
Purchase an Asset,Purchase an Asset
Purchase an Asset Item,Purchase an Asset Item
Purchase orders help you plan and follow up on your purchases,Purchase orders help you plan and follow up on your purchases
Purchased,Purchased
Purchases,Purchases
Purchasing,Purchasing
Purpose must be one of {0},Purpose must be one of {0}
Purposes,Purposes
Purposes Required,Purposes Required
Putaway Rule,Putaway Rule
Putaway Rule already exists for Item {0} in Warehouse {1}.,Putaway Rule already exists for Item {0} in Warehouse {1}.
Qty (Company),Qty (Company)
Qty (Warehouse),Qty (Warehouse)
Qty After Transaction,Qty After Transaction
Qty As Per BOM,Qty As Per BOM
Qty Change,Qty Change
Qty Consumed Per Unit,Qty Consumed Per Unit
Qty In Stock,Qty In Stock
Qty Per Unit,Qty Per Unit
"Qty To Manufacture ({0}) cannot be a fraction for the UOM {2}. To allow this, disable '{1}' in the UOM {2}.","Qty To Manufacture ({0}) cannot be a fraction for the UOM {2}. To allow this, disable '{1}' in the UOM {2}."
Qty To Produce,Qty To Produce
Qty Wise Chart,Qty Wise Chart
Qty and Rate,Qty and Rate
Qty as Per Stock UOM,Qty as Per Stock UOM
Qty as per Stock UOM,Qty as per Stock UOM
Qty for which recursion isn't applicable.,Qty for which recursion isn't applicable.
Qty for {0},Qty for {0}
Qty in Stock UOM,Qty in Stock UOM
Qty of Finished Goods Item,Qty of Finished Goods Item
Qty of Finished Goods Item should be greater than 0.,Qty of Finished Goods Item should be greater than 0.
Qty of raw materials will be decided based on the qty of the Finished Goods Item,Qty of raw materials will be decided based on the qty of the Finished Goods Item
Qty to Be Consumed,Qty to Be Consumed
Qty to Bill,Qty to Bill
Qty to Build,Qty to Build
Qty to Deliver,Qty to Deliver
Qty to Fetch,Qty to Fetch
Qty to Manufacture,Qty to Manufacture
Qty to Order,Qty to Order
Qty to Produce,Qty to Produce
Qty to Receive,Qty to Receive
Qualification,Qualification
Qualification Status,Qualification Status
Qualified,Qualified
Qualified By,Qualified By
Qualified on,Qualified on
Quality Action,Quality Action
Quality Action Resolution,Quality Action Resolution
Quality Feedback,Quality Feedback
Quality Feedback Parameter,Quality Feedback Parameter
Quality Feedback Template,Quality Feedback Template
Quality Feedback Template Parameter,Quality Feedback Template Parameter
Quality Goal,Quality Goal
Quality Goal Objective,Quality Goal Objective
Quality Inspection Analysis,Quality Inspection Analysis
Quality Inspection Parameter Group,Quality Inspection Parameter Group
Quality Inspection Reading,Quality Inspection Reading
Quality Inspection Required,Quality Inspection Required
Quality Inspection Settings,Quality Inspection Settings
Quality Inspection Summary,Quality Inspection Summary
Quality Inspection(s),Quality Inspection(s)
Quality Management,Quality Management
Quality Manager,Quality Manager
Quality Meeting,Quality Meeting
Quality Meeting Agenda,Quality Meeting Agenda
Quality Meeting Minutes,Quality Meeting Minutes
Quality Procedure,Quality Procedure
Quality Procedure Process,Quality Procedure Process
Quality Review,Quality Review
Quality Review Objective,Quality Review Objective
Quantity  that must be bought or sold per UOM,Quantity  that must be bought or sold per UOM
Quantity & Stock,Quantity & Stock
Quantity (A - B),Quantity (A - B)
Quantity Difference,Quantity Difference
Quantity and Amount,Quantity and Amount
Quantity and Description,Quantity and Description
Quantity and Rate,Quantity and Rate
Quantity and Warehouse,Quantity and Warehouse
Quantity in row {0} ({1}) must be same as manufactured quantity {2},Quantity in row {0} ({1}) must be same as manufactured quantity {2}
Quantity is required,Quantity is required
"Quantity must be greater than zero, and less or equal to {0}","Quantity must be greater than zero, and less or equal to {0}"
Quantity must not be more than {0},Quantity must not be more than {0}
Quantity required for Item {0} in row {1},Quantity required for Item {0} in row {1}
Quantity should be greater than 0,Quantity should be greater than 0
Quantity to Make,Quantity to Make
Quantity to Manufacture,Quantity to Manufacture
Quantity to Manufacture can not be zero for the operation {0},Quantity to Manufacture can not be zero for the operation {0}
Quantity to Manufacture must be greater than 0.,Quantity to Manufacture must be greater than 0.
Quantity to Produce,Quantity to Produce
Quantity to Produce should be greater than zero.,Quantity to Produce should be greater than zero.
Quantity to Scan,Quantity to Scan
Quarter {0} {1},Quarter {0} {1}
Query Route String,Query Route String
Queue Size should be between 5 and 100,Queue Size should be between 5 and 100
Quick Journal Entry,Quick Journal Entry
Quick Stock Balance,Quick Stock Balance
Quot Count,Quot Count
Quot/Lead %,Quot/Lead %
Quotation,Quotation
Quotation Amount,Quotation Amount
Quotation Item,Quotation Item
Quotation Lost Reason,Quotation Lost Reason
Quotation Lost Reason Detail,Quotation Lost Reason Detail
Quotation Number,Quotation Number
Quotation To,Quotation To
Quotation Trends,Quotation Trends
Quotation {0} is cancelled,Quotation {0} is cancelled
Quotation {0} not of type {1},Quotation {0} not of type {1}
Quotations,Quotations
"Quotations are proposals, bids you have sent to your customers","Quotations are proposals, bids you have sent to your customers"
Quotations:,Quotations:
Quote Status,Quote Status
Quoted Amount,Quoted Amount
RFQs are not allowed for {0} due to a scorecard standing of {1},RFQs are not allowed for {0} due to a scorecard standing of {1}
Raise Material Request When Stock Reaches Re-order Level,Raise Material Request When Stock Reaches Re-order Level
Raised By,Raised By
Raised By (Email),Raised By (Email)
Rate & Amount,Rate & Amount
Rate (Company Currency),Rate (Company Currency)
Rate Of Materials Based On,Rate Of Materials Based On
Rate Of TDS As Per Certificate,Rate Of TDS As Per Certificate
Rate Section,Rate Section
Rate With Margin,Rate With Margin
Rate With Margin (Company Currency),Rate With Margin (Company Currency)
Rate and Amount,Rate and Amount
Rate at which Customer Currency is converted to customer's base currency,Rate at which Customer Currency is converted to customer's base currency
Rate at which Price list currency is converted to company's base currency,Rate at which Price list currency is converted to company's base currency
Rate at which Price list currency is converted to customer's base currency,Rate at which Price list currency is converted to customer's base currency
Rate at which customer's currency is converted to company's base currency,Rate at which customer's currency is converted to company's base currency
Rate at which supplier's currency is converted to company's base currency,Rate at which supplier's currency is converted to company's base currency
Rate at which this tax is applied,Rate at which this tax is applied
Rate of Depreciation,Rate of Depreciation
Rate of Depreciation (%),Rate of Depreciation (%)
Rate of Interest (%) Yearly,Rate of Interest (%) Yearly
Rate of Stock UOM,Rate of Stock UOM
Rate or Discount,Rate or Discount
Rate or Discount is required for the price discount.,Rate or Discount is required for the price discount.
Rates,Rates
Ratios,Ratios
Raw Material,Raw Material
Raw Material Code,Raw Material Code
Raw Material Cost,Raw Material Cost
Raw Material Cost (Company Currency),Raw Material Cost (Company Currency)
Raw Material Cost Per Qty,Raw Material Cost Per Qty
Raw Material Item,Raw Material Item
Raw Material Item Code,Raw Material Item Code
Raw Material Name,Raw Material Name
Raw Material Value,Raw Material Value
Raw Material Warehouse,Raw Material Warehouse
Raw Materials Actions,Raw Materials Actions
Raw Materials Consumed,Raw Materials Consumed
Raw Materials Consumption,Raw Materials Consumption
Raw Materials Supplied,Raw Materials Supplied
Raw Materials Supplied Cost,Raw Materials Supplied Cost
Raw Materials Warehouse,Raw Materials Warehouse
Raw Materials cannot be blank.,Raw Materials cannot be blank.
Raw SQL,Raw SQL
Re-open,Re-open
Re-order Level,Re-order Level
Re-order Qty,Re-order Qty
Reached Root,Reached Root
Read blog,Read blog
Reading 1,Reading 1
Reading 10,Reading 10
Reading 2,Reading 2
Reading 3,Reading 3
Reading 4,Reading 4
Reading 5,Reading 5
Reading 6,Reading 6
Reading 7,Reading 7
Reading 8,Reading 8
Reading 9,Reading 9
Reading Value,Reading Value
Readings,Readings
Reason For Putting On Hold,Reason For Putting On Hold
Reason for Hold,Reason for Hold
Reason for Leaving,Reason for Leaving
Reason for hold:,Reason for hold:
Rebuilding BTree for period ...,Rebuilding BTree for period ...
Recalculate Bin Qty,Recalculate Bin Qty
Recalculate Incoming/Outgoing Rate,Recalculate Incoming/Outgoing Rate
Receipt,Receipt
Receipt Document,Receipt Document
Receipt Document Type,Receipt Document Type
Receivable,Receivable
Receivable / Payable Account,Receivable / Payable Account
Receivable Account,Receivable Account
Receivable/Payable Account,Receivable/Payable Account
Receivable/Payable Account: {0} doesn't belong to company {1},Receivable/Payable Account: {0} doesn't belong to company {1}
Receivables,Receivables
Receive,Receive
Received Amount,Received Amount
Received Amount (Company Currency),Received Amount (Company Currency)
Received Amount After Tax,Received Amount After Tax
Received Amount After Tax (Company Currency),Received Amount After Tax (Company Currency)
Received Amount cannot be greater than Paid Amount,Received Amount cannot be greater than Paid Amount
Received From,Received From
Received Items To Be Billed,Received Items To Be Billed
Received On,Received On
Received Qty,Received Qty
Received Qty Amount,Received Qty Amount
Received Qty in Stock UOM,Received Qty in Stock UOM
Received Quantity,Received Quantity
Received Stock Entries,Received Stock Entries
Received and Accepted,Received and Accepted
Receiver List,Receiver List
Receiver List is empty. Please create Receiver List,Receiver List is empty. Please create Receiver List
Receiving,Receiving
Recent Orders,Recent Orders
Recent Transactions,Recent Transactions
Recipient Message And Payment Details,Recipient Message And Payment Details
Reconcile,Reconcile
Reconcile All Serial Nos / Batches,Reconcile All Serial Nos / Batches
Reconcile Effect On,Reconcile Effect On
Reconcile Entries,Reconcile Entries
Reconcile on Advance Payment Date,Reconcile on Advance Payment Date
Reconcile the Bank Transaction,Reconcile the Bank Transaction
Reconciled,Reconciled
Reconciled Entries,Reconciled Entries
Reconciliation Date,Reconciliation Date
Reconciliation Error Log,Reconciliation Error Log
Reconciliation Logs,Reconciliation Logs
Reconciliation Progress,Reconciliation Progress
Reconciliation Queue Size,Reconciliation Queue Size
Reconciliation Takes Effect On,Reconciliation Takes Effect On
Recording HTML,Recording HTML
Recording URL,Recording URL
Records,Records
Recoverable Standard Rated expenses should not be set when Reverse Charge Applicable is Y,Recoverable Standard Rated expenses should not be set when Reverse Charge Applicable is Y
Recreate Stock Ledgers,Recreate Stock Ledgers
Recurse Every (As Per Transaction UOM),Recurse Every (As Per Transaction UOM)
Recurse Over Qty cannot be less than 0,Recurse Over Qty cannot be less than 0
Recursive Discounts with Mixed condition is not supported by the system,Recursive Discounts with Mixed condition is not supported by the system
Redeem Against,Redeem Against
Redeem Loyalty Points,Redeem Loyalty Points
Redeemed Points,Redeemed Points
Redemption,Redemption
Redemption Account,Redemption Account
Redemption Cost Center,Redemption Cost Center
Redemption Date,Redemption Date
Ref Code,Ref Code
Ref Date,Ref Date
Reference #{0} dated {1},Reference #{0} dated {1}
Reference Date for Early Payment Discount,Reference Date for Early Payment Discount
Reference Detail,Reference Detail
Reference Detail No,Reference Detail No
Reference Doctype must be one of {0},Reference Doctype must be one of {0}
Reference Due Date,Reference Due Date
Reference Exchange Rate,Reference Exchange Rate
Reference No,Reference No
Reference No & Reference Date is required for {0},Reference No & Reference Date is required for {0}
Reference No and Reference Date is mandatory for Bank transaction,Reference No and Reference Date is mandatory for Bank transaction
Reference No is mandatory if you entered Reference Date,Reference No is mandatory if you entered Reference Date
Reference No.,Reference No.
Reference Number,Reference Number
Reference Purchase Receipt,Reference Purchase Receipt
Reference Row,Reference Row
Reference Row #,Reference Row #
Reference number of the invoice from the previous system,Reference number of the invoice from the previous system
"Reference: {0}, Item Code: {1} and Customer: {2}","Reference: {0}, Item Code: {1} and Customer: {2}"
References,References
References to Sales Invoices are Incomplete,References to Sales Invoices are Incomplete
References to Sales Orders are Incomplete,References to Sales Orders are Incomplete
References {0} of type {1} had no outstanding amount left before submitting the Payment Entry. Now they have a negative outstanding amount.,References {0} of type {1} had no outstanding amount left before submitting the Payment Entry. Now they have a negative outstanding amount.
Referral Code,Referral Code
Referral Sales Partner,Referral Sales Partner
Refresh Plaid Link,Refresh Plaid Link
"Regards,","Regards,"
Regenerate Closing Stock Balance,Regenerate Closing Stock Balance
Regional,Regional
Registration Details,Registration Details
Regular,Regular
Rejected Qty,Rejected Qty
Rejected Quantity,Rejected Quantity
Rejected Serial No,Rejected Serial No
Rejected Serial and Batch Bundle,Rejected Serial and Batch Bundle
Rejected Warehouse,Rejected Warehouse
Rejected Warehouse and Accepted Warehouse cannot be same.,Rejected Warehouse and Accepted Warehouse cannot be same.
Related,Related
Relation,Relation
Release Date,Release Date
Release date must be in the future,Release date must be in the future
Relieving Date,Relieving Date
Remaining,Remaining
Remaining Balance,Remaining Balance
Remark,Remark
Remarks Column Length,Remarks Column Length
Remove Parent Row No in Items Table,Remove Parent Row No in Items Table
Remove SABB Entry,Remove SABB Entry
Remove item if charges is not applicable to that item,Remove item if charges is not applicable to that item
Removed items with no change in quantity or value.,Removed items with no change in quantity or value.
Removing rows without exchange gain or loss,Removing rows without exchange gain or loss
Rename Attribute Value in Item Attribute.,Rename Attribute Value in Item Attribute.
Rename Log,Rename Log
Rename Not Allowed,Rename Not Allowed
Rename Tool,Rename Tool
Rename jobs for doctype {0} have been enqueued.,Rename jobs for doctype {0} have been enqueued.
Rename jobs for doctype {0} have not been enqueued.,Rename jobs for doctype {0} have not been enqueued.
"Renaming it is only allowed via parent company {0}, to avoid mismatch.","Renaming it is only allowed via parent company {0}, to avoid mismatch."
Rented,Rented
Reorder Level,Reorder Level
Reorder Qty,Reorder Qty
Reorder level based on Warehouse,Reorder level based on Warehouse
Repack,Repack
Repair,Repair
Repair Asset,Repair Asset
Repair Cost,Repair Cost
Repair Details,Repair Details
Repair Status,Repair Status
Repeat Customer Revenue,Repeat Customer Revenue
Repeat Customers,Repeat Customers
Replace,Replace
Replace BOM,Replace BOM
"Replace a particular BOM in all other BOMs where it is used. It will replace the old BOM link, update cost and regenerate \""BOM Explosion Item\"" table as per new BOM.\nIt also updates latest price in all the BOMs.","Replace a particular BOM in all other BOMs where it is used. It will replace the old BOM link, update cost and regenerate \""BOM Explosion Item\"" table as per new BOM.\nIt also updates latest price in all the BOMs."
Report Date,Report Date
Report Error,Report Error
Report Type is mandatory,Report Type is mandatory
Reports to,Reports to
Repost Accounting Ledger,Repost Accounting Ledger
Repost Accounting Ledger Items,Repost Accounting Ledger Items
Repost Accounting Ledger Settings,Repost Accounting Ledger Settings
Repost Allowed Types,Repost Allowed Types
Repost Error Log,Repost Error Log
Repost Item Valuation,Repost Item Valuation
Repost Payment Ledger,Repost Payment Ledger
Repost Payment Ledger Items,Repost Payment Ledger Items
Repost Status,Repost Status
Repost has started in the background,Repost has started in the background
Repost in background,Repost in background
Repost started in the background,Repost started in the background
Reposting Completed {0}%,Reposting Completed {0}%
Reposting Data File,Reposting Data File
Reposting Info,Reposting Info
Reposting Progress,Reposting Progress
Reposting entries created: {0},Reposting entries created: {0}
Reposting has been started in the background.,Reposting has been started in the background.
Reposting in the background.,Reposting in the background.
Represents Company,Represents Company
Represents a Financial Year. All accounting entries and other major transactions are tracked against the Fiscal Year.,Represents a Financial Year. All accounting entries and other major transactions are tracked against the Fiscal Year.
Reqd By Date,Reqd By Date
Reqd by date,Reqd by date
Request For Quotation,Request For Quotation
Request Parameters,Request Parameters
Request Type,Request Type
Request for,Request for
Request for Information,Request for Information
Request for Quotation,Request for Quotation
Request for Quotation Item,Request for Quotation Item
Request for Quotation Supplier,Request for Quotation Supplier
Request for Raw Materials,Request for Raw Materials
Requested,Requested
Requested Items To Be Transferred,Requested Items To Be Transferred
Requested Items to Order and Receive,Requested Items to Order and Receive
Requested Numbers,Requested Numbers
"Requested Qty: Quantity requested for purchase, but not ordered.","Requested Qty: Quantity requested for purchase, but not ordered."
Requesting Site,Requesting Site
Requestor,Requestor
Required By,Required By
Required Date,Required Date
Required On,Required On
Required Quantity,Required Quantity
Requirement,Requirement
Requires Fulfilment,Requires Fulfilment
Research,Research
Research & Development,Research & Development
"Reselect, if the chosen address is edited after save","Reselect, if the chosen address is edited after save"
"Reselect, if the chosen contact is edited after save","Reselect, if the chosen contact is edited after save"
Resend Payment Email,Resend Payment Email
Reservation Based On,Reservation Based On
Reserve,Reserve
Reserve Stock,Reserve Stock
Reserve Warehouse,Reserve Warehouse
Reserved,Reserved
Reserved Qty,Reserved Qty
"Reserved Qty ({0}) cannot be a fraction. To allow this, disable '{1}' in UOM {3}.","Reserved Qty ({0}) cannot be a fraction. To allow this, disable '{1}' in UOM {3}."
Reserved Qty for Production,Reserved Qty for Production
Reserved Qty for Production Plan,Reserved Qty for Production Plan
Reserved Qty for Production: Raw materials quantity to make manufacturing items.,Reserved Qty for Production: Raw materials quantity to make manufacturing items.
Reserved Qty for Subcontract,Reserved Qty for Subcontract
Reserved Qty for Subcontract: Raw materials quantity to make subcontracted items.,Reserved Qty for Subcontract: Raw materials quantity to make subcontracted items.
Reserved Qty should be greater than Delivered Qty.,Reserved Qty should be greater than Delivered Qty.
"Reserved Qty: Quantity ordered for sale, but not delivered.","Reserved Qty: Quantity ordered for sale, but not delivered."
Reserved Quantity,Reserved Quantity
Reserved Quantity for Production,Reserved Quantity for Production
Reserved Serial No.,Reserved Serial No.
Reserved Stock,Reserved Stock
Reserved Stock for Batch,Reserved Stock for Batch
Reserved for POS Transactions,Reserved for POS Transactions
Reserved for Production,Reserved for Production
Reserved for Production Plan,Reserved for Production Plan
Reserved for Sub Contracting,Reserved for Sub Contracting
Reserved for manufacturing,Reserved for manufacturing
Reserved for sale,Reserved for sale
Reserved for sub contracting,Reserved for sub contracting
Reserving Stock...,Reserving Stock...
Reset Company Default Values,Reset Company Default Values
Reset Plaid Link,Reset Plaid Link
Reset Raw Materials Table,Reset Raw Materials Table
Reset Service Level Agreement,Reset Service Level Agreement
Resetting Service Level Agreement.,Resetting Service Level Agreement.
Resignation Letter Date,Resignation Letter Date
Resolution,Resolution
Resolution By,Resolution By
Resolution Date,Resolution Date
Resolution Details,Resolution Details
Resolution Due,Resolution Due
Resolution Time,Resolution Time
Resolutions,Resolutions
Resolve,Resolve
Resolved,Resolved
Resolved By,Resolved By
Response By,Response By
Response Details,Response Details
Response Key List,Response Key List
Response Options,Response Options
Response Result Key Path,Response Result Key Path
Response Time for {0} priority in row {1} can't be greater than Resolution Time.,Response Time for {0} priority in row {1} can't be greater than Resolution Time.
Response and Resolution,Response and Resolution
Responsible,Responsible
Rest Of The World,Rest Of The World
Restart,Restart
Restart Subscription,Restart Subscription
Restore Asset,Restore Asset
Restrict,Restrict
Restrict Items Based On,Restrict Items Based On
Restrict to Countries,Restrict to Countries
Result Key,Result Key
Result Preview Field,Result Preview Field
Result Route Field,Result Route Field
Result Title Field,Result Title Field
Resume,Resume
Resume Job,Resume Job
Resume Timer,Resume Timer
Retain Sample,Retain Sample
Retained Earnings,Retained Earnings
Retention Stock Entry,Retention Stock Entry
Retention Stock Entry already created or Sample Quantity not provided,Retention Stock Entry already created or Sample Quantity not provided
Retried,Retried
Retry Failed Transactions,Retry Failed Transactions
Return,Return
Return / Credit Note,Return / Credit Note
Return / Debit Note,Return / Debit Note
Return Against,Return Against
Return Against Delivery Note,Return Against Delivery Note
Return Against Purchase Invoice,Return Against Purchase Invoice
Return Against Purchase Receipt,Return Against Purchase Receipt
Return Against Subcontracting Receipt,Return Against Subcontracting Receipt
Return Components,Return Components
Return Issued,Return Issued
Return Qty,Return Qty
Return Qty from Rejected Warehouse,Return Qty from Rejected Warehouse
Return of Components,Return of Components
Returned,Returned
Returned Against,Returned Against
Returned Amount,Returned Amount
Returned Qty in Stock UOM,Returned Qty in Stock UOM
Returned exchange rate is neither integer not float.,Returned exchange rate is neither integer not float.
Returns,Returns
Revaluation Journals,Revaluation Journals
Revaluation Surplus,Revaluation Surplus
Revenue,Revenue
Reversal Of,Reversal Of
Reverse Journal Entry,Reverse Journal Entry
Review Chart of Accounts,Review Chart of Accounts
Review Date,Review Date
Review Fixed Asset Accounts,Review Fixed Asset Accounts
Review Stock Settings,Review Stock Settings
Review and Action,Review and Action
Rgt,Rgt
Right Child,Right Child
Right Index,Right Index
Ringing,Ringing
Role Allowed to Create/Edit Back-dated Transactions,Role Allowed to Create/Edit Back-dated Transactions
Role Allowed to Edit Frozen Stock,Role Allowed to Edit Frozen Stock
Role Allowed to Over Bill,Role Allowed to Over Bill
Role Allowed to Over Deliver/Receive,Role Allowed to Over Deliver/Receive
Role Allowed to Override Stop Action,Role Allowed to Override Stop Action
Role Allowed to Set Frozen Accounts and Edit Frozen Entries,Role Allowed to Set Frozen Accounts and Edit Frozen Entries
Role allowed to bypass Credit Limit,Role allowed to bypass Credit Limit
Root,Root
Root Company,Root Company
Root Type,Root Type
"Root Type for {0} must be one of the Asset, Liability, Income, Expense and Equity","Root Type for {0} must be one of the Asset, Liability, Income, Expense and Equity"
Root Type is mandatory,Root Type is mandatory
Root cannot be edited.,Root cannot be edited.
Root cannot have a parent cost center,Root cannot have a parent cost center
Round Free Qty,Round Free Qty
Round Off,Round Off
Round Off Account,Round Off Account
Round Off Cost Center,Round Off Cost Center
Round Off Tax Amount,Round Off Tax Amount
Round Off for Opening,Round Off for Opening
Round Tax Amount Row-wise,Round Tax Amount Row-wise
Rounded Total,Rounded Total
Rounded Total (Company Currency),Rounded Total (Company Currency)
Rounding Adjustment,Rounding Adjustment
Rounding Adjustment (Company Currency,Rounding Adjustment (Company Currency
Rounding Adjustment (Company Currency),Rounding Adjustment (Company Currency)
Rounding Loss Allowance,Rounding Loss Allowance
Rounding Loss Allowance should be between 0 and 1,Rounding Loss Allowance should be between 0 and 1
Rounding gain/loss Entry for Stock Transfer,Rounding gain/loss Entry for Stock Transfer
Row # {0}:,Row # {0}:
Row # {0}: Cannot return more than {1} for Item {2},Row # {0}: Cannot return more than {1} for Item {2}
Row # {0}: Please add Serial and Batch Bundle for Item {1},Row # {0}: Please add Serial and Batch Bundle for Item {1}
Row # {0}: Please enter quantity for Item {1} as it is not zero.,Row # {0}: Please enter quantity for Item {1} as it is not zero.
Row # {0}: Rate cannot be greater than the rate used in {1} {2},Row # {0}: Rate cannot be greater than the rate used in {1} {2}
Row # {0}: Returned Item {1} does not exist in {2} {3},Row # {0}: Returned Item {1} does not exist in {2} {3}
Row #1: Sequence ID must be 1 for Operation {0}.,Row #1: Sequence ID must be 1 for Operation {0}.
Row #{0} (Payment Table): Amount must be negative,Row #{0} (Payment Table): Amount must be negative
Row #{0} (Payment Table): Amount must be positive,Row #{0} (Payment Table): Amount must be positive
Row #{0}: A reorder entry already exists for warehouse {1} with reorder type {2}.,Row #{0}: A reorder entry already exists for warehouse {1} with reorder type {2}.
Row #{0}: Acceptance Criteria Formula is incorrect.,Row #{0}: Acceptance Criteria Formula is incorrect.
Row #{0}: Acceptance Criteria Formula is required.,Row #{0}: Acceptance Criteria Formula is required.
Row #{0}: Accepted Warehouse and Rejected Warehouse cannot be same,Row #{0}: Accepted Warehouse and Rejected Warehouse cannot be same
Row #{0}: Accepted Warehouse and Supplier Warehouse cannot be same,Row #{0}: Accepted Warehouse and Supplier Warehouse cannot be same
Row #{0}: Accepted Warehouse is mandatory for the accepted Item {1},Row #{0}: Accepted Warehouse is mandatory for the accepted Item {1}
Row #{0}: Account {1} does not belong to company {2},Row #{0}: Account {1} does not belong to company {2}
Row #{0}: Allocated Amount cannot be greater than Outstanding Amount of Payment Request {1},Row #{0}: Allocated Amount cannot be greater than Outstanding Amount of Payment Request {1}
Row #{0}: Allocated Amount cannot be greater than outstanding amount.,Row #{0}: Allocated Amount cannot be greater than outstanding amount.
Row #{0}: Allocated amount:{1} is greater than outstanding amount:{2} for Payment Term {3},Row #{0}: Allocated amount:{1} is greater than outstanding amount:{2} for Payment Term {3}
Row #{0}: Amount must be a positive number,Row #{0}: Amount must be a positive number
"Row #{0}: Asset {1} cannot be submitted, it is already {2}","Row #{0}: Asset {1} cannot be submitted, it is already {2}"
Row #{0}: BOM is not specified for subcontracting item {0},Row #{0}: BOM is not specified for subcontracting item {0}
Row #{0}: Batch No {1} is already selected.,Row #{0}: Batch No {1} is already selected.
Row #{0}: Cannot allocate more than {1} against payment term {2},Row #{0}: Cannot allocate more than {1} against payment term {2}
Row #{0}: Cannot delete item {1} which has already been billed.,Row #{0}: Cannot delete item {1} which has already been billed.
Row #{0}: Cannot delete item {1} which has already been delivered,Row #{0}: Cannot delete item {1} which has already been delivered
Row #{0}: Cannot delete item {1} which has already been received,Row #{0}: Cannot delete item {1} which has already been received
Row #{0}: Cannot delete item {1} which has work order assigned to it.,Row #{0}: Cannot delete item {1} which has work order assigned to it.
Row #{0}: Cannot delete item {1} which is assigned to customer's purchase order.,Row #{0}: Cannot delete item {1} which is assigned to customer's purchase order.
Row #{0}: Cannot select Supplier Warehouse while suppling raw materials to subcontractor,Row #{0}: Cannot select Supplier Warehouse while suppling raw materials to subcontractor
Row #{0}: Cannot set Rate if the billed amount is greater than the amount for Item {1}.,Row #{0}: Cannot set Rate if the billed amount is greater than the amount for Item {1}.
Row #{0}: Cannot transfer more than Required Qty {1} for Item {2} against Job Card {3},Row #{0}: Cannot transfer more than Required Qty {1} for Item {2} against Job Card {3}
Row #{0}: Child Item should not be a Product Bundle. Please remove Item {1} and Save,Row #{0}: Child Item should not be a Product Bundle. Please remove Item {1} and Save
Row #{0}: Consumed Asset {1} cannot be Draft,Row #{0}: Consumed Asset {1} cannot be Draft
Row #{0}: Consumed Asset {1} cannot be cancelled,Row #{0}: Consumed Asset {1} cannot be cancelled
Row #{0}: Consumed Asset {1} cannot be the same as the Target Asset,Row #{0}: Consumed Asset {1} cannot be the same as the Target Asset
Row #{0}: Consumed Asset {1} cannot be {2},Row #{0}: Consumed Asset {1} cannot be {2}
Row #{0}: Consumed Asset {1} does not belong to company {2},Row #{0}: Consumed Asset {1} does not belong to company {2}
Row #{0}: Cost Center {1} does not belong to company {2},Row #{0}: Cost Center {1} does not belong to company {2}
Row #{0}: Cumulative threshold cannot be less than Single Transaction threshold,Row #{0}: Cumulative threshold cannot be less than Single Transaction threshold
Row #{0}: Dates overlapping with other row,Row #{0}: Dates overlapping with other row
Row #{0}: Default BOM not found for FG Item {1},Row #{0}: Default BOM not found for FG Item {1}
Row #{0}: Duplicate entry in References {1} {2},Row #{0}: Duplicate entry in References {1} {2}
Row #{0}: Expected Delivery Date cannot be before Purchase Order Date,Row #{0}: Expected Delivery Date cannot be before Purchase Order Date
Row #{0}: Expense Account not set for the Item {1}. {2},Row #{0}: Expense Account not set for the Item {1}. {2}
Row #{0}: Finished Good Item Qty can not be zero,Row #{0}: Finished Good Item Qty can not be zero
Row #{0}: Finished Good Item is not specified for service item {1},Row #{0}: Finished Good Item is not specified for service item {1}
Row #{0}: Finished Good Item {1} must be a sub-contracted item,Row #{0}: Finished Good Item {1} must be a sub-contracted item
Row #{0}: Finished Good reference is mandatory for Scrap Item {1}.,Row #{0}: Finished Good reference is mandatory for Scrap Item {1}.
Row #{0}: For {1} Clearance date {2} cannot be before Cheque Date {3},Row #{0}: For {1} Clearance date {2} cannot be before Cheque Date {3}
"Row #{0}: For {1}, you can select reference document only if account gets credited","Row #{0}: For {1}, you can select reference document only if account gets credited"
"Row #{0}: For {1}, you can select reference document only if account gets debited","Row #{0}: For {1}, you can select reference document only if account gets debited"
Row #{0}: From Date cannot be before To Date,Row #{0}: From Date cannot be before To Date
Row #{0}: From Time and To Time fields are required,Row #{0}: From Time and To Time fields are required
Row #{0}: Item added,Row #{0}: Item added
Row #{0}: Item {1} does not exist,Row #{0}: Item {1} does not exist
"Row #{0}: Item {1} has been picked, please reserve stock from the Pick List.","Row #{0}: Item {1} has been picked, please reserve stock from the Pick List."
Row #{0}: Item {1} is not a Serialized/Batched Item. It cannot have a Serial No/Batch No against it.,Row #{0}: Item {1} is not a Serialized/Batched Item. It cannot have a Serial No/Batch No against it.
Row #{0}: Item {1} is not a service item,Row #{0}: Item {1} is not a service item
Row #{0}: Item {1} is not a stock item,Row #{0}: Item {1} is not a stock item
Row #{0}: Journal Entry {1} does not have account {2} or already matched against another voucher,Row #{0}: Journal Entry {1} does not have account {2} or already matched against another voucher
Row #{0}: Not allowed to change Supplier as Purchase Order already exists,Row #{0}: Not allowed to change Supplier as Purchase Order already exists
Row #{0}: Only {1} available to reserve for the Item {2},Row #{0}: Only {1} available to reserve for the Item {2}
Row #{0}: Operation {1} is not completed for {2} qty of finished goods in Work Order {3}. Please update operation status via Job Card {4}.,Row #{0}: Operation {1} is not completed for {2} qty of finished goods in Work Order {3}. Please update operation status via Job Card {4}.
Row #{0}: Payment document is required to complete the transaction,Row #{0}: Payment document is required to complete the transaction
Row #{0}: Please select Item Code in Assembly Items,Row #{0}: Please select Item Code in Assembly Items
Row #{0}: Please select the BOM No in Assembly Items,Row #{0}: Please select the BOM No in Assembly Items
Row #{0}: Please select the Sub Assembly Warehouse,Row #{0}: Please select the Sub Assembly Warehouse
Row #{0}: Please set reorder quantity,Row #{0}: Please set reorder quantity
Row #{0}: Please update deferred revenue/expense account in item row or default account in company master,Row #{0}: Please update deferred revenue/expense account in item row or default account in company master
Row #{0}: Qty increased by {1},Row #{0}: Qty increased by {1}
Row #{0}: Qty must be a positive number,Row #{0}: Qty must be a positive number
Row #{0}: Qty should be less than or equal to Available Qty to Reserve (Actual Qty - Reserved Qty) {1} for Iem {2} against Batch {3} in Warehouse {4}.,Row #{0}: Qty should be less than or equal to Available Qty to Reserve (Actual Qty - Reserved Qty) {1} for Iem {2} against Batch {3} in Warehouse {4}.
Row #{0}: Quality Inspection is required for Item {1},Row #{0}: Quality Inspection is required for Item {1}
Row #{0}: Quality Inspection {1} is not submitted for the item: {2},Row #{0}: Quality Inspection {1} is not submitted for the item: {2}
Row #{0}: Quality Inspection {1} was rejected for item {2},Row #{0}: Quality Inspection {1} was rejected for item {2}
Row #{0}: Quantity to reserve for the Item {1} should be greater than 0.,Row #{0}: Quantity to reserve for the Item {1} should be greater than 0.
Row #{0}: Rate must be same as {1}: {2} ({3} / {4}),Row #{0}: Rate must be same as {1}: {2} ({3} / {4})
Row #{0}: Received Qty must be equal to Accepted + Rejected Qty for Item {1},Row #{0}: Received Qty must be equal to Accepted + Rejected Qty for Item {1}
"Row #{0}: Reference Document Type must be one of Purchase Order, Purchase Invoice or Journal Entry","Row #{0}: Reference Document Type must be one of Purchase Order, Purchase Invoice or Journal Entry"
"Row #{0}: Reference Document Type must be one of Sales Order, Sales Invoice, Journal Entry or Dunning","Row #{0}: Reference Document Type must be one of Sales Order, Sales Invoice, Journal Entry or Dunning"
Row #{0}: Rejected Qty can not be entered in Purchase Return,Row #{0}: Rejected Qty can not be entered in Purchase Return
Row #{0}: Rejected Qty cannot be set for Scrap Item {1}.,Row #{0}: Rejected Qty cannot be set for Scrap Item {1}.
Row #{0}: Rejected Warehouse is mandatory for the rejected Item {1},Row #{0}: Rejected Warehouse is mandatory for the rejected Item {1}
Row #{0}: Reqd by Date cannot be before Transaction Date,Row #{0}: Reqd by Date cannot be before Transaction Date
Row #{0}: Scrap Item Qty cannot be zero,Row #{0}: Scrap Item Qty cannot be zero
"Row #{0}: Selling rate for item {1} is lower than its {2}.\n\t\t\t\t\tSelling {3} should be atleast {4}.<br><br>Alternatively,\n\t\t\t\t\tyou can disable selling price validation in {5} to bypass\n\t\t\t\t\tthis validation.","Row #{0}: Selling rate for item {1} is lower than its {2}.\n\t\t\t\t\tSelling {3} should be atleast {4}.<br><br>Alternatively,\n\t\t\t\t\tyou can disable selling price validation in {5} to bypass\n\t\t\t\t\tthis validation."
Row #{0}: Sequence ID must be {1} or {2} for Operation {3}.,Row #{0}: Sequence ID must be {1} or {2} for Operation {3}.
Row #{0}: Serial No {1} does not belong to Batch {2},Row #{0}: Serial No {1} does not belong to Batch {2}
Row #{0}: Serial No {1} for Item {2} is not available in {3} {4} or might be reserved in another {5}.,Row #{0}: Serial No {1} for Item {2} is not available in {3} {4} or might be reserved in another {5}.
Row #{0}: Serial No {1} is already selected.,Row #{0}: Serial No {1} is already selected.
Row #{0}: Service End Date cannot be before Invoice Posting Date,Row #{0}: Service End Date cannot be before Invoice Posting Date
Row #{0}: Service Start Date cannot be greater than Service End Date,Row #{0}: Service Start Date cannot be greater than Service End Date
Row #{0}: Service Start and End Date is required for deferred accounting,Row #{0}: Service Start and End Date is required for deferred accounting
Row #{0}: Set Supplier for item {1},Row #{0}: Set Supplier for item {1}
Row #{0}: Start Time and End Time are required,Row #{0}: Start Time and End Time are required
Row #{0}: Start Time must be before End Time,Row #{0}: Start Time must be before End Time
Row #{0}: Status is mandatory,Row #{0}: Status is mandatory
Row #{0}: Status must be {1} for Invoice Discounting {2},Row #{0}: Status must be {1} for Invoice Discounting {2}
Row #{0}: Stock cannot be reserved for Item {1} against a disabled Batch {2}.,Row #{0}: Stock cannot be reserved for Item {1} against a disabled Batch {2}.
Row #{0}: Stock cannot be reserved for a non-stock Item {1},Row #{0}: Stock cannot be reserved for a non-stock Item {1}
Row #{0}: Stock cannot be reserved in group warehouse {1}.,Row #{0}: Stock cannot be reserved in group warehouse {1}.
Row #{0}: Stock is already reserved for the Item {1}.,Row #{0}: Stock is already reserved for the Item {1}.
Row #{0}: Stock is reserved for item {1} in warehouse {2}.,Row #{0}: Stock is reserved for item {1} in warehouse {2}.
Row #{0}: Stock not available to reserve for Item {1} against Batch {2} in Warehouse {3}.,Row #{0}: Stock not available to reserve for Item {1} against Batch {2} in Warehouse {3}.
Row #{0}: Stock not available to reserve for the Item {1} in Warehouse {2}.,Row #{0}: Stock not available to reserve for the Item {1} in Warehouse {2}.
Row #{0}: The batch {1} has already expired.,Row #{0}: The batch {1} has already expired.
Row #{0}: The warehouse {1} is not a child warehouse of a group warehouse {2},Row #{0}: The warehouse {1} is not a child warehouse of a group warehouse {2}
Row #{0}: Timings conflicts with row {1},Row #{0}: Timings conflicts with row {1}
Row #{0}: You cannot use the inventory dimension '{1}' in Stock Reconciliation to modify the quantity or valuation rate. Stock reconciliation with inventory dimensions is intended solely for performing opening entries.,Row #{0}: You cannot use the inventory dimension '{1}' in Stock Reconciliation to modify the quantity or valuation rate. Stock reconciliation with inventory dimensions is intended solely for performing opening entries.
Row #{0}: You must select an Asset for Item {1}.,Row #{0}: You must select an Asset for Item {1}.
Row #{0}: {1} can not be negative for item {2},Row #{0}: {1} can not be negative for item {2}
Row #{0}: {1} is not a valid reading field. Please refer to the field description.,Row #{0}: {1} is not a valid reading field. Please refer to the field description.
Row #{0}: {1} is required to create the Opening {2} Invoices,Row #{0}: {1} is required to create the Opening {2} Invoices
Row #{0}: {1} of {2} should be {3}. Please update the {1} or select a different account.,Row #{0}: {1} of {2} should be {3}. Please update the {1} or select a different account.
Row #{1}: Warehouse is mandatory for stock Item {0},Row #{1}: Warehouse is mandatory for stock Item {0}
Row #{}: Currency of {} - {} doesn't matches company currency.,Row #{}: Currency of {} - {} doesn't matches company currency.
Row #{}: Finance Book should not be empty since you're using multiple.,Row #{}: Finance Book should not be empty since you're using multiple.
Row #{}: Item Code: {} is not available under warehouse {}.,Row #{}: Item Code: {} is not available under warehouse {}.
Row #{}: POS Invoice {} has been {},Row #{}: POS Invoice {} has been {}
Row #{}: POS Invoice {} is not against customer {},Row #{}: POS Invoice {} is not against customer {}
Row #{}: POS Invoice {} is not submitted yet,Row #{}: POS Invoice {} is not submitted yet
Row #{}: Please asign task to a member.,Row #{}: Please asign task to a member.
Row #{}: Please use a different Finance Book.,Row #{}: Please use a different Finance Book.
Row #{}: Serial No {} cannot be returned since it was not transacted in original invoice {},Row #{}: Serial No {} cannot be returned since it was not transacted in original invoice {}
Row #{}: Stock quantity not enough for Item Code: {} under warehouse {}. Available quantity {}.,Row #{}: Stock quantity not enough for Item Code: {} under warehouse {}. Available quantity {}.
Row #{}: The original Invoice {} of return invoice {} is not consolidated.,Row #{}: The original Invoice {} of return invoice {} is not consolidated.
Row #{}: You cannot add postive quantities in a return invoice. Please remove item {} to complete the return.,Row #{}: You cannot add postive quantities in a return invoice. Please remove item {} to complete the return.
Row #{}: item {} has been picked already.,Row #{}: item {} has been picked already.
Row #{}: {},Row #{}: {}
Row #{}: {} {} does not exist.,Row #{}: {} {} does not exist.
Row #{}: {} {} doesn't belong to Company {}. Please select valid {}.,Row #{}: {} {} doesn't belong to Company {}. Please select valid {}.
Row No {0}: Warehouse is required. Please set a Default Warehouse for Item {1} and Company {2},Row No {0}: Warehouse is required. Please set a Default Warehouse for Item {1} and Company {2}
Row {0} : Operation is required against the raw material item {1},Row {0} : Operation is required against the raw material item {1}
"Row {0} picked quantity is less than the required quantity, additional {1} {2} required.","Row {0} picked quantity is less than the required quantity, additional {1} {2} required."
Row {0}# Item {1} cannot be transferred more than {2} against {3} {4},Row {0}# Item {1} cannot be transferred more than {2} against {3} {4}
Row {0}# Item {1} not found in 'Raw Materials Supplied' table in {2} {3},Row {0}# Item {1} not found in 'Raw Materials Supplied' table in {2} {3}
Row {0}: Accepted Qty and Rejected Qty can't be zero at the same time.,Row {0}: Accepted Qty and Rejected Qty can't be zero at the same time.
Row {0}: Account {1} and Party Type {2} have different account types,Row {0}: Account {1} and Party Type {2} have different account types
Row {0}: Account {1} is a Group Account,Row {0}: Account {1} is a Group Account
Row {0}: Activity Type is mandatory.,Row {0}: Activity Type is mandatory.
Row {0}: Advance against Customer must be credit,Row {0}: Advance against Customer must be credit
Row {0}: Advance against Supplier must be debit,Row {0}: Advance against Supplier must be debit
Row {0}: Allocated amount {1} must be less than or equal to invoice outstanding amount {2},Row {0}: Allocated amount {1} must be less than or equal to invoice outstanding amount {2}
Row {0}: Allocated amount {1} must be less than or equal to remaining payment amount {2},Row {0}: Allocated amount {1} must be less than or equal to remaining payment amount {2}
"Row {0}: As {1} is enabled, raw materials cannot be added to {2} entry. Use {3} entry to consume raw materials.","Row {0}: As {1} is enabled, raw materials cannot be added to {2} entry. Use {3} entry to consume raw materials."
Row {0}: Bill of Materials not found for the Item {1},Row {0}: Bill of Materials not found for the Item {1}
Row {0}: Both Debit and Credit values cannot be zero,Row {0}: Both Debit and Credit values cannot be zero
Row {0}: Conversion Factor is mandatory,Row {0}: Conversion Factor is mandatory
Row {0}: Cost Center {1} does not belong to Company {2},Row {0}: Cost Center {1} does not belong to Company {2}
Row {0}: Cost center is required for an item {1},Row {0}: Cost center is required for an item {1}
Row {0}: Credit entry can not be linked with a {1},Row {0}: Credit entry can not be linked with a {1}
Row {0}: Currency of the BOM #{1} should be equal to the selected currency {2},Row {0}: Currency of the BOM #{1} should be equal to the selected currency {2}
Row {0}: Debit entry can not be linked with a {1},Row {0}: Debit entry can not be linked with a {1}
Row {0}: Delivery Warehouse ({1}) and Customer Warehouse ({2}) can not be same,Row {0}: Delivery Warehouse ({1}) and Customer Warehouse ({2}) can not be same
Row {0}: Depreciation Start Date is required,Row {0}: Depreciation Start Date is required
Row {0}: Due Date in the Payment Terms table cannot be before Posting Date,Row {0}: Due Date in the Payment Terms table cannot be before Posting Date
Row {0}: Either Delivery Note Item or Packed Item reference is mandatory.,Row {0}: Either Delivery Note Item or Packed Item reference is mandatory.
Row {0}: Enter location for the asset item {1},Row {0}: Enter location for the asset item {1}
Row {0}: Exchange Rate is mandatory,Row {0}: Exchange Rate is mandatory
Row {0}: Expected Value After Useful Life must be less than Gross Purchase Amount,Row {0}: Expected Value After Useful Life must be less than Gross Purchase Amount
Row {0}: Expense Head changed to {1} as no Purchase Receipt is created against Item {2}.,Row {0}: Expense Head changed to {1} as no Purchase Receipt is created against Item {2}.
Row {0}: Expense Head changed to {1} because account {2} is not linked to warehouse {3} or it is not the default inventory account,Row {0}: Expense Head changed to {1} because account {2} is not linked to warehouse {3} or it is not the default inventory account
Row {0}: Expense Head changed to {1} because expense is booked against this account in Purchase Receipt {2},Row {0}: Expense Head changed to {1} because expense is booked against this account in Purchase Receipt {2}
"Row {0}: For Supplier {1}, Email Address is Required to send an email","Row {0}: For Supplier {1}, Email Address is Required to send an email"
Row {0}: From Time and To Time is mandatory.,Row {0}: From Time and To Time is mandatory.
Row {0}: From Time and To Time of {1} is overlapping with {2},Row {0}: From Time and To Time of {1} is overlapping with {2}
Row {0}: From Warehouse is mandatory for internal transfers,Row {0}: From Warehouse is mandatory for internal transfers
Row {0}: From time must be less than to time,Row {0}: From time must be less than to time
Row {0}: Hours value must be greater than zero.,Row {0}: Hours value must be greater than zero.
Row {0}: Invalid reference {1},Row {0}: Invalid reference {1}
Row {0}: Item Tax template updated as per validity and rate applied,Row {0}: Item Tax template updated as per validity and rate applied
Row {0}: Item rate has been updated as per valuation rate since its an internal stock transfer,Row {0}: Item rate has been updated as per valuation rate since its an internal stock transfer
Row {0}: Item {1} must be a stock item.,Row {0}: Item {1} must be a stock item.
Row {0}: Item {1} must be a subcontracted item.,Row {0}: Item {1} must be a subcontracted item.
Row {0}: Item {1}'s quantity cannot be higher than the available quantity.,Row {0}: Item {1}'s quantity cannot be higher than the available quantity.
Row {0}: Packed Qty must be equal to {1} Qty.,Row {0}: Packed Qty must be equal to {1} Qty.
Row {0}: Packing Slip is already created for Item {1}.,Row {0}: Packing Slip is already created for Item {1}.
Row {0}: Party / Account does not match with {1} / {2} in {3} {4},Row {0}: Party / Account does not match with {1} / {2} in {3} {4}
Row {0}: Party Type and Party is required for Receivable / Payable account {1},Row {0}: Party Type and Party is required for Receivable / Payable account {1}
Row {0}: Payment Term is mandatory,Row {0}: Payment Term is mandatory
Row {0}: Payment against Sales/Purchase Order should always be marked as advance,Row {0}: Payment against Sales/Purchase Order should always be marked as advance
Row {0}: Please check 'Is Advance' against Account {1} if this is an advance entry.,Row {0}: Please check 'Is Advance' against Account {1} if this is an advance entry.
Row {0}: Please provide a valid Delivery Note Item or Packed Item reference.,Row {0}: Please provide a valid Delivery Note Item or Packed Item reference.
Row {0}: Please select a BOM for Item {1}.,Row {0}: Please select a BOM for Item {1}.
Row {0}: Please select an active BOM for Item {1}.,Row {0}: Please select an active BOM for Item {1}.
Row {0}: Please select an valid BOM for Item {1}.,Row {0}: Please select an valid BOM for Item {1}.
Row {0}: Please set at Tax Exemption Reason in Sales Taxes and Charges,Row {0}: Please set at Tax Exemption Reason in Sales Taxes and Charges
Row {0}: Please set the Mode of Payment in Payment Schedule,Row {0}: Please set the Mode of Payment in Payment Schedule
Row {0}: Please set the correct code on Mode of Payment {1},Row {0}: Please set the correct code on Mode of Payment {1}
Row {0}: Project must be same as the one set in the Timesheet: {1}.,Row {0}: Project must be same as the one set in the Timesheet: {1}.
Row {0}: Purchase Invoice {1} has no stock impact.,Row {0}: Purchase Invoice {1} has no stock impact.
Row {0}: Qty cannot be greater than {1} for the Item {2}.,Row {0}: Qty cannot be greater than {1} for the Item {2}.
Row {0}: Qty in Stock UOM can not be zero.,Row {0}: Qty in Stock UOM can not be zero.
Row {0}: Qty must be greater than 0.,Row {0}: Qty must be greater than 0.
Row {0}: Quantity cannot be negative.,Row {0}: Quantity cannot be negative.
Row {0}: Quantity not available for {4} in warehouse {1} at posting time of the entry ({2} {3}),Row {0}: Quantity not available for {4} in warehouse {1} at posting time of the entry ({2} {3})
Row {0}: Shift cannot be changed since the depreciation has already been processed,Row {0}: Shift cannot be changed since the depreciation has already been processed
Row {0}: Subcontracted Item is mandatory for the raw material {1},Row {0}: Subcontracted Item is mandatory for the raw material {1}
Row {0}: Target Warehouse is mandatory for internal transfers,Row {0}: Target Warehouse is mandatory for internal transfers
"Row {0}: The item {1}, quantity must be positive number","Row {0}: The item {1}, quantity must be positive number"
"Row {0}: To set {1} periodicity, difference between from and to date must be greater than or equal to {2}","Row {0}: To set {1} periodicity, difference between from and to date must be greater than or equal to {2}"
Row {0}: Total Number of Depreciations cannot be less than or equal to Opening Number of Booked Depreciations,Row {0}: Total Number of Depreciations cannot be less than or equal to Opening Number of Booked Depreciations
Row {0}: UOM Conversion Factor is mandatory,Row {0}: UOM Conversion Factor is mandatory
Row {0}: Workstation or Workstation Type is mandatory for an operation {1},Row {0}: Workstation or Workstation Type is mandatory for an operation {1}
Row {0}: user has not applied the rule {1} on the item {2},Row {0}: user has not applied the rule {1} on the item {2}
Row {0}: {1} account already applied for Accounting Dimension {2},Row {0}: {1} account already applied for Accounting Dimension {2}
Row {0}: {1} must be greater than 0,Row {0}: {1} must be greater than 0
Row {0}: {1} {2} cannot be same as {3} (Party Account) {4},Row {0}: {1} {2} cannot be same as {3} (Party Account) {4}
Row {0}: {1} {2} does not match with {3},Row {0}: {1} {2} does not match with {3}
Row {0}: {2} Item {1} does not exist in {2} {3},Row {0}: {2} Item {1} does not exist in {2} {3}
Row {0}: {3} Account {1} does not belong to Company {2},Row {0}: {3} Account {1} does not belong to Company {2}
"Row {1}: Quantity ({0}) cannot be a fraction. To allow this, disable '{2}' in UOM {3}.","Row {1}: Quantity ({0}) cannot be a fraction. To allow this, disable '{2}' in UOM {3}."
Row {}: Asset Naming Series is mandatory for the auto creation for item {},Row {}: Asset Naming Series is mandatory for the auto creation for item {}
Row({0}): Outstanding Amount cannot be greater than actual Outstanding Amount {1} in {2},Row({0}): Outstanding Amount cannot be greater than actual Outstanding Amount {1} in {2}
Row({0}): {1} is already discounted in {2},Row({0}): {1} is already discounted in {2}
Rows Added in {0},Rows Added in {0}
Rows Removed in {0},Rows Removed in {0}
Rows with Same Account heads will be merged on Ledger,Rows with Same Account heads will be merged on Ledger
Rows with duplicate due dates in other rows were found: {0},Rows with duplicate due dates in other rows were found: {0}
Rows: {0} have 'Payment Entry' as reference_type. This should not be set manually.,Rows: {0} have 'Payment Entry' as reference_type. This should not be set manually.
Rows: {0} in {1} section are Invalid. Reference Name should point to a valid Payment Entry or Journal Entry.,Rows: {0} in {1} section are Invalid. Reference Name should point to a valid Payment Entry or Journal Entry.
Rule Applied,Rule Applied
Rule Description,Rule Description
Running,Running
S.O. No.,S.O. No.
SCO Supplied Item,SCO Supplied Item
SLA Fulfilled On,SLA Fulfilled On
SLA Fulfilled On Status,SLA Fulfilled On Status
SLA Paused On,SLA Paused On
SLA is on hold since {0},SLA is on hold since {0}
SLA will be applied if {1} is set as {2}{3},SLA will be applied if {1} is set as {2}{3}
SLA will be applied on every {0},SLA will be applied on every {0}
SMS Center,SMS Center
SMS Log,SMS Log
SO Qty,SO Qty
SO Total Qty,SO Total Qty
STATEMENTS OF ACCOUNTS,STATEMENTS OF ACCOUNTS
SWIFT Number,SWIFT Number
SWIFT number,SWIFT number
Safety Stock,Safety Stock
Salary,Salary
Salary Currency,Salary Currency
Salary Mode,Salary Mode
Sales,Sales
Sales Account,Sales Account
Sales Analytics,Sales Analytics
Sales Contributions and Incentives,Sales Contributions and Incentives
Sales Defaults,Sales Defaults
Sales Expenses,Sales Expenses
Sales Funnel,Sales Funnel
Sales Incoming Rate,Sales Incoming Rate
Sales Invoice,Sales Invoice
Sales Invoice Advance,Sales Invoice Advance
Sales Invoice Item,Sales Invoice Item
Sales Invoice No,Sales Invoice No
Sales Invoice Payment,Sales Invoice Payment
Sales Invoice Timesheet,Sales Invoice Timesheet
Sales Invoice Trends,Sales Invoice Trends
Sales Invoice {0} has already been submitted,Sales Invoice {0} has already been submitted
Sales Invoice {0} must be deleted before cancelling this Sales Order,Sales Invoice {0} must be deleted before cancelling this Sales Order
Sales Monthly History,Sales Monthly History
Sales Order Analysis,Sales Order Analysis
Sales Order Date,Sales Order Date
Sales Order Packed Item,Sales Order Packed Item
Sales Order Reference,Sales Order Reference
Sales Order Status,Sales Order Status
Sales Order Trends,Sales Order Trends
Sales Order required for Item {0},Sales Order required for Item {0}
"Sales Order {0} already exists against Customer's Purchase Order {1}. To allow multiple Sales Orders, Enable {2} in {3}","Sales Order {0} already exists against Customer's Purchase Order {1}. To allow multiple Sales Orders, Enable {2} in {3}"
Sales Order {0} is not submitted,Sales Order {0} is not submitted
Sales Order {0} is not valid,Sales Order {0} is not valid
Sales Order {0} is {1},Sales Order {0} is {1}
Sales Orders,Sales Orders
Sales Orders Required,Sales Orders Required
Sales Orders to Bill,Sales Orders to Bill
Sales Orders to Deliver,Sales Orders to Deliver
Sales Partner,Sales Partner
Sales Partner Commission Summary,Sales Partner Commission Summary
Sales Partner Item,Sales Partner Item
Sales Partner Name,Sales Partner Name
Sales Partner Target,Sales Partner Target
Sales Partner Target Variance Based On Item Group,Sales Partner Target Variance Based On Item Group
Sales Partner Target Variance based on Item Group,Sales Partner Target Variance based on Item Group
Sales Partner Transaction Summary,Sales Partner Transaction Summary
Sales Partner Type,Sales Partner Type
Sales Partners Commission,Sales Partners Commission
Sales Payment Summary,Sales Payment Summary
Sales Person,Sales Person
Sales Person <b>{0}</b> is disabled.,Sales Person <b>{0}</b> is disabled.
Sales Person Commission Summary,Sales Person Commission Summary
Sales Person Name,Sales Person Name
Sales Person Target Variance Based On Item Group,Sales Person Target Variance Based On Item Group
Sales Person Targets,Sales Person Targets
Sales Person-wise Transaction Summary,Sales Person-wise Transaction Summary
Sales Pipeline,Sales Pipeline
Sales Pipeline Analytics,Sales Pipeline Analytics
Sales Price List,Sales Price List
Sales Register,Sales Register
Sales Return,Sales Return
Sales Stage,Sales Stage
Sales Summary,Sales Summary
Sales Tax Template,Sales Tax Template
Sales Taxes and Charges,Sales Taxes and Charges
Sales Taxes and Charges Template,Sales Taxes and Charges Template
Sales Team,Sales Team
Sales Update Frequency in Company and Project,Sales Update Frequency in Company and Project
Sales Value,Sales Value
Sales and Returns,Sales and Returns
Sales orders are not available for production,Sales orders are not available for production
Salvage Value Percentage,Salvage Value Percentage
Same Company is entered more than once,Same Company is entered more than once
Same Item,Same Item
Same item and warehouse combination already entered.,Same item and warehouse combination already entered.
Same item cannot be entered multiple times.,Same item cannot be entered multiple times.
Same supplier has been entered multiple times,Same supplier has been entered multiple times
Sample Quantity,Sample Quantity
Sample Retention Warehouse,Sample Retention Warehouse
Sample Size,Sample Size
Sample quantity {0} cannot be more than received quantity {1},Sample quantity {0} cannot be more than received quantity {1}
Sanctioned,Sanctioned
Save as Draft,Save as Draft
Savings,Savings
Scan Barcode,Scan Barcode
Scan Batch No,Scan Batch No
Scan Mode,Scan Mode
Scan Serial No,Scan Serial No
Scan barcode for item {0},Scan barcode for item {0}
"Scan mode enabled, existing quantity will not be fetched.","Scan mode enabled, existing quantity will not be fetched."
Scanned Cheque,Scanned Cheque
Scanned Quantity,Scanned Quantity
Schedule Date,Schedule Date
Scheduled Date,Scheduled Date
Scheduler is Inactive. Can't trigger job now.,Scheduler is Inactive. Can't trigger job now.
Scheduler is Inactive. Can't trigger jobs now.,Scheduler is Inactive. Can't trigger jobs now.
Scheduler is inactive. Cannot enqueue job.,Scheduler is inactive. Cannot enqueue job.
Scheduler is inactive. Cannot merge accounts.,Scheduler is inactive. Cannot merge accounts.
Schedules,Schedules
Scheduling,Scheduling
Scheduling...,Scheduling...
School/University,School/University
Score,Score
Scorecard Actions,Scorecard Actions
"Scorecard variables can be used, as well as:\n{total_score} (the total score from that period),\n{period_number} (the number of periods to present day)\n","Scorecard variables can be used, as well as:\n{total_score} (the total score from that period),\n{period_number} (the number of periods to present day)\n"
Scorecards,Scorecards
Scoring Criteria,Scoring Criteria
Scoring Setup,Scoring Setup
Scoring Standings,Scoring Standings
Scrap Asset,Scrap Asset
Scrap Cost Per Qty,Scrap Cost Per Qty
Scrap Item Name,Scrap Item Name
Scrap Material Cost,Scrap Material Cost
Scrap Material Cost(Company Currency),Scrap Material Cost(Company Currency)
Scrapped,Scrapped
Search APIs,Search APIs
Search Sub Assemblies,Search Sub Assemblies
Search Term Param Name,Search Term Param Name
"Search by customer name, phone, email.","Search by customer name, phone, email."
Search by invoice id or customer name,Search by invoice id or customer name
"Search by item code, serial number or barcode","Search by item code, serial number or barcode"
Second Email,Second Email
Secondary Party,Secondary Party
Secondary Role,Secondary Role
Section Based On,Section Based On
Section Cards,Section Cards
Section Code,Section Code
Section HTML,Section HTML
Section Order,Section Order
Secured Loans,Secured Loans
Securities and Deposits,Securities and Deposits
See All Articles,See All Articles
See all open tickets,See all open tickets
Select Accounting Dimension.,Select Accounting Dimension.
Select Alternate Item,Select Alternate Item
Select Alternative Items for Sales Order,Select Alternative Items for Sales Order
Select Attribute Values,Chọn các thuộc tính của mẫu mã
Select BOM,Select BOM
Select BOM and Qty for Production,Select BOM and Qty for Production
"Select BOM, Qty and For Warehouse","Select BOM, Qty and For Warehouse"
Select Batch No,Select Batch No
Select Billing Address,Select Billing Address
Select Brand...,Select Brand...
Select Columns and Filters,Select Columns and Filters
Select Company,Select Company
Select Corrective Operation,Select Corrective Operation
Select Customers By,Select Customers By
Select Date of Birth. This will validate Employees age and prevent hiring of under-age staff.,Select Date of Birth. This will validate Employees age and prevent hiring of under-age staff.
"Select Date of joining. It will have impact on the first salary calculation, Leave allocation on pro-rata bases.","Select Date of joining. It will have impact on the first salary calculation, Leave allocation on pro-rata bases."
Select Default Supplier,Select Default Supplier
Select Difference Account,Select Difference Account
Select Dimension,Select Dimension
Select Dispatch Address,Select Dispatch Address
Select Employees,Select Employees
Select Finished Good,Select Finished Good
Select Items,Select Items
Select Items based on Delivery Date,Select Items based on Delivery Date
Select Items for Quality Inspection,Select Items for Quality Inspection
Select Items to Manufacture,Select Items to Manufacture
Select Job Worker Address,Select Job Worker Address
Select Loyalty Program,Select Loyalty Program
Select Possible Supplier,Select Possible Supplier
Select Quantity,Select Quantity
Select Serial No,Select Serial No
Select Serial and Batch,Select Serial and Batch
Select Shipping Address,Select Shipping Address
Select Supplier Address,Select Supplier Address
Select Target Warehouse,Select Target Warehouse
Select Time,Select Time
Select View,Select View
Select Vouchers to Match,Select Vouchers to Match
Select Warehouse...,Select Warehouse...
Select Warehouses to get Stock for Materials Planning,Select Warehouses to get Stock for Materials Planning
Select a Company,Select a Company
Select a Company this Employee belongs to.,Select a Company this Employee belongs to.
Select a Customer,Select a Customer
Select a Default Priority.,Select a Default Priority.
Select a Supplier,Select a Supplier
"Select a Supplier from the Default Suppliers of the items below. On selection, a Purchase Order will be made against items belonging to the selected Supplier only.","Select a Supplier from the Default Suppliers of the items below. On selection, a Purchase Order will be made against items belonging to the selected Supplier only."
Select a company,Select a company
Select an Item Group.,Select an Item Group.
Select an account to print in account currency,Select an account to print in account currency
Select an invoice to load summary data,Select an invoice to load summary data
Select an item from each set to be used in the Sales Order.,Select an item from each set to be used in the Sales Order.
Select at least one value from each of the attributes.,Chọn ít nhất một thuộc tính trong danh sách thuộc tính
Select change amount account,Select change amount account
Select company first,Select company first
Select company name first.,Select company name first.
Select finance book for the item {0} at row {1},Select finance book for the item {0} at row {1}
Select item group,Select item group
Select template item,Select template item
Select the Bank Account to reconcile.,Select the Bank Account to reconcile.
Select the Default Workstation where the Operation will be performed. This will be fetched in BOMs and Work Orders.,Select the Default Workstation where the Operation will be performed. This will be fetched in BOMs and Work Orders.
Select the Item to be manufactured.,Select the Item to be manufactured.
"Select the Item to be manufactured. The Item name, UoM, Company, and Currency will be fetched automatically.","Select the Item to be manufactured. The Item name, UoM, Company, and Currency will be fetched automatically."
Select the Warehouse,Select the Warehouse
Select the customer or supplier.,Select the customer or supplier.
Select the date and your timezone,Select the date and your timezone
Select the raw materials (Items) required to manufacture the Item,Select the raw materials (Items) required to manufacture the Item
Select variant item code for the template item {0},Select variant item code for the template item {0}
Select whether to get items from a Sales Order or a Material Request. For now select <b>Sales Order</b>.\n A Production Plan can also be created manually where you can select the Items to manufacture.,Select whether to get items from a Sales Order or a Material Request. For now select <b>Sales Order</b>.\n A Production Plan can also be created manually where you can select the Items to manufacture.
Select your weekly off day,Select your weekly off day
"Select, to make the customer searchable with these fields","Select, to make the customer searchable with these fields"
Selected POS Opening Entry should be open.,Selected POS Opening Entry should be open.
Selected Price List should have buying and selling fields checked.,Selected Price List should have buying and selling fields checked.
Selected Serial and Batch Bundle entries have been removed.,Selected Serial and Batch Bundle entries have been removed.
Selected Vouchers,Selected Vouchers
Selected date is,Selected date is
Selected document must be in submitted state,Selected document must be in submitted state
Self delivery,Self delivery
Sell,Sell
Sell Asset,Sell Asset
Selling,Selling
Selling Amount,Selling Amount
Selling Price List,Selling Price List
Selling Rate,Selling Rate
Selling Settings,Selling Settings
"Selling must be checked, if Applicable For is selected as {0}","Selling must be checked, if Applicable For is selected as {0}"
Send After (days),Send After (days)
Send Attached Files,Send Attached Files
Send Document Print,Send Document Print
Send Email,Send Email
Send Emails,Send Emails
Send Emails to Suppliers,Send Emails to Suppliers
Send SMS,Send SMS
Send To,Send To
Send To Primary Contact,Send To Primary Contact
Send regular summary reports via Email.,Send regular summary reports via Email.
Send to Subcontractor,Send to Subcontractor
Send with Attachment,Send with Attachment
Sent On,Sent On
Sent To,Sent To
Sequential,Sequential
Serial & Batch Item,Serial & Batch Item
Serial & Batch Item Settings,Serial & Batch Item Settings
Serial / Batch Bundle,Serial / Batch Bundle
Serial / Batch Bundle Missing,Serial / Batch Bundle Missing
Serial / Batch No,Serial / Batch No
Serial / Batch Nos,Serial / Batch Nos
Serial No (In/Out),Serial No (In/Out)
Serial No / Batch,Serial No / Batch
Serial No Already Assigned,Serial No Already Assigned
Serial No Count,Serial No Count
Serial No Ledger,Serial No Ledger
Serial No Range,Serial No Range
Serial No Service Contract Expiry,Serial No Service Contract Expiry
Serial No Status,Serial No Status
Serial No Warranty Expiry,Serial No Warranty Expiry
Serial No and Batch,Serial No and Batch
Serial No and Batch Selector cannot be use when Use Serial / Batch Fields is enabled.,Serial No and Batch Selector cannot be use when Use Serial / Batch Fields is enabled.
Serial No is mandatory,Serial No is mandatory
Serial No is mandatory for Item {0},Serial No is mandatory for Item {0}
Serial No {0} already exists,Serial No {0} already exists
Serial No {0} already scanned,Serial No {0} already scanned
Serial No {0} does not belong to Delivery Note {1},Serial No {0} does not belong to Delivery Note {1}
Serial No {0} does not belong to Item {1},Serial No {0} does not belong to Item {1}
Serial No {0} does not exist,Serial No {0} does not exist
Serial No {0} does not exists,Serial No {0} does not exists
Serial No {0} is already added,Serial No {0} is already added
Serial No {0} is already assigned to customer {1}. Can only be returned against the customer {1},Serial No {0} is already assigned to customer {1}. Can only be returned against the customer {1}
"Serial No {0} is not present in the {1} {2}, hence you can't return it against the {1} {2}","Serial No {0} is not present in the {1} {2}, hence you can't return it against the {1} {2}"
Serial No {0} is under maintenance contract upto {1},Serial No {0} is under maintenance contract upto {1}
Serial No {0} is under warranty upto {1},Serial No {0} is under warranty upto {1}
Serial No {0} not found,Serial No {0} not found
Serial No: {0} has already been transacted into another POS Invoice.,Serial No: {0} has already been transacted into another POS Invoice.
Serial Nos,Serial Nos
Serial Nos / Batch Nos,Serial Nos / Batch Nos
Serial Nos and Batches,Serial Nos and Batches
Serial Nos are created successfully,Serial Nos are created successfully
"Serial Nos are reserved in Stock Reservation Entries, you need to unreserve them before proceeding.","Serial Nos are reserved in Stock Reservation Entries, you need to unreserve them before proceeding."
Serial Number Series,Serial Number Series
Serial and Batch,Serial and Batch
Serial and Batch Bundle created,Serial and Batch Bundle created
Serial and Batch Bundle updated,Serial and Batch Bundle updated
Serial and Batch Bundle {0} is already used in {1} {2}.,Serial and Batch Bundle {0} is already used in {1} {2}.
Serial and Batch Details,Serial and Batch Details
Serial and Batch Entry,Serial and Batch Entry
Serial and Batch No,Serial and Batch No
Serial and Batch Nos,Serial and Batch Nos
Serial and Batch Nos will be auto-reserved based on <b>Pick Serial / Batch Based On</b>,Serial and Batch Nos will be auto-reserved based on <b>Pick Serial / Batch Based On</b>
Serial and Batch Reservation,Serial and Batch Reservation
Serial and Batch Summary,Serial and Batch Summary
Serial number {0} entered more than once,Serial number {0} entered more than once
Serial numbers unavailable for Item {0} under warehouse {1}. Please try changing warehouse.,Serial numbers unavailable for Item {0} under warehouse {1}. Please try changing warehouse.
Series,Series
Series for Asset Depreciation Entry (Journal Entry),Series for Asset Depreciation Entry (Journal Entry)
Series is mandatory,Series is mandatory
Service Address,Service Address
Service Cost Per Qty,Service Cost Per Qty
Service Day,Service Day
Service End Date,Service End Date
Service Expense Total Amount,Service Expense Total Amount
Service Expenses,Service Expenses
Service Item,Service Item
Service Item Qty,Service Item Qty
Service Item Qty / Finished Good Qty,Service Item Qty / Finished Good Qty
Service Item UOM,Service Item UOM
Service Item {0} is disabled.,Service Item {0} is disabled.
Service Item {0} must be a non-stock item.,Service Item {0} must be a non-stock item.
Service Items,Service Items
Service Level Agreement,Service Level Agreement
Service Level Agreement Creation,Service Level Agreement Creation
Service Level Agreement Details,Service Level Agreement Details
Service Level Agreement Status,Service Level Agreement Status
Service Level Agreement for {0} {1} already exists.,Service Level Agreement for {0} {1} already exists.
Service Level Agreement has been changed to {0}.,Service Level Agreement has been changed to {0}.
Service Level Agreement was reset.,Service Level Agreement was reset.
Service Level Agreements,Service Level Agreements
Service Level Name,Service Level Name
Service Level Priority,Service Level Priority
Service Provider,Service Provider
Service Received But Not Billed,Service Received But Not Billed
Service Start Date,Service Start Date
Service Stop Date,Service Stop Date
Service Stop Date cannot be after Service End Date,Service Stop Date cannot be after Service End Date
Service Stop Date cannot be before Service Start Date,Service Stop Date cannot be before Service Start Date
Services,Services
Set Accepted Warehouse,Set Accepted Warehouse
Set Advances and Allocate (FIFO),Set Advances and Allocate (FIFO)
Set Basic Rate Manually,Set Basic Rate Manually
Set Default Supplier,Set Default Supplier
Set From Warehouse,Set From Warehouse
Set Item Group-wise budgets on this Territory. You can also include seasonality by setting the Distribution.,Set Item Group-wise budgets on this Territory. You can also include seasonality by setting the Distribution.
Set Landed Cost Based on Purchase Invoice Rate,Set Landed Cost Based on Purchase Invoice Rate
Set Loyalty Program,Set Loyalty Program
Set Meta Tags,Set Meta Tags
Set New Release Date,Set New Release Date
Set Operating Cost / Scrap Items From Sub-assemblies,Set Operating Cost / Scrap Items From Sub-assemblies
Set Operating Cost Based On BOM Quantity,Set Operating Cost Based On BOM Quantity
Set Parent Row No in Items Table,Set Parent Row No in Items Table
Set Posting Date,Set Posting Date
Set Process Loss Item Quantity,Set Process Loss Item Quantity
Set Project Status,Set Project Status
Set Project and all Tasks to status {0}?,Set Project and all Tasks to status {0}?
Set Reserve Warehouse,Set Reserve Warehouse
Set Response Time for Priority {0} in row {1}.,Set Response Time for Priority {0} in row {1}.
Set Serial and Batch Bundle Naming Based on Naming Series,Set Serial and Batch Bundle Naming Based on Naming Series
Set Source Warehouse,Set Source Warehouse
Set Target Warehouse,Set Target Warehouse
Set Up a Company,Set Up a Company
Set Valuation Rate Based on Source Warehouse,Set Valuation Rate Based on Source Warehouse
Set Valuation Rate for Rejected Materials,Set Valuation Rate for Rejected Materials
Set Warehouse,Set Warehouse
Set as Closed,Set as Closed
Set as Completed,Set as Completed
Set as Lost,Set as Lost
Set as Open,Set as Open
Set default inventory account for perpetual inventory,Set default inventory account for perpetual inventory
Set default {0} account for non stock items,Set default {0} account for non stock items
Set fieldname from which you want to fetch the data from the parent form.,Set fieldname from which you want to fetch the data from the parent form.
Set quantity of process loss item:,Set quantity of process loss item:
Set rate of sub-assembly item based on BOM,Set rate of sub-assembly item based on BOM
Set targets Item Group-wise for this Sales Person.,Set targets Item Group-wise for this Sales Person.
Set the Planned Start Date (an Estimated Date at which you want the Production to begin),Set the Planned Start Date (an Estimated Date at which you want the Production to begin)
Set the status manually.,Set the status manually.
Set this if the customer is a Public Administration company.,Set this if the customer is a Public Administration company.
Set up your Warehouse,Set up your Warehouse
Set {0} in asset category {1} for company {2},Set {0} in asset category {1} for company {2}
Set {0} in asset category {1} or company {2},Set {0} in asset category {1} or company {2}
Set {0} in company {1},Set {0} in company {1}
Sets 'Accepted Warehouse' in each row of the Items table.,Sets 'Accepted Warehouse' in each row of the Items table.
Sets 'Rejected Warehouse' in each row of the Items table.,Sets 'Rejected Warehouse' in each row of the Items table.
Sets 'Reserve Warehouse' in each row of the Supplied Items table.,Sets 'Reserve Warehouse' in each row of the Supplied Items table.
Sets 'Source Warehouse' in each row of the items table.,Sets 'Source Warehouse' in each row of the items table.
Sets 'Target Warehouse' in each row of the items table.,Sets 'Target Warehouse' in each row of the items table.
Sets 'Warehouse' in each row of the Items table.,Sets 'Warehouse' in each row of the Items table.
Setting Account Type helps in selecting this Account in transactions.,Setting Account Type helps in selecting this Account in transactions.
"Setting Events to {0}, since the Employee attached to the below Sales Persons does not have a User ID{1}","Setting Events to {0}, since the Employee attached to the below Sales Persons does not have a User ID{1}"
Setting Item Locations...,Setting Item Locations...
Setting defaults,Setting defaults
Setting the account as a Company Account is necessary for Bank Reconciliation,Setting the account as a Company Account is necessary for Bank Reconciliation
Setting up Taxes,Setting up Taxes
Setting up company,Setting up company
Setting {0} is required,Setting {0} is required
Settings for Selling Module,Settings for Selling Module
Settled,Settled
Setup Your Letterhead,Setup Your Letterhead
Setup a Warehouse,Setup a Warehouse
Setup your organization,Setup your organization
Share Balance,Share Balance
Share Ledger,Share Ledger
Share Management,Share Management
Share Transfer,Share Transfer
Share Type,Share Type
Shareholder,Shareholder
Shelf Life In Days,Shelf Life In Days
Shelf Life in Days,Shelf Life in Days
Shift Factor,Shift Factor
Shift Name,Shift Name
Shipment,Shipment
Shipment Amount,Shipment Amount
Shipment Delivery Note,Shipment Delivery Note
Shipment ID,Shipment ID
Shipment Information,Shipment Information
Shipment Parcel,Shipment Parcel
Shipment Parcel Template,Shipment Parcel Template
Shipment Type,Shipment Type
Shipment details,Shipment details
Shipments,Shipments
Shipping Account,Shipping Account
Shipping Address Details,Shipping Address Details
Shipping Address Name,Shipping Address Name
Shipping Address Template,Shipping Address Template
Shipping Address does not belong to the {0},Shipping Address does not belong to the {0}
"Shipping Address does not have country, which is required for this Shipping Rule","Shipping Address does not have country, which is required for this Shipping Rule"
Shipping Amount,Shipping Amount
Shipping City,Shipping City
Shipping Country,Shipping Country
Shipping County,Shipping County
Shipping Rule,Shipping Rule
Shipping Rule Condition,Shipping Rule Condition
Shipping Rule Conditions,Shipping Rule Conditions
Shipping Rule Country,Shipping Rule Country
Shipping Rule Label,Shipping Rule Label
Shipping Rule Type,Shipping Rule Type
Shipping State,Shipping State
Shipping Zipcode,Shipping Zipcode
Shipping rule not applicable for country {0} in Shipping Address,Shipping rule not applicable for country {0} in Shipping Address
Shipping rule only applicable for Buying,Shipping rule only applicable for Buying
Shipping rule only applicable for Selling,Shipping rule only applicable for Selling
Shopping Cart,Shopping Cart
Short Term Loan Account,Short Term Loan Account
Short biography for website and other publications.,Short biography for website and other publications.
Shortage Qty,Shortage Qty
Show Aggregate Value from Subsidiary Companies,Show Aggregate Value from Subsidiary Companies
Show Balances in Chart Of Accounts,Show Balances in Chart Of Accounts
Show Barcode Field in Stock Transactions,Show Barcode Field in Stock Transactions
Show Cancelled Entries,Show Cancelled Entries
Show Completed,Show Completed
Show Credit / Debit in Company Currency,Show Credit / Debit in Company Currency
Show Cumulative Amount,Show Cumulative Amount
Show Dimension Wise Stock,Show Dimension Wise Stock
Show Disabled Warehouses,Show Disabled Warehouses
Show Failed Logs,Show Failed Logs
Show Future Payments,Show Future Payments
Show GL Balance,Show GL Balance
Show In Website,Show In Website
Show Inclusive Tax in Print,Show Inclusive Tax in Print
Show Item Name,Show Item Name
Show Items,Show Items
Show Latest Forum Posts,Show Latest Forum Posts
Show Ledger View,Show Ledger View
Show Linked Delivery Notes,Show Linked Delivery Notes
Show Net Values in Party Account,Show Net Values in Party Account
Show Open,Show Open
Show Opening Entries,Show Opening Entries
Show Opening and Closing Balance,Show Opening and Closing Balance
Show Operations,Show Operations
Show Pay Button in Purchase Order Portal,Show Pay Button in Purchase Order Portal
Show Payment Details,Show Payment Details
Show Payment Schedule in Print,Show Payment Schedule in Print
Show Remarks,Show Remarks
Show Return Entries,Show Return Entries
Show Sales Person,Show Sales Person
Show Stock Ageing Data,Show Stock Ageing Data
Show Taxes as Table in Print,Show Taxes as Table in Print
Show Variant Attributes,Show Variant Attributes
Show Variants,Show Variants
Show Warehouse-wise Stock,Show Warehouse-wise Stock
Show exploded view,Show exploded view
Show in Website,Show in Website
Show net values in opening and closing columns,Show net values in opening and closing columns
Show only POS,Show only POS
Show only the Immediate Upcoming Term,Show only the Immediate Upcoming Term
Show pending entries,Show pending entries
Show unclosed fiscal year's P&L balances,Show unclosed fiscal year's P&L balances
Show with upcoming revenue/expense,Show with upcoming revenue/expense
Show zero values,Show zero values
Show {0},Show {0}
Signatory Position,Signatory Position
Signed,Signed
Signed By (Company),Signed By (Company)
Signed On,Signed On
Signee,Signee
Signee (Company),Signee (Company)
Signee Details,Signee Details
"Simple Python Expression, Example: doc.status == 'Open' and doc.issue_type == 'Bug'","Simple Python Expression, Example: doc.status == 'Open' and doc.issue_type == 'Bug'"
"Simple Python Expression, Example: territory != 'All Territories'","Simple Python Expression, Example: territory != 'All Territories'"
"Simple Python formula applied on Reading fields.<br> Numeric eg. 1: <b>reading_1 &gt; 0.2 and reading_1 &lt; 0.5</b><br>\nNumeric eg. 2: <b>mean &gt; 3.5</b> (mean of populated fields)<br>\nValue based eg.:  <b>reading_value in (\""A\"", \""B\"", \""C\"")</b>","Simple Python formula applied on Reading fields.<br> Numeric eg. 1: <b>reading_1 &gt; 0.2 and reading_1 &lt; 0.5</b><br>\nNumeric eg. 2: <b>mean &gt; 3.5</b> (mean of populated fields)<br>\nValue based eg.:  <b>reading_value in (\""A\"", \""B\"", \""C\"")</b>"
Simultaneous,Simultaneous
Single,Single
Single Tier Program,Single Tier Program
Single Transaction Threshold,Single Transaction Threshold
Single Variant,Single Variant
Skip Available Sub Assembly Items,Skip Available Sub Assembly Items
Skip Delivery Note,Skip Delivery Note
Skipping Tax Withholding Category {0} as there is no associated account set for Company {1} in it.,Skipping Tax Withholding Category {0} as there is no associated account set for Company {1} in it.
Skype ID,Skype ID
Small,Small
Smoothing Constant,Smoothing Constant
Social Login,Social Login
Softwares,Softwares
Sold,Sold
Sold by,Sold by
Something went wrong please try again,Something went wrong please try again
"Sorry, this coupon code is no longer valid","Sorry, this coupon code is no longer valid"
"Sorry, this coupon code's validity has expired","Sorry, this coupon code's validity has expired"
"Sorry, this coupon code's validity has not started","Sorry, this coupon code's validity has not started"
Source DocType,Source DocType
Source Document Name,Source Document Name
Source Document Type,Source Document Type
Source Exchange Rate,Source Exchange Rate
Source Fieldname,Source Fieldname
Source Location,Source Location
Source Type,Source Type
Source Warehouse Address,Source Warehouse Address
Source Warehouse Address Link,Source Warehouse Address Link
Source and Target Location cannot be same,Source and Target Location cannot be same
Source and target warehouse cannot be same for row {0},Source and target warehouse cannot be same for row {0}
Source and target warehouse must be different,Source and target warehouse must be different
Source of Funds (Liabilities),Source of Funds (Liabilities)
Source warehouse is mandatory for row {0},Source warehouse is mandatory for row {0}
Sourced by Supplier,Sourced by Supplier
South Africa VAT Account,South Africa VAT Account
South Africa VAT Settings,South Africa VAT Settings
Specify Exchange Rate to convert one currency into another,Specify Exchange Rate to convert one currency into another
Specify conditions to calculate shipping amount,Specify conditions to calculate shipping amount
Split,Split
Split Asset,Split Asset
Split Batch,Split Batch
Split Early Payment Discount Loss into Income and Tax Loss,Split Early Payment Discount Loss into Income and Tax Loss
Split From,Split From
Split Issue,Split Issue
Split Qty,Split Qty
Split qty cannot be grater than or equal to asset qty,Split qty cannot be grater than or equal to asset qty
Splitting {0} {1} into {2} rows as per Payment Terms,Splitting {0} {1} into {2} rows as per Payment Terms
Stage,Stage
Stage Name,Stage Name
Stale Days,Stale Days
Stale Days should start from 1.,Stale Days should start from 1.
Standard Buying,Standard Buying
Standard Description,Standard Description
Standard Rated Expenses,Standard Rated Expenses
Standard Selling,Standard Selling
Standard Template,Standard Template
"Standard Terms and Conditions that can be added to Sales and Purchases. Examples: Validity of the offer, Payment Terms, Safety and Usage, etc.","Standard Terms and Conditions that can be added to Sales and Purchases. Examples: Validity of the offer, Payment Terms, Safety and Usage, etc."
Standard rated supplies in {0},Standard rated supplies in {0}
"Standard tax template that can be applied to all Purchase Transactions. This template can contain a list of tax heads and also other expense heads like \""Shipping\"", \""Insurance\"", \""Handling\"", etc.","Standard tax template that can be applied to all Purchase Transactions. This template can contain a list of tax heads and also other expense heads like \""Shipping\"", \""Insurance\"", \""Handling\"", etc."
"Standard tax template that can be applied to all Sales Transactions. This template can contain a list of tax heads and also other expense/income heads like \""Shipping\"", \""Insurance\"", \""Handling\"" etc.","Standard tax template that can be applied to all Sales Transactions. This template can contain a list of tax heads and also other expense/income heads like \""Shipping\"", \""Insurance\"", \""Handling\"" etc."
Standing Name,Standing Name
Start / Resume,Start / Resume
Start Date cannot be before the current date,Start Date cannot be before the current date
Start Date should be lower than End Date,Start Date should be lower than End Date
Start Deletion,Start Deletion
Start Job,Start Job
Start Merge,Start Merge
Start Reposting,Start Reposting
Start Time can't be greater than or equal to End Time for {0}.,Start Time can't be greater than or equal to End Time for {0}.
Start Timer,Start Timer
Start Year,Start Year
Start Year and End Year are mandatory,Start Year and End Year are mandatory
Start and End Dates,Start and End Dates
Start date of current invoice's period,Start date of current invoice's period
Start date should be less than end date for Item {0},Start date should be less than end date for Item {0}
Start date should be less than end date for task {0},Start date should be less than end date for task {0}
Started a background job to create {1} {0},Started a background job to create {1} {0}
Starting location from left edge,Starting location from left edge
Starting position from top edge,Starting position from top edge
Statement of Account,Statement of Account
Status Details,Status Details
Status Illustration,Status Illustration
Status must be Cancelled or Completed,Status must be Cancelled or Completed
Status must be one of {0},Status must be one of {0}
Status set to rejected as there are one or more rejected readings.,Status set to rejected as there are one or more rejected readings.
Statutory info and other general information about your Supplier,Statutory info and other general information about your Supplier
Stock Adjustment,Stock Adjustment
Stock Adjustment Account,Stock Adjustment Account
Stock Ageing,Stock Ageing
Stock Analytics,Stock Analytics
Stock Assets,Stock Assets
Stock Available,Stock Available
Stock Balance Report,Stock Balance Report
Stock Closing,Stock Closing
Stock Consumed During Repair,Stock Consumed During Repair
Stock Consumption Details,Stock Consumption Details
Stock Details,Stock Details
Stock Entries already created for Work Order {0}: {1},Phiếu nhập xuất cho LSX ca {0} đã tồn tại: {1}
Stock Entry (Outward GIT),Stock Entry (Outward GIT)
Stock Entry Child,Stock Entry Child
Stock Entry Detail,Stock Entry Detail
Stock Entry has been already created against this Pick List,Stock Entry has been already created against this Pick List
Stock Entry {0} created,Stock Entry {0} created
Stock Entry {0} is not submitted,Stock Entry {0} is not submitted
Stock Expenses,Stock Expenses
Stock Frozen Upto,Stock Frozen Upto
Stock In Hand,Stock In Hand
Stock Items,Stock Items
Stock Ledger Entries and GL Entries are reposted for the selected Purchase Receipts,Stock Ledger Entries and GL Entries are reposted for the selected Purchase Receipts
Stock Ledger Entry,Stock Ledger Entry
Stock Ledger ID,Stock Ledger ID
Stock Ledger Invariant Check,Stock Ledger Invariant Check
Stock Ledger Variance,Stock Ledger Variance
Stock Ledger report contains every submitted stock transaction. You can use filter to narrow down ledger entries.,Stock Ledger report contains every submitted stock transaction. You can use filter to narrow down ledger entries.
Stock Levels,Stock Levels
Stock Liabilities,Stock Liabilities
Stock Manager,Stock Manager
Stock Movement,Stock Movement
Stock Planning,Stock Planning
Stock Qty,Stock Qty
Stock Qty vs Serial No Count,Stock Qty vs Serial No Count
Stock Received But Not Billed,Stock Received But Not Billed
Stock Reconciliation,Stock Reconciliation
Stock Reconciliation Item,Stock Reconciliation Item
Stock Reconciliations,Stock Reconciliations
Stock Reports,Stock Reports
Stock Reposting Settings,Stock Reposting Settings
Stock Reservation,Stock Reservation
Stock Reservation Entries Cancelled,Stock Reservation Entries Cancelled
Stock Reservation Entries Created,Stock Reservation Entries Created
Stock Reservation Entry,Stock Reservation Entry
Stock Reservation Entry cannot be updated as it has been delivered.,Stock Reservation Entry cannot be updated as it has been delivered.
"Stock Reservation Entry created against a Pick List cannot be updated. If you need to make changes, we recommend canceling the existing entry and creating a new one.","Stock Reservation Entry created against a Pick List cannot be updated. If you need to make changes, we recommend canceling the existing entry and creating a new one."
Stock Reservation Warehouse Mismatch,Stock Reservation Warehouse Mismatch
Stock Reservation can only be created against {0}.,Stock Reservation can only be created against {0}.
Stock Reserved Qty (in Stock UOM),Stock Reserved Qty (in Stock UOM)
Stock Settings,Stock Settings
Stock Summary,Stock Summary
Stock Transactions,Stock Transactions
Stock Transactions Settings,Stock Transactions Settings
Stock UOM Quantity,Stock UOM Quantity
Stock Unreservation,Stock Unreservation
Stock Uom,Stock Uom
Stock User,Stock User
Stock Validations,Stock Validations
Stock Value,Stock Value
Stock and Account Value Comparison,Stock and Account Value Comparison
Stock and Manufacturing,Stock and Manufacturing
Stock cannot be reserved in group warehouse {0}.,Stock cannot be reserved in group warehouse {0}.
Stock cannot be reserved in the group warehouse {0}.,Stock cannot be reserved in the group warehouse {0}.
Stock cannot be updated against Delivery Note {0},Stock cannot be updated against Delivery Note {0}
Stock cannot be updated against Purchase Receipt {0},Stock cannot be updated against Purchase Receipt {0}
Stock not available for Item {0} in Warehouse {1}.,Stock not available for Item {0} in Warehouse {1}.
Stock quantity not enough for Item Code: {0} under warehouse {1}. Available quantity {2} {3}.,Stock quantity not enough for Item Code: {0} under warehouse {1}. Available quantity {2} {3}.
Stock transactions before {0} are frozen,Stock transactions before {0} are frozen
Stock transactions that are older than the mentioned days cannot be modified.,Stock transactions that are older than the mentioned days cannot be modified.
Stock will be reserved on submission of <b>Purchase Receipt</b> created against Material Request for Sales Order.,Stock will be reserved on submission of <b>Purchase Receipt</b> created against Material Request for Sales Order.
Stock/Accounts can not be frozen as processing of backdated entries is going on. Please try again later.,Stock/Accounts can not be frozen as processing of backdated entries is going on. Please try again later.
Stop Reason,Stop Reason
"Stopped Work Order cannot be cancelled, Unstop it first to cancel","Stopped Work Order cannot be cancelled, Unstop it first to cancel"
Stores,Stores
Straight Line,Straight Line
Sub Assemblies,Sub Assemblies
Sub Assemblies & Raw Materials,Sub Assemblies & Raw Materials
Sub Assembly,Sub Assembly
Sub Assembly Item,Sub Assembly Item
Sub Assembly Item Code,Sub Assembly Item Code
Sub Assembly Items,Sub Assembly Items
Sub Assembly Warehouse,Sub Assembly Warehouse
Sub Operation,Sub Operation
Sub Procedure,Sub Procedure
Sub Total,Sub Total
Sub-assembly BOM Count,Sub-assembly BOM Count
Sub-contracting,Sub-contracting
Subcontract,Subcontract
Subcontract BOM,Subcontract BOM
Subcontract Order,Subcontract Order
Subcontract Order Summary,Subcontract Order Summary
Subcontract Return,Subcontract Return
Subcontracted Item,Subcontracted Item
Subcontracted Item To Be Received,Subcontracted Item To Be Received
Subcontracted Purchase Order,Subcontracted Purchase Order
Subcontracted Quantity,Subcontracted Quantity
Subcontracted Raw Materials To Be Transferred,Subcontracted Raw Materials To Be Transferred
Subcontracting BOM,Subcontracting BOM
Subcontracting Conversion Factor,Subcontracting Conversion Factor
Subcontracting Order,Subcontracting Order
Subcontracting Order (Draft) will be auto-created on submission of Purchase Order.,Subcontracting Order (Draft) will be auto-created on submission of Purchase Order.
Subcontracting Order Item,Subcontracting Order Item
Subcontracting Order Service Item,Subcontracting Order Service Item
Subcontracting Order Supplied Item,Subcontracting Order Supplied Item
Subcontracting Order {0} created.,Subcontracting Order {0} created.
Subcontracting Purchase Order,Subcontracting Purchase Order
Subcontracting Receipt,Subcontracting Receipt
Subcontracting Receipt Item,Subcontracting Receipt Item
Subcontracting Receipt Supplied Item,Subcontracting Receipt Supplied Item
Subcontracting Settings,Subcontracting Settings
Subdivision,Subdivision
Submit Action Failed,Submit Action Failed
Submit ERR Journals?,Submit ERR Journals?
Submit Generated Invoices,Submit Generated Invoices
Submit Journal Entries,Submit Journal Entries
Submit this Work Order for further processing.,Submit this Work Order for further processing.
Subscription,Subscription
Subscription End Date,Subscription End Date
Subscription End Date is mandatory to follow calendar months,Subscription End Date is mandatory to follow calendar months
Subscription End Date must be after {0} as per the subscription plan,Subscription End Date must be after {0} as per the subscription plan
Subscription Invoice,Subscription Invoice
Subscription Management,Subscription Management
Subscription Period,Subscription Period
Subscription Plan,Subscription Plan
Subscription Plan Detail,Subscription Plan Detail
Subscription Plans,Subscription Plans
Subscription Price Based On,Subscription Price Based On
Subscription Section,Subscription Section
Subscription Settings,Subscription Settings
Subscription Start Date,Subscription Start Date
Subscription for Future dates cannot be processed.,Subscription for Future dates cannot be processed.
Subscriptions,Subscriptions
Succeeded,Succeeded
Succeeded Entries,Succeeded Entries
Success Redirect URL,Success Redirect URL
Success Settings,Success Settings
Successful,Successful
Successfully Reconciled,Successfully Reconciled
Successfully Set Supplier,Successfully Set Supplier
"Successfully changed Stock UOM, please redefine conversion factors for new UOM.","Successfully changed Stock UOM, please redefine conversion factors for new UOM."
"Successfully imported {0} record out of {1}. Click on Export Errored Rows, fix the errors and import again.","Successfully imported {0} record out of {1}. Click on Export Errored Rows, fix the errors and import again."
Successfully imported {0} records.,Successfully imported {0} records.
Successfully linked to Customer,Successfully linked to Customer
Successfully linked to Supplier,Successfully linked to Supplier
Successfully merged {0} out of {1}.,Successfully merged {0} out of {1}.
"Successfully updated {0} record out of {1}. Click on Export Errored Rows, fix the errors and import again.","Successfully updated {0} record out of {1}. Click on Export Errored Rows, fix the errors and import again."
Successfully updated {0} record.,Successfully updated {0} record.
"Successfully updated {0} records out of {1}. Click on Export Errored Rows, fix the errors and import again.","Successfully updated {0} records out of {1}. Click on Export Errored Rows, fix the errors and import again."
Successfully updated {0} records.,Successfully updated {0} records.
Suggestions,Suggestions
Sum of Repair Cost and Value of Consumed Stock Items.,Sum of Repair Cost and Value of Consumed Stock Items.
Summary for this month and pending activities,Summary for this month and pending activities
Summary for this week and pending activities,Summary for this week and pending activities
Supplied Item,Supplied Item
Supplied Items,Supplied Items
Supplied Qty,Supplied Qty
Supplier,Nhà cung cấp
Supplier Address,Supplier Address
Supplier Address Details,Supplier Address Details
Supplier Addresses And Contacts,Supplier Addresses And Contacts
Supplier Contact,Supplier Contact
Supplier Delivery Note,Supplier Delivery Note
Supplier Details,Supplier Details
Supplier Group,Supplier Group
Supplier Group Item,Supplier Group Item
Supplier Group Name,Supplier Group Name
Supplier Info,Supplier Info
Supplier Invoice,Supplier Invoice
Supplier Invoice Date,Supplier Invoice Date
Supplier Invoice Date cannot be greater than Posting Date,Supplier Invoice Date cannot be greater than Posting Date
Supplier Invoice No,Supplier Invoice No
Supplier Invoice No exists in Purchase Invoice {0},Supplier Invoice No exists in Purchase Invoice {0}
Supplier Item,Supplier Item
Supplier Items,Supplier Items
Supplier Lead Time (days),Supplier Lead Time (days)
Supplier Ledger Summary,Supplier Ledger Summary
Supplier Naming By,Supplier Naming By
Supplier Part No,Supplier Part No
Supplier Part Number,Supplier Part Number
Supplier Portal Users,Supplier Portal Users
Supplier Primary Address,Supplier Primary Address
Supplier Primary Contact,Supplier Primary Contact
Supplier Quotation,Supplier Quotation
Supplier Quotation Comparison,Supplier Quotation Comparison
Supplier Quotation Item,Supplier Quotation Item
Supplier Quotation {0} Created,Supplier Quotation {0} Created
Supplier Score,Supplier Score
Supplier Scorecard,Supplier Scorecard
Supplier Scorecard Criteria,Supplier Scorecard Criteria
Supplier Scorecard Period,Supplier Scorecard Period
Supplier Scorecard Scoring Criteria,Supplier Scorecard Scoring Criteria
Supplier Scorecard Scoring Standing,Supplier Scorecard Scoring Standing
Supplier Scorecard Scoring Variable,Supplier Scorecard Scoring Variable
Supplier Scorecard Setup,Supplier Scorecard Setup
Supplier Scorecard Standing,Supplier Scorecard Standing
Supplier Scorecard Variable,Supplier Scorecard Variable
Supplier Type,Supplier Type
Supplier Warehouse,Supplier Warehouse
Supplier Warehouse mandatory for sub-contracted {0},Supplier Warehouse mandatory for sub-contracted {0}
Supplier delivers to Customer,Supplier delivers to Customer
Supplier of Goods or Services.,Supplier of Goods or Services.
Supplier {0} not found in {1},Supplier {0} not found in {1}
Supplier(s),Supplier(s)
Supplier-Wise Sales Analytics,Supplier-Wise Sales Analytics
Suppliers,Suppliers
Supplies subject to the reverse charge provision,Supplies subject to the reverse charge provision
Supply Raw Materials for Purchase,Supply Raw Materials for Purchase
Support,Support
Support Hour Distribution,Support Hour Distribution
Support Portal,Support Portal
Support Search Source,Support Search Source
Support Settings,Support Settings
Support Team,Support Team
Support Tickets,Support Tickets
Suspected Discount Amount,Suspected Discount Amount
Switch Between Payment Modes,Switch Between Payment Modes
Sync Now,Sync Now
Sync Started,Sync Started
Synchronize all accounts every hour,Synchronize all accounts every hour
System In Use,System In Use
System will automatically create the serial numbers / batch for the Finished Good on submission of work order,System will automatically create the serial numbers / batch for the Finished Good on submission of work order
"System will do an implicit conversion using the pegged currency. <br>\nEx: Instead of AED -&gt; INR, system will do AED -&gt; USD -&gt; INR using the pegged exchange rate of AED against USD.","System will do an implicit conversion using the pegged currency. <br>\nEx: Instead of AED -&gt; INR, system will do AED -&gt; USD -&gt; INR using the pegged exchange rate of AED against USD."
System will fetch all the entries if limit value is zero.,System will fetch all the entries if limit value is zero.
System will not check over billing since amount for Item {0} in {1} is zero,System will not check over billing since amount for Item {0} in {1} is zero
System will notify to increase or decrease quantity or amount,System will notify to increase or decrease quantity or amount
TCS Amount,TCS Amount
TCS Rate %,TCS Rate %
TDS Amount,TDS Amount
TDS Computation Summary,TDS Computation Summary
TDS Deducted,TDS Deducted
TDS Payable,TDS Payable
TDS Rate %,TDS Rate %
Table for Item that will be shown in Web Site,Table for Item that will be shown in Web Site
Tag Line,Tag Line
Take a quick walk-through of Accounts Settings,Take a quick walk-through of Accounts Settings
Take a walk through Stock Settings,Take a walk through Stock Settings
Take a walk-through of Manufacturing Settings,Take a walk-through of Manufacturing Settings
Target  Amount,Target  Amount
Target ({}),Target ({})
Target Asset,Target Asset
Target Asset Location,Target Asset Location
Target Asset {0} cannot be cancelled,Target Asset {0} cannot be cancelled
Target Asset {0} cannot be submitted,Target Asset {0} cannot be submitted
Target Asset {0} cannot be {1},Target Asset {0} cannot be {1}
Target Asset {0} does not belong to company {1},Target Asset {0} does not belong to company {1}
Target Asset {0} needs to be composite asset,Target Asset {0} needs to be composite asset
Target Batch No,Target Batch No
Target Detail,Target Detail
Target Details,Target Details
Target Distribution,Target Distribution
Target Exchange Rate,Target Exchange Rate
Target Fieldname (Stock Ledger Entry),Target Fieldname (Stock Ledger Entry)
Target Fixed Asset Account,Target Fixed Asset Account
Target Has Batch No,Target Has Batch No
Target Has Serial No,Target Has Serial No
Target Incoming Rate,Target Incoming Rate
Target Is Fixed Asset,Target Is Fixed Asset
Target Item Code,Target Item Code
Target Item Name,Target Item Name
Target Item {0} must be a Fixed Asset item,Target Item {0} must be a Fixed Asset item
Target Location,Target Location
Target Location is required for transferring Asset {0},Target Location is required for transferring Asset {0}
Target Location is required while receiving Asset {0},Target Location is required while receiving Asset {0}
Target On,Target On
Target Qty,Target Qty
Target Qty must be a positive number,Target Qty must be a positive number
Target Serial No,Target Serial No
Target Warehouse Address,Target Warehouse Address
Target Warehouse Address Link,Target Warehouse Address Link
Target Warehouse is set for some items but the customer is not an internal customer.,Target Warehouse is set for some items but the customer is not an internal customer.
Target warehouse is mandatory for row {0},Target warehouse is mandatory for row {0}
Targets,Targets
Tariff Number,Tariff Number
Task Assignee Email,Task Assignee Email
Task Completion,Task Completion
Task Depends On,Task Depends On
Task Description,Task Description
Task Name,Task Name
Task Progress,Task Progress
Task Type,Task Type
Task Weight,Task Weight
Task {0} depends on Task {1}. Please add Task {1} to the Tasks list.,Task {0} depends on Task {1}. Please add Task {1} to the Tasks list.
Tasks,Tasks
Tasks Completed,Tasks Completed
Tasks Overdue,Tasks Overdue
Tax,Tax
Tax Account,Tax Account
Tax Amount,Tax Amount
Tax Amount After Discount Amount,Tax Amount After Discount Amount
Tax Amount After Discount Amount (Company Currency),Tax Amount After Discount Amount (Company Currency)
Tax Amount will be rounded on a row(items) level,Tax Amount will be rounded on a row(items) level
Tax Assets,Tax Assets
Tax Breakup,Tax Breakup
Tax Category,Tax Category
"Tax Category has been changed to \""Total\"" because all the Items are non-stock items","Tax Category has been changed to \""Total\"" because all the Items are non-stock items"
Tax ID,Mã số thuế
Tax Id,Mã số thuế
Tax Id:,Mã số thuế:
Tax Masters,Tax Masters
Tax Rate,Tax Rate
Tax Rates,Tax Rates
Tax Refunds provided to Tourists under the Tax Refunds for Tourists Scheme,Tax Refunds provided to Tourists under the Tax Refunds for Tourists Scheme
Tax Rule,Tax Rule
Tax Rule Conflicts with {0},Tax Rule Conflicts with {0}
Tax Settings,Tax Settings
Tax Template is mandatory.,Tax Template is mandatory.
Tax Total,Tax Total
Tax Type,Tax Type
Tax Withheld Vouchers,Tax Withheld Vouchers
Tax Withholding,Tax Withholding
Tax Withholding Account,Tax Withholding Account
Tax Withholding Category,Tax Withholding Category
Tax Withholding Category {} against Company {} for Customer {} should have Cumulative Threshold value.,Tax Withholding Category {} against Company {} for Customer {} should have Cumulative Threshold value.
Tax Withholding Details,Tax Withholding Details
Tax Withholding Net Total,Tax Withholding Net Total
Tax Withholding Rate,Tax Withholding Rate
Tax Withholding Rates,Tax Withholding Rates
Tax detail table fetched from item master as a string and stored in this field.\nUsed for Taxes and Charges,Tax detail table fetched from item master as a string and stored in this field.\nUsed for Taxes and Charges
Tax will be withheld only for amount exceeding the cumulative threshold,Tax will be withheld only for amount exceeding the cumulative threshold
Taxable Amount,Taxable Amount
Taxes,Taxes
Taxes and Charges,Taxes and Charges
Taxes and Charges Added,Taxes and Charges Added
Taxes and Charges Added (Company Currency),Taxes and Charges Added (Company Currency)
Taxes and Charges Calculation,Taxes and Charges Calculation
Taxes and Charges Deducted,Taxes and Charges Deducted
Taxes and Charges Deducted (Company Currency),Taxes and Charges Deducted (Company Currency)
Taxes row #{0}: {1} cannot be smaller than {2},Taxes row #{0}: {1} cannot be smaller than {2}
Team,Team
Team Member,Team Member
Telephone Expenses,Telephone Expenses
Telephony Call Type,Telephony Call Type
Template Item,Template Item
Template Item Selected,Template Item Selected
Template Name,Template Name
Template Task,Template Task
Template Title,Template Title
Temporarily on Hold,Temporarily on Hold
Temporary,Temporary
Temporary Accounts,Temporary Accounts
Temporary Opening,Temporary Opening
Temporary Opening Account,Temporary Opening Account
Term Details,Term Details
Terms,Terms
Terms & Conditions,Terms & Conditions
Terms Template,Terms Template
Terms and Conditions,Terms and Conditions
Terms and Conditions Content,Terms and Conditions Content
Terms and Conditions Details,Terms and Conditions Details
Terms and Conditions Help,Terms and Conditions Help
Terms and Conditions Template,Terms and Conditions Template
Territory,Territory
Territory Item,Territory Item
Territory Manager,Territory Manager
Territory Name,Territory Name
Territory Target Variance Based On Item Group,Territory Target Variance Based On Item Group
Territory Targets,Territory Targets
Territory Wise Sales,Territory Wise Sales
Territory-wise Sales,Territory-wise Sales
The 'From Package No.' field must neither be empty nor it's value less than 1.,The 'From Package No.' field must neither be empty nor it's value less than 1.
"The Access to Request for Quotation From Portal is Disabled. To Allow Access, Enable it in Portal Settings.","The Access to Request for Quotation From Portal is Disabled. To Allow Access, Enable it in Portal Settings."
The Accounts Module is all set up!,The Accounts Module is all set up!
The Assets Module is all set up!,The Assets Module is all set up!
The BOM which will be replaced,The BOM which will be replaced
The Batch {0} has negative quantity {1} in warehouse {2}. Please correct the quantity.,The Batch {0} has negative quantity {1} in warehouse {2}. Please correct the quantity.
The Buying Module is all set up!,The Buying Module is all set up!
The CRM Module is all set up!,The CRM Module is all set up!
The Campaign '{0}' already exists for the {1} '{2}',The Campaign '{0}' already exists for the {1} '{2}'
The Document Type {0} must have a Status field to configure Service Level Agreement,The Document Type {0} must have a Status field to configure Service Level Agreement
"The GL Entries and closing balances will be processed in the background, it can take a few minutes.","The GL Entries and closing balances will be processed in the background, it can take a few minutes."
"The GL Entries will be cancelled in the background, it can take a few minutes.","The GL Entries will be cancelled in the background, it can take a few minutes."
The Loyalty Program isn't valid for the selected company,The Loyalty Program isn't valid for the selected company
"The Payment Request {0} is already paid, cannot process payment twice","The Payment Request {0} is already paid, cannot process payment twice"
The Payment Term at row {0} is possibly a duplicate.,The Payment Term at row {0} is possibly a duplicate.
"The Pick List having Stock Reservation Entries cannot be updated. If you need to make changes, we recommend canceling the existing Stock Reservation Entries before updating the Pick List.","The Pick List having Stock Reservation Entries cannot be updated. If you need to make changes, we recommend canceling the existing Stock Reservation Entries before updating the Pick List."
The Process Loss Qty has reset as per job cards Process Loss Qty,The Process Loss Qty has reset as per job cards Process Loss Qty
The Sales Person is linked with {0},The Sales Person is linked with {0}
The Selling Module is all set up!,The Selling Module is all set up!
The Serial No at Row #{0}: {1} is not available in warehouse {2}.,The Serial No at Row #{0}: {1} is not available in warehouse {2}.
The Serial and Batch Bundle {0} is not valid for this transaction. The 'Type of Transaction' should be 'Outward' instead of 'Inward' in Serial and Batch Bundle {0},The Serial and Batch Bundle {0} is not valid for this transaction. The 'Type of Transaction' should be 'Outward' instead of 'Inward' in Serial and Batch Bundle {0}
"The Stock Entry of type 'Manufacture' is known as backflush. Raw materials being consumed to manufacture finished goods is known as backflushing. <br><br> When creating Manufacture Entry, raw-material items are backflushed based on BOM of production item. If you want raw-material items to be backflushed based on Material Transfer entry made against that Work Order instead, then you can set it under this field.","The Stock Entry of type 'Manufacture' is known as backflush. Raw materials being consumed to manufacture finished goods is known as backflushing. <br><br> When creating Manufacture Entry, raw-material items are backflushed based on BOM of production item. If you want raw-material items to be backflushed based on Material Transfer entry made against that Work Order instead, then you can set it under this field."
The Stock Module is all set up!,The Stock Module is all set up!
The Work Order is mandatory for Disassembly Order,The Work Order is mandatory for Disassembly Order
"The account head under Liability or Equity, in which Profit/Loss will be booked","The account head under Liability or Equity, in which Profit/Loss will be booked"
The allocated amount is greater than the outstanding amount of Payment Request {0},The allocated amount is greater than the outstanding amount of Payment Request {0}
The amount of {0} set in this payment request is different from the calculated amount of all payment plans: {1}. Make sure this is correct before submitting the document.,The amount of {0} set in this payment request is different from the calculated amount of all payment plans: {1}. Make sure this is correct before submitting the document.
The currency of invoice {} ({}) is different from the currency of this dunning ({}).,The currency of invoice {} ({}) is different from the currency of this dunning ({}).
The default BOM for that item will be fetched by the system. You can also change the BOM.,The default BOM for that item will be fetched by the system. You can also change the BOM.
The difference between from time and To Time must be a multiple of Appointment,The difference between from time and To Time must be a multiple of Appointment
The field Asset Account cannot be blank,The field Asset Account cannot be blank
The field Equity/Liability Account cannot be blank,The field Equity/Liability Account cannot be blank
The field From Shareholder cannot be blank,The field From Shareholder cannot be blank
The field To Shareholder cannot be blank,The field To Shareholder cannot be blank
The field {0} in row {1} is not set,The field {0} in row {1} is not set
The fields From Shareholder and To Shareholder cannot be blank,The fields From Shareholder and To Shareholder cannot be blank
The finished product {0} quantity {1} and For Quantity {2} cannot be different,The finished product {0} quantity {1} and For Quantity {2} cannot be different
The folio numbers are not matching,The folio numbers are not matching
"The following Items, having Putaway Rules, could not be accomodated:","The following Items, having Putaway Rules, could not be accomodated:"
The following assets have failed to automatically post depreciation entries: {0},The following assets have failed to automatically post depreciation entries: {0}
"The following batches are expired, please restock them: <br> {0}","The following batches are expired, please restock them: <br> {0}"
The following deleted attributes exist in Variants but not in the Template. You can either delete the Variants or keep the attribute(s) in template.,The following deleted attributes exist in Variants but not in the Template. You can either delete the Variants or keep the attribute(s) in template.
The following employees are currently still reporting to {0}:,The following employees are currently still reporting to {0}:
The following invalid Pricing Rules are deleted:,The following invalid Pricing Rules are deleted:
The following {0} were created: {1},The following {0} were created: {1}
The gross weight of the package. Usually net weight + packaging material weight. (for print),The gross weight of the package. Usually net weight + packaging material weight. (for print)
The holiday on {0} is not between From Date and To Date,The holiday on {0} is not between From Date and To Date
The items {0} and {1} are present in the following {2} :,The items {0} and {1} are present in the following {2} :
The net weight of this package. (calculated automatically as sum of net weight of items),The net weight of this package. (calculated automatically as sum of net weight of items)
The new BOM after replacement,The new BOM after replacement
The number of shares and the share numbers are inconsistent,The number of shares and the share numbers are inconsistent
The operation {0} can not add multiple times,The operation {0} can not add multiple times
The operation {0} can not be the sub operation,The operation {0} can not be the sub operation
The original invoice should be consolidated before or along with the return invoice.,The original invoice should be consolidated before or along with the return invoice.
The parent account {0} does not exists in the uploaded template,The parent account {0} does not exists in the uploaded template
The payment gateway account in plan {0} is different from the payment gateway account in this payment request,The payment gateway account in plan {0} is different from the payment gateway account in this payment request
"The percentage you are allowed to bill more against the amount ordered. For example, if the order value is $100 for an item and tolerance is set as 10%, then you are allowed to bill up to $110","The percentage you are allowed to bill more against the amount ordered. For example, if the order value is $100 for an item and tolerance is set as 10%, then you are allowed to bill up to $110"
The percentage you are allowed to pick more items in the pick list than the ordered quantity.,The percentage you are allowed to pick more items in the pick list than the ordered quantity.
"The percentage you are allowed to receive or deliver more against the quantity ordered. For example, if you have ordered 100 units, and your Allowance is 10%, then you are allowed to receive 110 units.","The percentage you are allowed to receive or deliver more against the quantity ordered. For example, if you have ordered 100 units, and your Allowance is 10%, then you are allowed to receive 110 units."
"The percentage you are allowed to transfer more against the quantity ordered. For example, if you have ordered 100 units, and your Allowance is 10%, then you are allowed transfer 110 units.","The percentage you are allowed to transfer more against the quantity ordered. For example, if you have ordered 100 units, and your Allowance is 10%, then you are allowed transfer 110 units."
The reserved stock will be released when you update items. Are you certain you wish to proceed?,The reserved stock will be released when you update items. Are you certain you wish to proceed?
The reserved stock will be released. Are you certain you wish to proceed?,The reserved stock will be released. Are you certain you wish to proceed?
The root account {0} must be a group,The root account {0} must be a group
The selected BOMs are not for the same item,The selected BOMs are not for the same item
The selected change account {} doesn't belongs to Company {}.,The selected change account {} doesn't belongs to Company {}.
The selected item cannot have Batch,The selected item cannot have Batch
The seller and the buyer cannot be the same,The seller and the buyer cannot be the same
The serial and batch bundle {0} not linked to {1} {2},The serial and batch bundle {0} not linked to {1} {2}
The serial no {0} does not belong to item {1},The serial no {0} does not belong to item {1}
The shareholder does not belong to this company,The shareholder does not belong to this company
The shares already exist,The shares already exist
The shares don't exist with the {0},The shares don't exist with the {0}
"The stock for the item {0} in the {1} warehouse was negative on the {2}. You should create a positive entry {3} before the date {4} and time {5} to post the correct valuation rate. For more details, please read the <a href='https://docs.erpnext.com/docs/user/manual/en/stock-adjustment-cogs-with-negative-stock'>documentation<a>.","The stock for the item {0} in the {1} warehouse was negative on the {2}. You should create a positive entry {3} before the date {4} and time {5} to post the correct valuation rate. For more details, please read the <a href='https://docs.erpnext.com/docs/user/manual/en/stock-adjustment-cogs-with-negative-stock'>documentation<a>."
"The stock has been reserved for the following Items and Warehouses, un-reserve the same to {0} the Stock Reconciliation: <br /><br /> {1}","The stock has been reserved for the following Items and Warehouses, un-reserve the same to {0} the Stock Reconciliation: <br /><br /> {1}"
"The sync has started in the background, please check the {0} list for new records.","The sync has started in the background, please check the {0} list for new records."
The task has been enqueued as a background job.,The task has been enqueued as a background job.
"The task has been enqueued as a background job. In case there is any issue on processing in background, the system will add a comment about the error on this Stock Reconciliation and revert to the Draft stage","The task has been enqueued as a background job. In case there is any issue on processing in background, the system will add a comment about the error on this Stock Reconciliation and revert to the Draft stage"
"The task has been enqueued as a background job. In case there is any issue on processing in background, the system will add a comment about the error on this Stock Reconciliation and revert to the Submitted stage","The task has been enqueued as a background job. In case there is any issue on processing in background, the system will add a comment about the error on this Stock Reconciliation and revert to the Submitted stage"
The total Issue / Transfer quantity {0} in Material Request {1}  cannot be greater than allowed requested quantity {2} for Item {3},The total Issue / Transfer quantity {0} in Material Request {1}  cannot be greater than allowed requested quantity {2} for Item {3}
The total Issue / Transfer quantity {0} in Material Request {1} cannot be greater than requested quantity {2} for Item {3},The total Issue / Transfer quantity {0} in Material Request {1} cannot be greater than requested quantity {2} for Item {3}
The uploaded file does not match the selected Code List.,The uploaded file does not match the selected Code List.
The user cannot submit the Serial and Batch Bundle manually,The user cannot submit the Serial and Batch Bundle manually
"The users with this Role are allowed to create/modify a stock transaction, even though the transaction is frozen.","The users with this Role are allowed to create/modify a stock transaction, even though the transaction is frozen."
The value of {0} differs between Items {1} and {2},The value of {0} differs between Items {1} and {2}
The value {0} is already assigned to an existing Item {1}.,The value {0} is already assigned to an existing Item {1}.
The warehouse where you store finished Items before they are shipped.,The warehouse where you store finished Items before they are shipped.
"The warehouse where you store your raw materials. Each required item can have a separate source warehouse. Group warehouse also can be selected as source warehouse. On submission of the Work Order, the raw materials will be reserved in these warehouses for production usage.","The warehouse where you store your raw materials. Each required item can have a separate source warehouse. Group warehouse also can be selected as source warehouse. On submission of the Work Order, the raw materials will be reserved in these warehouses for production usage."
The warehouse where your Items will be transferred when you begin production. Group Warehouse can also be selected as a Work in Progress warehouse.,The warehouse where your Items will be transferred when you begin production. Group Warehouse can also be selected as a Work in Progress warehouse.
The {0} ({1}) must be equal to {2} ({3}),The {0} ({1}) must be equal to {2} ({3})
The {0} contains Unit Price Items.,The {0} contains Unit Price Items.
The {0} {1} created sucessfully,The {0} {1} created sucessfully
The {0} {1} does not match with the {0} {2} in the {3} {4},The {0} {1} does not match with the {0} {2} in the {3} {4}
The {0} {1} is used to calculate the valuation cost for the finished good {2}.,The {0} {1} is used to calculate the valuation cost for the finished good {2}.
There are active maintenance or repairs against the asset. You must complete all of them before cancelling the asset.,There are active maintenance or repairs against the asset. You must complete all of them before cancelling the asset.
"There are inconsistencies between the rate, no of shares and the amount calculated","There are inconsistencies between the rate, no of shares and the amount calculated"
There are ledger entries against this account. Changing {0} to non-{1} in live system will cause incorrect output in 'Accounts {2}' report,There are ledger entries against this account. Changing {0} to non-{1} in live system will cause incorrect output in 'Accounts {2}' report
There are no Failed transactions,There are no Failed transactions
There are no active Fiscal Years for which Demo Data can be generated.,There are no active Fiscal Years for which Demo Data can be generated.
There are no slots available on this date,There are no slots available on this date
"There are two options to maintain valuation of stock. FIFO (first in - first out) and Moving Average. To understand this topic in detail please visit <a href='https://docs.erpnext.com/docs/v13/user/manual/en/stock/articles/item-valuation-fifo-and-moving-average' target='_blank'>Item Valuation, FIFO and Moving Average.</a>","There are two options to maintain valuation of stock. FIFO (first in - first out) and Moving Average. To understand this topic in detail please visit <a href='https://docs.erpnext.com/docs/v13/user/manual/en/stock/articles/item-valuation-fifo-and-moving-average' target='_blank'>Item Valuation, FIFO and Moving Average.</a>"
There aren't any item variants for the selected item,There aren't any item variants for the selected item
There can be multiple tiered collection factor based on the total spent. But the conversion factor for redemption will always be same for all the tier.,There can be multiple tiered collection factor based on the total spent. But the conversion factor for redemption will always be same for all the tier.
There can only be 1 Account per Company in {0} {1},There can only be 1 Account per Company in {0} {1}
"There can only be one Shipping Rule Condition with 0 or blank value for \""To Value\","There can only be one Shipping Rule Condition with 0 or blank value for \""To Value\"
There is already a valid Lower Deduction Certificate {0} for Supplier {1} against category {2} for this time period.,There is already a valid Lower Deduction Certificate {0} for Supplier {1} against category {2} for this time period.
There is already an active Subcontracting BOM {0} for the Finished Good {1}.,There is already an active Subcontracting BOM {0} for the Finished Good {1}.
There is no batch found against the {0}: {1},There is no batch found against the {0}: {1}
There is nothing to edit.,There is nothing to edit.
There must be atleast 1 Finished Good in this Stock Entry,There must be atleast 1 Finished Good in this Stock Entry
There was an error creating Bank Account while linking with Plaid.,There was an error creating Bank Account while linking with Plaid.
There was an error saving the document.,There was an error saving the document.
There was an error syncing transactions.,There was an error syncing transactions.
There was an error updating Bank Account {} while linking with Plaid.,There was an error updating Bank Account {} while linking with Plaid.
There was an issue connecting to Plaid's authentication server. Check browser console for more information,There was an issue connecting to Plaid's authentication server. Check browser console for more information
There were issues unlinking payment entry {0}.,There were issues unlinking payment entry {0}.
This Account has '0' balance in either Base Currency or Account Currency,This Account has '0' balance in either Base Currency or Account Currency
This Item is a Template and cannot be used in transactions. Item attributes will be copied over into the variants unless 'No Copy' is set,This Item is a Template and cannot be used in transactions. Item attributes will be copied over into the variants unless 'No Copy' is set
This Item is a Variant of {0} (Template).,This Item is a Variant of {0} (Template).
This Month's Summary,This Month's Summary
This PO has been fully subcontracted.,This PO has been fully subcontracted.
This Warehouse will be auto-updated in the Target Warehouse field of Work Order.,This Warehouse will be auto-updated in the Target Warehouse field of Work Order.
This Warehouse will be auto-updated in the Work In Progress Warehouse field of Work Orders.,This Warehouse will be auto-updated in the Work In Progress Warehouse field of Work Orders.
This Week's Summary,This Week's Summary
This action will stop future billing. Are you sure you want to cancel this subscription?,This action will stop future billing. Are you sure you want to cancel this subscription?
This action will unlink this account from any external service integrating ERPNext with your bank accounts. It cannot be undone. Are you certain ?,This action will unlink this account from any external service integrating ERPNext with your bank accounts. It cannot be undone. Are you certain ?
This asset category is marked as non-depreciable. Please disable depreciation calculation or choose a different category.,This asset category is marked as non-depreciable. Please disable depreciation calculation or choose a different category.
This covers all scorecards tied to this Setup,This covers all scorecards tied to this Setup
This document is over limit by {0} {1} for item {4}. Are you making another {3} against the same {2}?,This document is over limit by {0} {1} for item {4}. Are you making another {3} against the same {2}?
This field is used to set the 'Customer'.,This field is used to set the 'Customer'.
This filter will be applied to Journal Entry.,This filter will be applied to Journal Entry.
This is a Template BOM and will be used to make the work order for {0} of the item {1},This is a Template BOM and will be used to make the work order for {0} of the item {1}
This is a preview of the email to be sent. A PDF of the document will automatically be attached with the email.,This is a preview of the email to be sent. A PDF of the document will automatically be attached with the email.
This is a root account and cannot be edited.,This is a root account and cannot be edited.
This is a root customer group and cannot be edited.,This is a root customer group and cannot be edited.
This is a root department and cannot be edited.,This is a root department and cannot be edited.
This is a root sales person and cannot be edited.,This is a root sales person and cannot be edited.
This is a root supplier group and cannot be edited.,This is a root supplier group and cannot be edited.
This is a root territory and cannot be edited.,This is a root territory and cannot be edited.
This is an example website auto-generated from ERPNext,This is an example website auto-generated from ERPNext
This is based on stock movement. See {0} for details,This is based on stock movement. See {0} for details
This is based on the Time Sheets created against this project,This is based on the Time Sheets created against this project
This is based on transactions against this Sales Person. See timeline below for details,This is based on transactions against this Sales Person. See timeline below for details
This is considered dangerous from accounting point of view.,This is considered dangerous from accounting point of view.
This is done to handle accounting for cases when Purchase Receipt is created after Purchase Invoice,This is done to handle accounting for cases when Purchase Receipt is created after Purchase Invoice
"This is enabled by default. If you want to plan materials for sub-assemblies of the Item you're manufacturing leave this enabled. If you plan and manufacture the sub-assemblies separately, you can disable this checkbox.","This is enabled by default. If you want to plan materials for sub-assemblies of the Item you're manufacturing leave this enabled. If you plan and manufacture the sub-assemblies separately, you can disable this checkbox."
"This is for raw material Items that'll be used to create finished goods. If the Item is an additional service like 'washing' that'll be used in the BOM, keep this unchecked.","This is for raw material Items that'll be used to create finished goods. If the Item is an additional service like 'washing' that'll be used in the BOM, keep this unchecked."
This item filter has already been applied for the {0},This item filter has already been applied for the {0}
This option can be checked to edit the 'Posting Date' and 'Posting Time' fields.,This option can be checked to edit the 'Posting Date' and 'Posting Time' fields.
This schedule was created when Asset {0} was adjusted through Asset Value Adjustment {1}.,This schedule was created when Asset {0} was adjusted through Asset Value Adjustment {1}.
This schedule was created when Asset {0} was consumed through Asset Capitalization {1}.,This schedule was created when Asset {0} was consumed through Asset Capitalization {1}.
This schedule was created when Asset {0} was repaired through Asset Repair {1}.,This schedule was created when Asset {0} was repaired through Asset Repair {1}.
This schedule was created when Asset {0} was restored on Asset Capitalization {1}'s cancellation.,This schedule was created when Asset {0} was restored on Asset Capitalization {1}'s cancellation.
This schedule was created when Asset {0} was restored.,This schedule was created when Asset {0} was restored.
This schedule was created when Asset {0} was returned through Sales Invoice {1}.,This schedule was created when Asset {0} was returned through Sales Invoice {1}.
This schedule was created when Asset {0} was scrapped.,This schedule was created when Asset {0} was scrapped.
This schedule was created when Asset {0} was sold through Sales Invoice {1}.,This schedule was created when Asset {0} was sold through Sales Invoice {1}.
This schedule was created when Asset {0} was updated after being split into new Asset {1}.,This schedule was created when Asset {0} was updated after being split into new Asset {1}.
This schedule was created when Asset {0}'s Asset Repair {1} was cancelled.,This schedule was created when Asset {0}'s Asset Repair {1} was cancelled.
This schedule was created when Asset {0}'s Asset Value Adjustment {1} was cancelled.,This schedule was created when Asset {0}'s Asset Value Adjustment {1} was cancelled.
This schedule was created when Asset {0}'s shifts were adjusted through Asset Shift Allocation {1}.,This schedule was created when Asset {0}'s shifts were adjusted through Asset Shift Allocation {1}.
This schedule was created when new Asset {0} was split from Asset {1}.,This schedule was created when new Asset {0} was split from Asset {1}.
"This section allows the user to set the Body and Closing text of the Dunning Letter for the Dunning Type based on language, which can be used in Print.","This section allows the user to set the Body and Closing text of the Dunning Letter for the Dunning Type based on language, which can be used in Print."
"This table is used to set details about the 'Item', 'Qty', 'Basic Rate', etc.","This table is used to set details about the 'Item', 'Qty', 'Basic Rate', etc."
This tool helps you to update or fix the quantity and valuation of stock in the system. It is typically used to synchronise the system values and what actually exists in your warehouses.,This tool helps you to update or fix the quantity and valuation of stock in the system. It is typically used to synchronise the system values and what actually exists in your warehouses.
This value shall be used when no matching Common Code for a record is found.,This value shall be used when no matching Common Code for a record is found.
"This will be appended to the Item Code of the variant. For example, if your abbreviation is \""SM\"", and the item code is \""T-SHIRT\"", the item code of the variant will be \""T-SHIRT-SM\","This will be appended to the Item Code of the variant. For example, if your abbreviation is \""SM\"", and the item code is \""T-SHIRT\"", the item code of the variant will be \""T-SHIRT-SM\"
This will restrict user access to other employee records,This will restrict user access to other employee records
This {} will be treated as material transfer.,This {} will be treated as material transfer.
Threshold for Suggestion,Threshold for Suggestion
Threshold for Suggestion (In Percentage),Threshold for Suggestion (In Percentage)
Thumbnail,Thumbnail
Tier Name,Tier Name
Time (In Mins),Time (In Mins)
Time Between Operations (Mins),Time Between Operations (Mins)
Time Required (In Mins),Time Required (In Mins)
Time Sheet,Time Sheet
Time Sheet List,Time Sheet List
Time Sheets,Time Sheets
Time Taken to Deliver,Time Taken to Deliver
Time Tracking,Time Tracking
Time at which materials were received,Time at which materials were received
Time in mins,Time in mins
Time in mins.,Time in mins.
Time logs are required for {0} {1},Time logs are required for {0} {1}
Time slot is not available,Time slot is not available
Time(in mins),Time(in mins)
Timer,Timer
Timer exceeded the given hours.,Timer exceeded the given hours.
Timesheet,Timesheet
Timesheet Detail,Timesheet Detail
Timesheet for tasks.,Timesheet for tasks.
Timesheet {0} is already completed or cancelled,Timesheet {0} is already completed or cancelled
Timesheets,Timesheets
"Timesheets help keep track of time, cost and billing for activites done by your team","Timesheets help keep track of time, cost and billing for activites done by your team"
Timeslots,Timeslots
To Bill,To Bill
To Currency,To Currency
To Date cannot be before From Date,To Date cannot be before From Date
To Date cannot be before From Date.,To Date cannot be before From Date.
To Date cannot be less than From Date,To Date cannot be less than From Date
To Date is mandatory,To Date is mandatory
To Date must be greater than From Date,To Date must be greater than From Date
To Date should be within the Fiscal Year. Assuming To Date = {0},To Date should be within the Fiscal Year. Assuming To Date = {0}
To Datetime,To Datetime
To Deliver,To Deliver
To Deliver and Bill,To Deliver and Bill
To Delivery Date,To Delivery Date
To Doctype,To Doctype
To Due Date,To Due Date
To Employee,To Employee
To Fiscal Year,To Fiscal Year
To Folio No,To Folio No
To Invoice Date,To Invoice Date
To No,To No
To Package No.,To Package No.
To Payment Date,To Payment Date
To Posting Date,To Posting Date
To Range,To Range
To Receive,To Receive
To Receive and Bill,To Receive and Bill
To Reference Date,To Reference Date
To Rename,To Rename
To Shareholder,To Shareholder
To Track inbound purchase,To Track inbound purchase
To Value,To Value
To Warehouse,To Warehouse
To Warehouse (Optional),To Warehouse (Optional)
To add Operations tick the 'With Operations' checkbox.,To add Operations tick the 'With Operations' checkbox.
To add subcontracted Item's raw materials if include exploded items is disabled.,To add subcontracted Item's raw materials if include exploded items is disabled.
"To allow over billing, update \""Over Billing Allowance\"" in Accounts Settings or the Item.","To allow over billing, update \""Over Billing Allowance\"" in Accounts Settings or the Item."
"To allow over receipt / delivery, update \""Over Receipt/Delivery Allowance\"" in Stock Settings or the Item.","To allow over receipt / delivery, update \""Over Receipt/Delivery Allowance\"" in Stock Settings or the Item."
To apply condition on parent field use parent.field_name and to apply condition on child table use doc.field_name. Here field_name could be based on the actual column name of the respective field.,To apply condition on parent field use parent.field_name and to apply condition on child table use doc.field_name. Here field_name could be based on the actual column name of the respective field.
To be Delivered to Customer,To be Delivered to Customer
To cancel a {} you need to cancel the POS Closing Entry {}.,To cancel a {} you need to cancel the POS Closing Entry {}.
To create a Payment Request reference document is required,To create a Payment Request reference document is required
To date cannot be before from date,To date cannot be before from date
"To enable Capital Work in Progress Accounting,","To enable Capital Work in Progress Accounting,"
To include non-stock items in the material request planning. i.e. Items for which 'Maintain Stock' checkbox is unticked.,To include non-stock items in the material request planning. i.e. Items for which 'Maintain Stock' checkbox is unticked.
"To include sub-assembly costs and scrap items in Finished Goods on a work order without using a job card, when the 'Use Multi-Level BOM' option is enabled.","To include sub-assembly costs and scrap items in Finished Goods on a work order without using a job card, when the 'Use Multi-Level BOM' option is enabled."
"To include tax in row {0} in Item rate, taxes in rows {1} must also be included","To include tax in row {0} in Item rate, taxes in rows {1} must also be included"
"To merge, following properties must be same for both items","To merge, following properties must be same for both items"
"To overrule this, enable '{0}' in company {1}","To overrule this, enable '{0}' in company {1}"
"To still proceed with editing this Attribute Value, enable {0} in Item Variant Settings.","To still proceed with editing this Attribute Value, enable {0} in Item Variant Settings."
To submit the invoice without purchase order please set {0} as {1} in {2},To submit the invoice without purchase order please set {0} as {1} in {2}
To submit the invoice without purchase receipt please set {0} as {1} in {2},To submit the invoice without purchase receipt please set {0} as {1} in {2}
"To use a different finance book, please uncheck 'Include Default FB Assets'","To use a different finance book, please uncheck 'Include Default FB Assets'"
"To use a different finance book, please uncheck 'Include Default FB Entries'","To use a different finance book, please uncheck 'Include Default FB Entries'"
Toggle Recent Orders,Toggle Recent Orders
Too many columns. Export the report and print it using a spreadsheet application.,Too many columns. Export the report and print it using a spreadsheet application.
Total (Company Currency),Total (Company Currency)
Total (Credit),Total (Credit)
Total (Without Tax),Total (Without Tax)
Total Achieved,Total Achieved
Total Active Items,Total Active Items
Total Actual,Total Actual
Total Additional Costs,Total Additional Costs
Total Advance,Total Advance
Total Allocated Amount,Total Allocated Amount
Total Allocated Amount (Company Currency),Total Allocated Amount (Company Currency)
Total Allocations,Total Allocations
Total Amount,Total Amount
Total Amount Currency,Total Amount Currency
Total Amount in Words,Total Amount in Words
Total Applicable Charges in Purchase Receipt Items table must be same as Total Taxes and Charges,Total Applicable Charges in Purchase Receipt Items table must be same as Total Taxes and Charges
Total Asset,Total Asset
Total Asset Cost,Total Asset Cost
Total Assets,Total Assets
Total Billable Amount,Total Billable Amount
Total Billable Amount (via Timesheet),Total Billable Amount (via Timesheet)
Total Billable Hours,Total Billable Hours
Total Billed Amount,Total Billed Amount
Total Billed Amount (via Sales Invoice),Total Billed Amount (via Sales Invoice)
Total Billed Hours,Total Billed Hours
Total Billing Amount,Total Billing Amount
Total Billing Hours,Total Billing Hours
Total Budget,Total Budget
Total Characters,Total Characters
Total Commission,Total Commission
Total Consumed Material Cost (via Stock Entry),Total Consumed Material Cost (via Stock Entry)
Total Contribution Amount Against Invoices: {0},Total Contribution Amount Against Invoices: {0}
Total Contribution Amount Against Orders: {0},Total Contribution Amount Against Orders: {0}
Total Cost (Company Currency),Total Cost (Company Currency)
Total Costing Amount,Total Costing Amount
Total Costing Amount (via Timesheet),Total Costing Amount (via Timesheet)
Total Credit,Total Credit
Total Credit/ Debit Amount should be same as linked Journal Entry,Total Credit/ Debit Amount should be same as linked Journal Entry
Total Debit,Total Debit
Total Debit must be equal to Total Credit. The difference is {0},Total Debit must be equal to Total Credit. The difference is {0}
Total Delivered Amount,Total Delivered Amount
Total Demand (Past Data),Total Demand (Past Data)
Total Equity,Total Equity
Total Estimated Distance,Total Estimated Distance
Total Expense,Total Expense
Total Expense This Year,Total Expense This Year
Total Experience,Total Experience
Total Forecast (Future Data),Total Forecast (Future Data)
Total Forecast (Past Data),Total Forecast (Past Data)
Total Gain/Loss,Total Gain/Loss
Total Hold Time,Total Hold Time
Total Holidays,Total Holidays
Total Income,Total Income
Total Income This Year,Total Income This Year
Total Incoming Bills,Total Incoming Bills
Total Incoming Payment,Total Incoming Payment
Total Incoming Value (Receipt),Total Incoming Value (Receipt)
Total Interest,Total Interest
Total Invoiced Amount,Total Invoiced Amount
Total Issues,Total Issues
Total Items,Total Items
Total Liability,Total Liability
Total Message(s),Total Message(s)
Total Monthly Sales,Total Monthly Sales
Total Net Weight,Total Net Weight
Total Number of Booked Depreciations,Total Number of Booked Depreciations
Total Number of Depreciations,Total Number of Depreciations
Total Operation Time,Total Operation Time
Total Order Considered,Total Order Considered
Total Order Value,Total Order Value
Total Other Charges,Total Other Charges
Total Outgoing,Total Outgoing
Total Outgoing Bills,Total Outgoing Bills
Total Outgoing Payment,Total Outgoing Payment
Total Outgoing Value (Consumption),Total Outgoing Value (Consumption)
Total Outstanding,Total Outstanding
Total Outstanding Amount,Total Outstanding Amount
Total Paid Amount,Total Paid Amount
Total Payment Amount in Payment Schedule must be equal to Grand / Rounded Total,Total Payment Amount in Payment Schedule must be equal to Grand / Rounded Total
Total Payment Request amount cannot be greater than {0} amount,Total Payment Request amount cannot be greater than {0} amount
Total Payments,Total Payments
Total Picked Quantity {0} is more than ordered qty {1}. You can set the Over Picking Allowance in Stock Settings.,Total Picked Quantity {0} is more than ordered qty {1}. You can set the Over Picking Allowance in Stock Settings.
Total Planned Qty,Total Planned Qty
Total Produced Qty,Total Produced Qty
Total Projected Qty,Total Projected Qty
Total Purchase Amount,Total Purchase Amount
Total Purchase Cost (via Purchase Invoice),Total Purchase Cost (via Purchase Invoice)
Total Qty,Total Qty
Total Quantity,Total Quantity
Total Received Amount,Total Received Amount
Total Repair Cost,Total Repair Cost
Total Reposting Count,Total Reposting Count
Total Revenue,Total Revenue
Total Sales Amount,Total Sales Amount
Total Sales Amount (via Sales Order),Total Sales Amount (via Sales Order)
Total Stock Summary,Total Stock Summary
Total Stock Value,Total Stock Value
Total Supplied Qty,Total Supplied Qty
Total Target,Total Target
Total Tasks,Total Tasks
Total Tax,Total Tax
Total Taxes and Charges,Total Taxes and Charges
Total Taxes and Charges (Company Currency),Total Taxes and Charges (Company Currency)
Total Time (in Mins),Total Time (in Mins)
Total Unpaid: {0},Total Unpaid: {0}
Total Value,Total Value
Total Value Difference (Incoming - Outgoing),Total Value Difference (Incoming - Outgoing)
Total Variance,Total Variance
Total Warehouses,Total Warehouses
Total Weight,Total Weight
Total Weight (kg),Total Weight (kg)
Total Working Hours,Total Working Hours
Total allocated percentage for sales team should be 100,Total allocated percentage for sales team should be 100
Total completed quantity: {0},Total completed quantity: {0}
Total contribution percentage should be equal to 100,Total contribution percentage should be equal to 100
Total hours: {0},Total hours: {0}
Total payments amount can't be greater than {},Total payments amount can't be greater than {}
Total percentage against cost centers should be 100,Total percentage against cost centers should be 100
Total {0} ({1}),Total {0} ({1})
"Total {0} for all items is zero, may be you should change 'Distribute Charges Based On'","Total {0} for all items is zero, may be you should change 'Distribute Charges Based On'"
Total(Amt),Total(Amt)
Total(Qty),Total(Qty)
Traceability,Traceability
Track Material Request,Track Material Request
Track Service Level Agreement,Track Service Level Agreement
Track separate Income and Expense for product verticals or divisions.,Track separate Income and Expense for product verticals or divisions.
Tracking Status,Tracking Status
Tracking Status Info,Tracking Status Info
Tracking URL,Tracking URL
Transaction,Transaction
Transaction Currency,Transaction Currency
Transaction Date,Transaction Date
Transaction Deletion Document: {0} is running for this Company. {1},Transaction Deletion Document: {0} is running for this Company. {1}
Transaction Deletion Record,Transaction Deletion Record
Transaction Deletion Record Details,Transaction Deletion Record Details
Transaction Deletion Record Item,Transaction Deletion Record Item
Transaction Details,Transaction Details
Transaction Exchange Rate,Transaction Exchange Rate
Transaction ID,Transaction ID
Transaction Name,Transaction Name
Transaction Settings,Transaction Settings
Transaction Type,Transaction Type
Transaction currency must be same as Payment Gateway currency,Transaction currency must be same as Payment Gateway currency
Transaction currency: {0} cannot be different from Bank Account({1}) currency: {2},Transaction currency: {0} cannot be different from Bank Account({1}) currency: {2}
Transaction not allowed against stopped Work Order {0},Transaction not allowed against stopped Work Order {0}
Transaction reference no {0} dated {1},Transaction reference no {0} dated {1}
Transactions,Transactions
Transactions Annual History,Transactions Annual History
Transactions against the Company already exist! Chart of Accounts can only be imported for a Company with no transactions.,Transactions against the Company already exist! Chart of Accounts can only be imported for a Company with no transactions.
Transfer,Transfer
Transfer Asset,Transfer Asset
Transfer From Warehouses,Transfer From Warehouses
Transfer Materials For Warehouse {0},Transfer Materials For Warehouse {0}
Transfer Status,Transfer Status
Transfer Type,Transfer Type
Transfer and Issue,Transfer and Issue
Transfered,Transfered
Transferred,Transferred
Transferred Quantity,Transferred Quantity
Transit,Transit
Transit Entry,Transit Entry
Transport Receipt Date,Transport Receipt Date
Transport Receipt No,Transport Receipt No
Transporter,Transporter
Transporter Details,Transporter Details
Transporter Info,Transporter Info
Transporter Name,Transporter Name
Travel Expenses,Travel Expenses
Tree Details,Tree Details
Tree Type,Tree Type
Tree of Procedures,Tree of Procedures
Trial Balance,Trial Balance
Trial Balance (Simple),Trial Balance (Simple)
Trial Balance for Party,Trial Balance for Party
Trial Period End Date,Trial Period End Date
Trial Period End Date Cannot be before Trial Period Start Date,Trial Period End Date Cannot be before Trial Period Start Date
Trial Period Start Date,Trial Period Start Date
Trial Period Start date cannot be after Subscription Start Date,Trial Period Start date cannot be after Subscription Start Date
Trialling,Trialling
Truncates 'Remarks' column to set character length,Truncates 'Remarks' column to set character length
Twice Daily,Twice Daily
Two-way,Two-way
Type Of Call,Type Of Call
Type of Payment,Type of Payment
Type of Transaction,Type of Transaction
Type of document to rename.,Type of document to rename.
Types of activities for Time Logs,Types of activities for Time Logs
UAE VAT 201,UAE VAT 201
UAE VAT Account,UAE VAT Account
UAE VAT Accounts,UAE VAT Accounts
UAE VAT Settings,UAE VAT Settings
UOM Category,UOM Category
UOM Conversion Detail,UOM Conversion Detail
UOM Conversion Factor,UOM Conversion Factor
UOM Conversion factor ({0} -> {1}) not found for item: {2},UOM Conversion factor ({0} -> {1}) not found for item: {2}
UOM Conversion factor is required in row {0},UOM Conversion factor is required in row {0}
UOM conversion factor required for UOM: {0} in Item: {1},UOM conversion factor required for UOM: {0} in Item: {1}
UOMs,UOMs
UPC,UPC
UPC-A,UPC-A
URL can only be a string,URL can only be a string
UnBuffered Cursor,UnBuffered Cursor
UnReconcile,UnReconcile
UnReconcile Allocations,UnReconcile Allocations
Unable to find exchange rate for {0} to {1} for key date {2}. Please create a Currency Exchange record manually,Unable to find exchange rate for {0} to {1} for key date {2}. Please create a Currency Exchange record manually
Unable to find score starting at {0}. You need to have standing scores covering 0 to 100,Unable to find score starting at {0}. You need to have standing scores covering 0 to 100
Unable to find the time slot in the next {0} days for the operation {1}. Please increase the 'Capacity Planning For (Days)' in the {2}.,Unable to find the time slot in the next {0} days for the operation {1}. Please increase the 'Capacity Planning For (Days)' in the {2}.
Unable to find variable:,Unable to find variable:
Unallocated Amount,Unallocated Amount
Unassigned Qty,Unassigned Qty
Unblock Invoice,Unblock Invoice
Unclosed Fiscal Years Profit / Loss (Credit),Unclosed Fiscal Years Profit / Loss (Credit)
Under AMC,Under AMC
Under Graduate,Under Graduate
Under Warranty,Under Warranty
"Under Working Hours table, you can add start and end times for a Workstation. For example, a Workstation may be active from 9 am to 1 pm, then 2 pm to 5 pm. You can also specify the working hours based on shifts. While scheduling a Work Order, the system will check for the availability of the Workstation based on the working hours specified.","Under Working Hours table, you can add start and end times for a Workstation. For example, a Workstation may be active from 9 am to 1 pm, then 2 pm to 5 pm. You can also specify the working hours based on shifts. While scheduling a Work Order, the system will check for the availability of the Workstation based on the working hours specified."
Unfulfilled,Unfulfilled
Unit of Measure,Unit of Measure
Unit of Measure (UOM),Unit of Measure (UOM)
Unit of Measure {0} has been entered more than once in Conversion Factor Table,Unit of Measure {0} has been entered more than once in Conversion Factor Table
Units of Measure,Units of Measure
Unknown Caller,Unknown Caller
Unlink Advance Payment on Cancellation of Order,Unlink Advance Payment on Cancellation of Order
Unlink Payment on Cancellation of Invoice,Unlink Payment on Cancellation of Invoice
Unlink external integrations,Unlink external integrations
Unlinked,Unlinked
Unpaid,Unpaid
Unpaid and Discounted,Unpaid and Discounted
Unplanned machine maintenance,Unplanned machine maintenance
Unqualified,Unqualified
Unrealized Exchange Gain/Loss Account,Unrealized Exchange Gain/Loss Account
Unrealized Profit / Loss Account,Unrealized Profit / Loss Account
Unrealized Profit / Loss account for intra-company transfers,Unrealized Profit / Loss account for intra-company transfers
Unrealized Profit/Loss account for intra-company transfers,Unrealized Profit/Loss account for intra-company transfers
Unreconcile Payment,Unreconcile Payment
Unreconcile Payment Entries,Unreconcile Payment Entries
Unreconcile Transaction,Unreconcile Transaction
Unreconciled,Unreconciled
Unreconciled Amount,Unreconciled Amount
Unreconciled Entries,Unreconciled Entries
Unreserve,Unreserve
Unreserve Stock,Unreserve Stock
Unreserving Stock...,Unreserving Stock...
Unresolved,Unresolved
Unscheduled,Unscheduled
Unsecured Loans,Unsecured Loans
Unset Matched Payment Request,Unset Matched Payment Request
Unsigned,Unsigned
Unsubscribe from this Email Digest,Unsubscribe from this Email Digest
Until,Until
Unverified,Unverified
Unverified Webhook Data,Unverified Webhook Data
Up,Up
Upcoming Calendar Events,Upcoming Calendar Events
Update Account Name / Number,Update Account Name / Number
Update Account Number / Name,Update Account Number / Name
Update Auto Repeat Reference,Update Auto Repeat Reference
Update BOM Cost Automatically,Update BOM Cost Automatically
"Update BOM cost automatically via scheduler, based on the latest Valuation Rate/Price List Rate/Last Purchase Rate of raw materials","Update BOM cost automatically via scheduler, based on the latest Valuation Rate/Price List Rate/Last Purchase Rate of raw materials"
Update Billed Amount in Delivery Note,Update Billed Amount in Delivery Note
Update Billed Amount in Purchase Order,Update Billed Amount in Purchase Order
Update Billed Amount in Purchase Receipt,Update Billed Amount in Purchase Receipt
Update Billed Amount in Sales Order,Update Billed Amount in Sales Order
Update Clearance Date,Update Clearance Date
Update Cost Center Name / Number,Update Cost Center Name / Number
Update Costing and Billing,Update Costing and Billing
Update Current Stock,Update Current Stock
Update Existing Price List Rate,Update Existing Price List Rate
Update Items,Update Items
Update Outstanding for Self,Update Outstanding for Self
Update Price List Based On,Update Price List Based On
Update Print Format,Update Print Format
Update Rate and Availability,Update Rate and Availability
Update Rate as per Last Purchase,Update Rate as per Last Purchase
Update Stock,Update Stock
Update Stock Opening Balance,Update Stock Opening Balance
Update Type,Update Type
Update frequency of Project,Update frequency of Project
Update latest price in all BOMs,Update latest price in all BOMs
Update stock must be enabled for the purchase invoice {0},Update stock must be enabled for the purchase invoice {0}
Update the modified timestamp on new communications received in Lead & Opportunity.,Update the modified timestamp on new communications received in Lead & Opportunity.
Update timestamp on new communication,Update timestamp on new communication
Updated via 'Time Log' (In Minutes),Updated via 'Time Log' (In Minutes)
Updating Costing and Billing fields against this Project...,Updating Costing and Billing fields against this Project...
Updating Opening Balances,Updating Opening Balances
Updating Variants...,Updating Variants...
Updating Work Order status,Updating Work Order status
Upload Bank Statement,Upload Bank Statement
Upload XML Invoices,Upload XML Invoices
Upper Income,Upper Income
Urgent,Urgent
Use 'Repost in background' button to trigger background job. Job can only be triggered when document is in Queued or Failed status.,Use 'Repost in background' button to trigger background job. Job can only be triggered when document is in Queued or Failed status.
Use Batch-wise Valuation,Use Batch-wise Valuation
Use Company Default Round Off Cost Center,Use Company Default Round Off Cost Center
Use Company default Cost Center for Round off,Use Company default Cost Center for Round off
Use Google Maps Direction API to calculate estimated arrival times,Use Google Maps Direction API to calculate estimated arrival times
Use Google Maps Direction API to optimize route,Use Google Maps Direction API to optimize route
Use HTTP Protocol,Use HTTP Protocol
Use Item based reposting,Use Item based reposting
Use Serial / Batch Fields,Use Serial / Batch Fields
Use Serial No / Batch Fields,Use Serial No / Batch Fields
Use Transaction Date Exchange Rate,Use Transaction Date Exchange Rate
Use a name that is different from previous project name,Use a name that is different from previous project name
Use for Shopping Cart,Use for Shopping Cart
Use this field to render any custom HTML in the section.,Use this field to render any custom HTML in the section.
Used,Used
Used for Production Plan,Used for Production Plan
User ID not set for Employee {0},User ID not set for Employee {0}
User Remark,User Remark
User Resolution Time,User Resolution Time
User has not applied rule on the invoice {0},User has not applied rule on the invoice {0}
User {0} does not exist,User {0} does not exist
User {0} doesn't have any default POS Profile. Check Default at Row {1} for this User.,User {0} doesn't have any default POS Profile. Check Default at Row {1} for this User.
User {0} is already assigned to Employee {1},User {0} is already assigned to Employee {1}
User {0}: Removed Employee Self Service role as there is no mapped employee.,User {0}: Removed Employee Self Service role as there is no mapped employee.
User {0}: Removed Employee role as there is no mapped employee.,User {0}: Removed Employee role as there is no mapped employee.
User {} is disabled. Please select valid user/cashier,User {} is disabled. Please select valid user/cashier
Users can enable the checkbox If they want to adjust the incoming rate (set using purchase receipt) based on the purchase invoice rate.,Users can enable the checkbox If they want to adjust the incoming rate (set using purchase receipt) based on the purchase invoice rate.
Users with this role are allowed to over bill above the allowance percentage,Users with this role are allowed to over bill above the allowance percentage
Users with this role are allowed to over deliver/receive against orders above the allowance percentage,Users with this role are allowed to over deliver/receive against orders above the allowance percentage
Users with this role are allowed to set frozen accounts and create / modify accounting entries against frozen accounts,Users with this role are allowed to set frozen accounts and create / modify accounting entries against frozen accounts
Using negative stock disables FIFO/Moving average valuation when inventory is negative.,Using negative stock disables FIFO/Moving average valuation when inventory is negative.
Utility Expenses,Utility Expenses
VAT Accounts,VAT Accounts
VAT Amount (AED),VAT Amount (AED)
VAT Audit Report,VAT Audit Report
VAT on Expenses and All Other Inputs,VAT on Expenses and All Other Inputs
VAT on Sales and All Other Outputs,VAT on Sales and All Other Outputs
Valid From,Valid From
Valid From date not in Fiscal Year {0},Valid From date not in Fiscal Year {0}
Valid From must be after {0} as last GL Entry against the cost center {1} posted on this date,Valid From must be after {0} as last GL Entry against the cost center {1} posted on this date
Valid Till,Valid Till
Valid Upto,Valid Upto
Valid Upto date cannot be before Valid From date,Valid Upto date cannot be before Valid From date
Valid Upto date not in Fiscal Year {0},Valid Upto date not in Fiscal Year {0}
Valid for Countries,Valid for Countries
Valid from and valid upto fields are mandatory for the cumulative,Valid from and valid upto fields are mandatory for the cumulative
Valid till Date cannot be before Transaction Date,Valid till Date cannot be before Transaction Date
Valid till date cannot be before transaction date,Valid till date cannot be before transaction date
Validate Applied Rule,Validate Applied Rule
Validate Components and Quantities Per BOM,Validate Components and Quantities Per BOM
Validate Negative Stock,Validate Negative Stock
Validate Pricing Rule,Validate Pricing Rule
Validate Selling Price for Item Against Purchase Rate or Valuation Rate,Validate Selling Price for Item Against Purchase Rate or Valuation Rate
Validate Stock on Save,Validate Stock on Save
Validity Details,Validity Details
Validity and Usage,Validity and Usage
Validity in Days,Validity in Days
Validity period of this quotation has ended.,Validity period of this quotation has ended.
Valuation,Valuation
Valuation (I - K),Valuation (I - K)
Valuation Field Type,Valuation Field Type
Valuation Method,Valuation Method
Valuation Rate (In / Out),Valuation Rate (In / Out)
Valuation Rate Missing,Valuation Rate Missing
"Valuation Rate for the Item {0}, is required to do accounting entries for {1} {2}.","Valuation Rate for the Item {0}, is required to do accounting entries for {1} {2}."
Valuation Rate is mandatory if Opening Stock entered,Valuation Rate is mandatory if Opening Stock entered
Valuation Rate required for Item {0} at row {1},Valuation Rate required for Item {0} at row {1}
Valuation and Total,Valuation and Total
Valuation rate for customer provided items has been set to zero.,Valuation rate for customer provided items has been set to zero.
Valuation rate for the item as per Sales Invoice (Only for Internal Transfers),Valuation rate for the item as per Sales Invoice (Only for Internal Transfers)
Valuation type charges can not be marked as Inclusive,Valuation type charges can not be marked as Inclusive
Valuation type charges can not marked as Inclusive,Valuation type charges can not marked as Inclusive
Value (G - D),Value (G - D)
Value ({0}),Value ({0})
Value After Depreciation,Value After Depreciation
Value Based Inspection,Value Based Inspection
Value Details,Value Details
Value Or Qty,Value Or Qty
Value Proposition,Value Proposition
Value as on,Value as on
Value for Attribute {0} must be within the range of {1} to {2} in the increments of {3} for Item {4},Value for Attribute {0} must be within the range of {1} to {2} in the increments of {3} for Item {4}
Value of Goods,Value of Goods
Value of New Capitalized Asset,Value of New Capitalized Asset
Value of New Purchase,Value of New Purchase
Value of Scrapped Asset,Value of Scrapped Asset
Value of Sold Asset,Value of Sold Asset
Value of goods cannot be 0,Value of goods cannot be 0
Value or Qty,Value or Qty
Variable Name,Variable Name
Variables,Variables
Variance,Variance
Variance ({}),Variance ({})
Variant,Variant
Variant Attribute Error,Variant Attribute Error
Variant Attributes,Variant Attributes
Variant BOM,Variant BOM
Variant Based On,Variant Based On
Variant Based On cannot be changed,Variant Based On cannot be changed
Variant Details Report,Variant Details Report
Variant Field,Variant Field
Variant Item,Variant Item
Variant Items,Variant Items
Variant creation has been queued.,Variant creation has been queued.
Variants,Variants
Vehicle,Vehicle
Vehicle Date,Vehicle Date
Vehicle No,Vehicle No
Vehicle Number,Vehicle Number
Vehicle Value,Vehicle Value
Vendor Name,Vendor Name
Verification failed please check the link,Verification failed please check the link
Verified By,Verified By
Verify Email,Verify Email
Via Customer Portal,Via Customer Portal
Via Landed Cost Voucher,Via Landed Cost Voucher
Video,Video
Video Settings,Video Settings
View BOM Update Log,View BOM Update Log
View Chart of Accounts,View Chart of Accounts
View Cost Center Tree,View Cost Center Tree
View Exchange Gain/Loss Journals,View Exchange Gain/Loss Journals
View General Ledger,View General Ledger
View Leads,View Leads
View Ledger,View Ledger
View Ledgers,View Ledgers
View Now,View Now
View Type,View Type
View Warehouses,View Warehouses
View attachments,View attachments
View call log,View call log
Vimeo,Vimeo
Visit the forums,Visit the forums
Visited,Visited
Visits,Visits
Voice,Voice
Voice Call Settings,Voice Call Settings
Voucher,Voucher
Voucher Detail No,Voucher Detail No
Voucher Name,Voucher Name
Voucher No,Voucher No
Voucher No is mandatory,Voucher No is mandatory
Voucher Qty,Voucher Qty
Voucher Subtype,Voucher Subtype
Voucher Type,Voucher Type
Voucher {0} is over-allocated by {1},Voucher {0} is over-allocated by {1}
Voucher-wise Balance,Voucher-wise Balance
Vouchers,Vouchers
"WARNING: Exotel app has been separated from ERPNext, please install the app to continue using Exotel integration.","WARNING: Exotel app has been separated from ERPNext, please install the app to continue using Exotel integration."
WIP Composite Asset,WIP Composite Asset
Wages per hour,Wages per hour
Waiting for payment...,Waiting for payment...
Warehouse Capacity for Item '{0}' must be greater than the existing stock level of {1} {2}.,Warehouse Capacity for Item '{0}' must be greater than the existing stock level of {1} {2}.
Warehouse Contact Info,Warehouse Contact Info
Warehouse Details,Warehouse Details
Warehouse Disabled?,Warehouse Disabled?
Warehouse Settings,Warehouse Settings
Warehouse Wise Stock Balance,Warehouse Wise Stock Balance
Warehouse and Reference,Warehouse and Reference
Warehouse can not be deleted as stock ledger entry exists for this warehouse.,Warehouse can not be deleted as stock ledger entry exists for this warehouse.
Warehouse cannot be changed for Serial No.,Warehouse cannot be changed for Serial No.
Warehouse is mandatory,Warehouse is mandatory
Warehouse not found against the account {0},Warehouse not found against the account {0}
Warehouse not found in the system,Warehouse not found in the system
Warehouse required for stock Item {0},Warehouse required for stock Item {0}
Warehouse wise Item Balance Age and Value,Warehouse wise Item Balance Age and Value
Warehouse wise Stock Value,Warehouse wise Stock Value
Warehouse {0} can not be deleted as quantity exists for Item {1},Warehouse {0} can not be deleted as quantity exists for Item {1}
Warehouse {0} does not belong to Company {1}.,Warehouse {0} does not belong to Company {1}.
Warehouse {0} does not belong to company {1},Warehouse {0} does not belong to company {1}
"Warehouse {0} is not linked to any account, please mention the account in the warehouse record or set default inventory account in company {1}.","Warehouse {0} is not linked to any account, please mention the account in the warehouse record or set default inventory account in company {1}."
Warehouse's Stock Value has already been booked in the following accounts:,Warehouse's Stock Value has already been booked in the following accounts:
Warehouse: {0} does not belong to {1},Warehouse: {0} does not belong to {1}
Warehouses,Warehouses
Warehouses with child nodes cannot be converted to ledger,Warehouses with child nodes cannot be converted to ledger
Warehouses with existing transaction can not be converted to group.,Warehouses with existing transaction can not be converted to group.
Warehouses with existing transaction can not be converted to ledger.,Warehouses with existing transaction can not be converted to ledger.
Warn,Warn
Warn POs,Warn POs
Warn Purchase Orders,Warn Purchase Orders
Warn RFQs,Warn RFQs
Warn for new Purchase Orders,Warn for new Purchase Orders
Warn for new Request for Quotations,Warn for new Request for Quotations
Warning - Row {0}: Billing Hours are more than Actual Hours,Warning - Row {0}: Billing Hours are more than Actual Hours
Warning on Negative Stock,Warning on Negative Stock
Warning!,Warning!
Warning: Another {0} # {1} exists against stock entry {2},Warning: Another {0} # {1} exists against stock entry {2}
Warning: Material Requested Qty is less than Minimum Order Qty,Warning: Material Requested Qty is less than Minimum Order Qty
Warning: Sales Order {0} already exists against Customer's Purchase Order {1},Warning: Sales Order {0} already exists against Customer's Purchase Order {1}
Warranty,Warranty
Warranty / AMC Details,Warranty / AMC Details
Warranty / AMC Status,Warranty / AMC Status
Warranty Claim,Warranty Claim
Warranty Expiry Date,Warranty Expiry Date
Warranty Period (Days),Warranty Period (Days)
Warranty Period (in days),Warranty Period (in days)
We're here to help!,We're here to help!
Website Attribute,Website Attribute
Website Description,Website Description
Website Filter Field,Website Filter Field
Website Image,Website Image
Website Item Group,Website Item Group
Website Specifications,Website Specifications
Week {0} {1},Week {0} {1}
Weekday,Weekday
Weekly Off,Weekly Off
Weekly Time to send,Weekly Time to send
Weight,Weight
Weight (kg),Weight (kg)
Weight Per Unit,Weight Per Unit
Weight UOM,Weight UOM
Weighting Function,Weighting Function
What do you need help with?,What do you need help with?
WhatsApp,WhatsApp
Wheels,Wheels
"When a parent warehouse is chosen, the system conducts stock checks against the associated child warehouses","When a parent warehouse is chosen, the system conducts stock checks against the associated child warehouses"
"When creating an Item, entering a value for this field will automatically create an Item Price at the backend.","When creating an Item, entering a value for this field will automatically create an Item Price at the backend."
"While creating account for Child Company {0}, parent account {1} found as a ledger account.","While creating account for Child Company {0}, parent account {1} found as a ledger account."
"While creating account for Child Company {0}, parent account {1} not found. Please create the parent account in corresponding COA","While creating account for Child Company {0}, parent account {1} not found. Please create the parent account in corresponding COA"
"While making Purchase Invoice from Purchase Order, use Exchange Rate on Invoice's transaction date rather than inheriting it from Purchase Order. Only applies for Purchase Invoice.","While making Purchase Invoice from Purchase Order, use Exchange Rate on Invoice's transaction date rather than inheriting it from Purchase Order. Only applies for Purchase Invoice."
White,White
Widowed,Widowed
Width (cm),Width (cm)
Width of amount in word,Width of amount in word
Will also apply for variants,Will also apply for variants
Will also apply for variants unless overrridden,Will also apply for variants unless overrridden
Wire Transfer,Wire Transfer
With Period Closing Entry For Opening Balances,With Period Closing Entry For Opening Balances
Withdrawal,Withdrawal
Work Done,Work Done
Work In Progress,Đang thực hiện
Work In Progress Warehouse,Work In Progress Warehouse
Work Order / Subcontract PO,Work Order / Subcontract PO
Work Order Analysis,Work Order Analysis
Work Order Consumed Materials,Work Order Consumed Materials
Work Order Operation,Work Order Operation
Work Order Qty,Work Order Qty
Work Order Qty Analysis,Work Order Qty Analysis
Work Order Stock Report,Work Order Stock Report
Work Order Summary,Work Order Summary
Work Order cannot be created for following reason: <br> {0},Work Order cannot be created for following reason: <br> {0}
Work Order cannot be raised against a Item Template,Work Order cannot be raised against a Item Template
Work Order has been {0},Work Order has been {0}
Work Order not created,Work Order not created
Work Order {0}: Job Card not found for the operation {1},Work Order {0}: Job Card not found for the operation {1}
Work Orders,Work Orders
Work Orders Created: {0},Work Orders Created: {0}
Work Orders in Progress,Work Orders in Progress
Work in Progress,Work in Progress
Work-in-Progress Warehouse is required before Submit,Work-in-Progress Warehouse is required before Submit
Workday,Workday
Workday {0} has been repeated.,Workday {0} has been repeated.
Working,Working
Working Hours,Working Hours
Workstation / Machine,Workstation / Machine
Workstation Dashboard,Workstation Dashboard
Workstation Status,Workstation Status
Workstation Working Hour,Workstation Working Hour
Workstation is closed on the following dates as per Holiday List: {0},Workstation is closed on the following dates as per Holiday List: {0}
Workstations,Workstations
Write Off,Write Off
Write Off Account,Write Off Account
Write Off Amount,Write Off Amount
Write Off Amount (Company Currency),Write Off Amount (Company Currency)
Write Off Based On,Write Off Based On
Write Off Cost Center,Write Off Cost Center
Write Off Difference Amount,Write Off Difference Amount
Write Off Entry,Write Off Entry
Write Off Limit,Write Off Limit
Write Off Outstanding Amount,Write Off Outstanding Amount
Writeoff,Writeoff
Written Down Value,Written Down Value
Wrong Company,Wrong Company
Wrong Password,Wrong Password
Wrong Template,Wrong Template
XML Files Processed,XML Files Processed
Year End Date,Year End Date
Year Name,Year Name
Year Start Date,Year Start Date
Year of Passing,Year of Passing
Year start date or end date is overlapping with {0}. To avoid please set company,Year start date or end date is overlapping with {0}. To avoid please set company
You are importing data for the code list:,You are importing data for the code list:
You are not allowed to update as per the conditions set in {} Workflow.,You are not allowed to update as per the conditions set in {} Workflow.
You are not authorized to add or update entries before {0},You are not authorized to add or update entries before {0}
You are not authorized to make/edit Stock Transactions for Item {0} under warehouse {1} before this time.,You are not authorized to make/edit Stock Transactions for Item {0} under warehouse {1} before this time.
You are not authorized to set Frozen value,You are not authorized to set Frozen value
You are picking more than required quantity for the item {0}. Check if there is any other pick list created for the sales order {1}.,You are picking more than required quantity for the item {0}. Check if there is any other pick list created for the sales order {1}.
You can add the original invoice {} manually to proceed.,You can add the original invoice {} manually to proceed.
You can also copy-paste this link in your browser,You can also copy-paste this link in your browser
You can also set default CWIP account in Company {},You can also set default CWIP account in Company {}
You can change the parent account to a Balance Sheet account or select a different account.,You can change the parent account to a Balance Sheet account or select a different account.
You can not enter current voucher in 'Against Journal Entry' column,You can not enter current voucher in 'Against Journal Entry' column
You can only have Plans with the same billing cycle in a Subscription,You can only have Plans with the same billing cycle in a Subscription
You can only redeem max {0} points in this order.,You can only redeem max {0} points in this order.
You can only select one mode of payment as default,You can only select one mode of payment as default
You can redeem upto {0}.,You can redeem upto {0}.
"You can set it as a machine name or operation type. For example, stiching machine 12","You can set it as a machine name or operation type. For example, stiching machine 12"
"You can set the filters to narrow the results, then click on Generate New Report to see the updated report.","You can set the filters to narrow the results, then click on Generate New Report to see the updated report."
You can't make any changes to Job Card since Work Order is closed.,You can't make any changes to Job Card since Work Order is closed.
You can't process the serial number {0} as it has already been used in the SABB {1}. {2} if you want to inward same serial number multiple times then enabled 'Allow existing Serial No to be Manufactured/Received again' in the {3},You can't process the serial number {0} as it has already been used in the SABB {1}. {2} if you want to inward same serial number multiple times then enabled 'Allow existing Serial No to be Manufactured/Received again' in the {3}
You can't redeem Loyalty Points having more value than the Total Amount.,You can't redeem Loyalty Points having more value than the Total Amount.
You cannot change the rate if BOM is mentioned against any Item.,You cannot change the rate if BOM is mentioned against any Item.
You cannot create a {0} within the closed Accounting Period {1},You cannot create a {0} within the closed Accounting Period {1}
You cannot create or cancel any accounting entries with in the closed Accounting Period {0},You cannot create or cancel any accounting entries with in the closed Accounting Period {0}
You cannot create/amend any accounting entries till this date.,You cannot create/amend any accounting entries till this date.
You cannot credit and debit same account at the same time,You cannot credit and debit same account at the same time
You cannot delete Project Type 'External',You cannot delete Project Type 'External'
You cannot edit root node.,You cannot edit root node.
You cannot enable both the settings '{0}' and '{1}'.,You cannot enable both the settings '{0}' and '{1}'.
You cannot redeem more than {0}.,You cannot redeem more than {0}.
You cannot repost item valuation before {},You cannot repost item valuation before {}
You cannot restart a Subscription that is not cancelled.,You cannot restart a Subscription that is not cancelled.
You cannot submit empty order.,You cannot submit empty order.
You cannot submit the order without payment.,You cannot submit the order without payment.
You cannot {0} this document because another Period Closing Entry {1} exists after {2},You cannot {0} this document because another Period Closing Entry {1} exists after {2}
You do not have permissions to {} items in a {}.,You do not have permissions to {} items in a {}.
You don't have enough Loyalty Points to redeem,You don't have enough Loyalty Points to redeem
You don't have enough points to redeem.,You don't have enough points to redeem.
You had {} errors while creating opening invoices. Check {} for more details,You had {} errors while creating opening invoices. Check {} for more details
You have already selected items from {0} {1},You have already selected items from {0} {1}
You have been invited to collaborate on the project: {0},You have been invited to collaborate on the project: {0}
You have entered a duplicate Delivery Note on Row,You have entered a duplicate Delivery Note on Row
You have to enable auto re-order in Stock Settings to maintain re-order levels.,You have to enable auto re-order in Stock Settings to maintain re-order levels.
You must add atleast one item to save it as draft.,You must add atleast one item to save it as draft.
You must select a customer before adding an item.,You must select a customer before adding an item.
You need to cancel POS Closing Entry {} to be able to cancel this document.,You need to cancel POS Closing Entry {} to be able to cancel this document.
You're ready to start your journey with ERPNext,You're ready to start your journey with ERPNext
YouTube,YouTube
YouTube Interactions,YouTube Interactions
Your Name (required),Your Name (required)
Your email address...,Your email address...
Your email has been verified and your appointment has been scheduled,Your email has been verified and your appointment has been scheduled
Your order is out for delivery!,Your order is out for delivery!
Your tickets,Your tickets
Youtube ID,Youtube ID
Youtube Statistics,Youtube Statistics
ZIP Code,ZIP Code
Zero Balance,Zero Balance
Zero Rated,Zero Rated
Zero quantity,Zero quantity
Zip File,Zip File
[Important] [ERPNext] Auto Reorder Errors,[Important] [ERPNext] Auto Reorder Errors
`Allow Negative rates for Items`,`Allow Negative rates for Items`
as Code,as Code
as Description,as Description
as Title,as Title
as a percentage of finished item quantity,as a percentage of finished item quantity
at,at
based_on,based_on
by {},by {}
cannot be greater than 100,cannot be greater than 100
dated {0},dated {0}
description,description
development,development
discount applied,discount applied
doc_type,doc_type
doctype,doctype
"e.g. \""Summer Holiday 2019 Offer 20\","e.g. \""Summer Holiday 2019 Offer 20\"
example: Next Day Shipping,example: Next Day Shipping
exchangerate.host,exchangerate.host
fieldname,fieldname
frankfurter.app,frankfurter.app
hidden,hidden
hours,hours
image,image
is already,is already
lft,lft
material_request_item,material_request_item
must be between 0 and 100,must be between 0 and 100
on,on
or its descendants,or its descendants
out of 5,out of 5
payments app is not installed. Please install it from {0} or {1},payments app is not installed. Please install it from {0} or {1}
payments app is not installed. Please install it from {} or {},payments app is not installed. Please install it from {} or {}
per hour,per hour
performing either one below:,performing either one below:
product bundle item row's name in sales order. Also indicates that picked item is to be used for a product bundle,product bundle item row's name in sales order. Also indicates that picked item is to be used for a product bundle
production,production
quotation_item,quotation_item
ratings,ratings
received from,received from
rgt,rgt
sandbox,sandbox
subscription is already cancelled.,subscription is already cancelled.
target_ref_field,target_ref_field
temporary name,temporary name
title,title
to,to
to unallocate the amount of this Return Invoice before cancelling it.,to unallocate the amount of this Return Invoice before cancelling it.
unique e.g. SAVE20  To be used to get discount,unique e.g. SAVE20  To be used to get discount
up to,up to
variance,variance
via BOM Update Tool,via BOM Update Tool
will be,will be
you must select Capital Work in Progress Account in accounts table,you must select Capital Work in Progress Account in accounts table
{0} '{1}' is disabled,{0} '{1}' is disabled
{0} '{1}' not in Fiscal Year {2},{0} '{1}' not in Fiscal Year {2}
{0} ({1}) cannot be greater than planned quantity ({2}) in Work Order {3},{0} ({1}) cannot be greater than planned quantity ({2}) in Work Order {3}
{0} <b>{1}</b> has submitted Assets. Remove Item <b>{2}</b> from table to continue.,{0} <b>{1}</b> has submitted Assets. Remove Item <b>{2}</b> from table to continue.
{0} Account not found against Customer {1}.,{0} Account not found against Customer {1}.
{0} Account: {1} ({2}) must be in either customer billing currency: {3} or Company default currency: {4},{0} Account: {1} ({2}) must be in either customer billing currency: {3} or Company default currency: {4}
{0} Budget for Account {1} against {2} {3} is {4}. It {5} exceed by {6},{0} Budget for Account {1} against {2} {3} is {4}. It {5} exceed by {6}
{0} Coupon used are {1}. Allowed quantity is exhausted,{0} Coupon used are {1}. Allowed quantity is exhausted
{0} Digest,{0} Digest
{0} Number {1} is already used in {2} {3},{0} Number {1} is already used in {2} {3}
{0} Operations: {1},{0} Operations: {1}
{0} Request for {1},{0} Request for {1}
"{0} Retain Sample is based on batch, please check Has Batch No to retain sample of item","{0} Retain Sample is based on batch, please check Has Batch No to retain sample of item"
{0} Transaction(s) Reconciled,{0} Transaction(s) Reconciled
{0} account is not of type {1},{0} account is not of type {1}
{0} account not found while submitting purchase receipt,{0} account not found while submitting purchase receipt
{0} against Bill {1} dated {2},{0} against Bill {1} dated {2}
{0} against Purchase Order {1},{0} against Purchase Order {1}
{0} against Sales Invoice {1},{0} against Sales Invoice {1}
{0} against Sales Order {1},{0} against Sales Order {1}
{0} already has a Parent Procedure {1}.,{0} already has a Parent Procedure {1}.
{0} and {1} are mandatory,{0} and {1} are mandatory
{0} asset cannot be transferred,{0} asset cannot be transferred
{0} can not be negative,{0} can not be negative
{0} cannot be used as a Main Cost Center because it has been used as child in Cost Center Allocation {1},{0} cannot be used as a Main Cost Center because it has been used as child in Cost Center Allocation {1}
{0} cannot be zero,{0} cannot be zero
{0} created,{0} created
{0} currency must be same as company's default currency. Please select another account.,{0} currency must be same as company's default currency. Please select another account.
"{0} currently has a {1} Supplier Scorecard standing, and Purchase Orders to this supplier should be issued with caution.","{0} currently has a {1} Supplier Scorecard standing, and Purchase Orders to this supplier should be issued with caution."
"{0} currently has a {1} Supplier Scorecard standing, and RFQs to this supplier should be issued with caution.","{0} currently has a {1} Supplier Scorecard standing, and RFQs to this supplier should be issued with caution."
{0} does not belong to Company {1},{0} does not belong to Company {1}
{0} entered twice in Item Tax,{0} entered twice in Item Tax
{0} entered twice {1} in Item Taxes,{0} entered twice {1} in Item Taxes
{0} for {1},{0} for {1}
{0} has Payment Term based allocation enabled. Select a Payment Term for Row #{1} in Payment References section,{0} has Payment Term based allocation enabled. Select a Payment Term for Row #{1} in Payment References section
{0} has been submitted successfully,{0} has been submitted successfully
{0} hours,{0} hours
{0} in row {1},{0} in row {1}
{0} is a mandatory Accounting Dimension. <br>Please set a value for {0} in Accounting Dimensions section.,{0} is a mandatory Accounting Dimension. <br>Please set a value for {0} in Accounting Dimensions section.
{0} is a mandatory field.,{0} is a mandatory field.
{0} is added multiple times on rows: {1},{0} is added multiple times on rows: {1}
{0} is already running for {1},{0} is already running for {1}
{0} is blocked so this transaction cannot proceed,{0} is blocked so this transaction cannot proceed
{0} is mandatory for Item {1},{0} is mandatory for Item {1}
{0} is mandatory for account {1},{0} is mandatory for account {1}
{0} is mandatory. Maybe Currency Exchange record is not created for {1} to {2},{0} is mandatory. Maybe Currency Exchange record is not created for {1} to {2}
{0} is mandatory. Maybe Currency Exchange record is not created for {1} to {2}.,{0} is mandatory. Maybe Currency Exchange record is not created for {1} to {2}.
{0} is not a company bank account,{0} is not a company bank account
{0} is not a group node. Please select a group node as parent cost center,{0} is not a group node. Please select a group node as parent cost center
{0} is not a stock Item,{0} is not a stock Item
{0} is not a valid Value for Attribute {1} of Item {2}.,{0} is not a valid Value for Attribute {1} of Item {2}.
{0} is not added in the table,{0} is not added in the table
{0} is not enabled in {1},{0} is not enabled in {1}
{0} is not running. Cannot trigger events for this Document,{0} is not running. Cannot trigger events for this Document
{0} is not the default supplier for any items.,{0} is not the default supplier for any items.
{0} is on hold till {1},{0} is on hold till {1}
{0} items in progress,{0} items in progress
{0} items lost during process.,{0} items lost during process.
{0} must be negative in return document,{0} must be negative in return document
{0} not allowed to transact with {1}. Please change the Company.,{0} not allowed to transact with {1}. Please change the Company.
{0} not found for item {1},{0} not found for item {1}
{0} parameter is invalid,{0} parameter is invalid
{0} payment entries can not be filtered by {1},{0} payment entries can not be filtered by {1}
{0} qty of Item {1} is being received into Warehouse {2} with capacity {3}.,{0} qty of Item {1} is being received into Warehouse {2} with capacity {3}.
"{0} units are reserved for Item {1} in Warehouse {2}, please un-reserve the same to {3} the Stock Reconciliation.","{0} units are reserved for Item {1} in Warehouse {2}, please un-reserve the same to {3} the Stock Reconciliation."
{0} units of Item {1} is not available in any of the warehouses.,{0} units of Item {1} is not available in any of the warehouses.
{0} units of Item {1} is picked in another Pick List.,{0} units of Item {1} is picked in another Pick List.
{0} units of {1} are required in {2} with the inventory dimension: {3} ({4}) on {5} {6} for {7} to complete the transaction.,{0} units of {1} are required in {2} with the inventory dimension: {3} ({4}) on {5} {6} for {7} to complete the transaction.
{0} units of {1} needed in {2} on {3} {4} for {5} to complete this transaction.,{0} units of {1} needed in {2} on {3} {4} for {5} to complete this transaction.
{0} units of {1} needed in {2} on {3} {4} to complete this transaction.,{0} units of {1} needed in {2} on {3} {4} to complete this transaction.
{0} units of {1} needed in {2} to complete this transaction.,Phát hiện trong kho {2} đang thiếu {0} đơn vị mặt hàng {1}
{0} valid serial nos for Item {1},{0} valid serial nos for Item {1}
{0} variants created., Đã tạo {0} mẫu mã mới
{0} will be given as discount.,{0} will be given as discount.
{0} {1},{0} {1}
{0} {1} Manually,{0} {1} Manually
{0} {1} Partially Reconciled,{0} {1} Partially Reconciled
"{0} {1} cannot be updated. If you need to make changes, we recommend canceling the existing entry and creating a new one.","{0} {1} cannot be updated. If you need to make changes, we recommend canceling the existing entry and creating a new one."
{0} {1} created,{0} {1} created
{0} {1} does not exist,{0} {1} does not exist
{0} {1} has accounting entries in currency {2} for company {3}. Please select a receivable or payable account with currency {2}.,{0} {1} has accounting entries in currency {2} for company {3}. Please select a receivable or payable account with currency {2}.
{0} {1} has already been fully paid.,{0} {1} has already been fully paid.
{0} {1} has already been partly paid. Please use the 'Get Outstanding Invoice' or the 'Get Outstanding Orders' button to get the latest outstanding amounts.,{0} {1} has already been partly paid. Please use the 'Get Outstanding Invoice' or the 'Get Outstanding Orders' button to get the latest outstanding amounts.
{0} {1} has been modified. Please refresh.,{0} {1} has been modified. Please refresh.
{0} {1} has not been submitted so the action cannot be completed,{0} {1} has not been submitted so the action cannot be completed
{0} {1} is allocated twice in this Bank Transaction,{0} {1} is allocated twice in this Bank Transaction
{0} {1} is already linked to Common Code {2}.,{0} {1} is already linked to Common Code {2}.
"{0} {1} is associated with {2}, but Party Account is {3}","{0} {1} is associated with {2}, but Party Account is {3}"
{0} {1} is cancelled or closed,{0} {1} is cancelled or closed
{0} {1} is cancelled or stopped,{0} {1} is cancelled or stopped
{0} {1} is cancelled so the action cannot be completed,{0} {1} is cancelled so the action cannot be completed
{0} {1} is closed,{0} {1} is closed
{0} {1} is disabled,{0} {1} is disabled
{0} {1} is frozen,{0} {1} is frozen
{0} {1} is fully billed,{0} {1} is fully billed
{0} {1} is not active,{0} {1} is not active
{0} {1} is not associated with {2} {3},{0} {1} is not associated with {2} {3}
{0} {1} is not in any active Fiscal Year,{0} {1} is not in any active Fiscal Year
{0} {1} is not submitted,{0} {1} is not submitted
{0} {1} is on hold,{0} {1} is on hold
{0} {1} is {2},{0} {1} is {2}
{0} {1} must be submitted,{0} {1} must be submitted
{0} {1} not allowed to be reposted. Modify {2} to enable reposting.,{0} {1} not allowed to be reposted. Modify {2} to enable reposting.
{0} {1} status is {2},{0} {1} status is {2}
{0} {1} via CSV File,{0} {1} via CSV File
{0} {1}: 'Profit and Loss' type account {2} not allowed in Opening Entry,{0} {1}: 'Profit and Loss' type account {2} not allowed in Opening Entry
{0} {1}: Account {2} does not belong to Company {3},{0} {1}: Account {2} does not belong to Company {3}
{0} {1}: Account {2} is a Group Account and group accounts cannot be used in transactions,{0} {1}: Account {2} is a Group Account and group accounts cannot be used in transactions
{0} {1}: Account {2} is inactive,{0} {1}: Account {2} is inactive
{0} {1}: Accounting Entry for {2} can only be made in currency: {3},{0} {1}: Accounting Entry for {2} can only be made in currency: {3}
{0} {1}: Cost Center is mandatory for Item {2},{0} {1}: Cost Center is mandatory for Item {2}
{0} {1}: Cost Center is required for 'Profit and Loss' account {2}.,{0} {1}: Cost Center is required for 'Profit and Loss' account {2}.
{0} {1}: Cost Center {2} does not belong to Company {3},{0} {1}: Cost Center {2} does not belong to Company {3}
{0} {1}: Cost Center {2} is a group cost center and group cost centers cannot be used in transactions,{0} {1}: Cost Center {2} is a group cost center and group cost centers cannot be used in transactions
{0} {1}: Customer is required against Receivable account {2},{0} {1}: Customer is required against Receivable account {2}
{0} {1}: Either debit or credit amount is required for {2},{0} {1}: Either debit or credit amount is required for {2}
{0} {1}: Supplier is required against Payable account {2},{0} {1}: Supplier is required against Payable account {2}
{0}%,{0}%
{0}% Billed,{0}% Billed
{0}% Delivered,{0}% Delivered
{0}% of total invoice value will be given as discount.,{0}% of total invoice value will be given as discount.
{0}'s {1} cannot be after {2}'s Expected End Date.,{0}'s {1} cannot be after {2}'s Expected End Date.
"{0}, complete the operation {1} before the operation {2}.","{0}, complete the operation {1} before the operation {2}."
{0}: {1} does not belong to the Company: {2},{0}: {1} does not belong to the Company: {2}
{0}: {1} does not exists,{0}: {1} does not exists
{0}: {1} must be less than {2},{0}: {1} must be less than {2}
{item_name}'s Sample Size ({sample_size}) cannot be greater than the Accepted Quantity ({accepted_quantity}),{item_name}'s Sample Size ({sample_size}) cannot be greater than the Accepted Quantity ({accepted_quantity})
{},{}
{}  Available,{}  Available
{}  To Deliver,{}  To Deliver
{}  To Receive,{}  To Receive
{} Assets created for {},{} Assets created for {}
{} Assigned,{} Assigned
{} Available,{} Available
{} Open,{} Open
{} Pending,{} Pending
{} To Bill,{} To Bill
{} can't be cancelled since the Loyalty Points earned has been redeemed. First cancel the {} No {},{} can't be cancelled since the Loyalty Points earned has been redeemed. First cancel the {} No {}
{} has submitted assets linked to it. You need to cancel the assets to create purchase return.,{} has submitted assets linked to it. You need to cancel the assets to create purchase return.
{} is a child company.,{} is a child company.
{} {} is already linked with another {},{} {} is already linked with another {}
{} {} is already linked with {} {},{} {} is already linked with {} {}
{} {} is not affecting bank account {},{} {} is not affecting bank account {}